File Name,Content,Full Path,Keywords,Summary
Advanced Warehouse - Putaway items unconfirmed.docx,,Q:\Procedures\Advanced Warehouse - Putaway items unconfirmed.docx,,
Discount Matrix In Pronto.docx,,Q:\Procedures\Discount Matrix In Pronto.docx,,
Guide to see the members of the site in sharepoint.docx,"Guide to see the members of the site in SharePointOpen the Admin page for the Microsoft 365 (you will need to have admin access for this) https://admin.microsoft.com/Adminportal/Home#/homepageOnce logged in you will see the below screen /On the left-hand side menu, you can see Teams & groups and under that you should find active teams & groups as shown below /Scroll down to see the site(folders) available like BDM End user (FirstFlex) or CNR HR (Chain and rigging), etc.Once you click on it you should be able to see Membership as shown below:/Under this you can see who the owner and members are as well, you can add other members as well.Owners are like admins, owners can manage group membership, privacy, and classification, as well as the associated SharePoint site.Members are just as members they can write, and modify articles, members can add and remove files, lists, and libraries too. but cannot do admin-level functions. Members can participate in the group and have access to the associated SharePoint site. ",Q:\Procedures\Guide to see the members of the site in sharepoint.docx,"members, site, admin, associated, add",Explains how to view team or user permissions within the company’s SharePoint environment.
Procedure List.xlsx,,Q:\Procedures\Procedure List.xlsx,,
Procedure Template.docx,0,Q:\Procedures\Procedure Template.docx,nan,A generic document template meant for drafting new procedures in a consistent format.
Stock adjustments to X articles.docx,,Q:\Procedures\Stock adjustments to X articles.docx,,
Thumbs.db,,Q:\Procedures\Thumbs.db,,
~$Procedure List.xlsx,,Q:\Procedures\~$Procedure List.xlsx,,
Path link,,Path,,
269 Accounts Procedures Manual Index.docx,"500500 Chart of Accounts ProntoPronto General Ledger Code ListExcel501501 Receipting Customer PaymentsAR Enter Receipts in ProntoWord502502 GST ReturnGST Return ProcedureWord503503 Pronto Month End ChecklistPronto Month End ChecklistWord504504 Enter Invoices in APAP Enter Invoices in ProntoWord504 (A)504 (A) Payments to SuppliersAP Payments to Suppliers in ProntoWord505505 Quarter End procedureQuarterly Reporting Procedure & checklistWord506506 Bank ReconciliationEntering Bank ReconciliationsWord507507 Corys Invoicing ProceduresCorys web portal Invoicing Word509509 Enter new supplierEntering new Suppliers in ProntoWord510510 New Supplier RequestForm for New SupplierExcel511511 Change of Supplier DetailsForm for changes to existing suppliersExcel512512 Sundry PaymentsNotes for sundry paymentsWord514514 MYOB EXO Payroll ProcedurePayroll ProcedureWord515515 Credits & GRA proceduresCredits & GRA processesWord516516 AP International PaymentsAP International PaymentsWord517517 Company Travel ProcedureCompany Travel ProcedureWord518518 Foreign Exchange PolicyForeign Exchange PolicyWord520520 Cash Sale Orders ProcedureSteps for admin to finalise Cash Sale orderWord526526 Discounts Schedule (JOEY)Discounts and Prompt Payment ScheduleExcel527527 Discount Offer Letter templateDiscount Prompt Payment Offer LetterWord528528 PAYE ProceduresPAYE ProceduresWord530530 KPIs Report ChecklistKPIs Report ChecklistWord531531 Advance Head Office WorksheetAdvance Prompt Payment WorksheetExcel532532 Active Electrical WorksheetActive Electrical Prompt Payment WorksheetExcel539539 J A Russell WorksheetJ A Russell Prompt Payment WorksheetExcel540540 Pro Active WorksheetPro Active Prompt Payment WorksheetExcel541541 Corys WorksheetCorys Prmpt Payment WorksheetExcel542542 Ideal WorksheetIdeal Prompt Pay Disc/Rebate WorksheetExcel543543 R Redpaths WorksheetR Redpaths Prompt Payment WorksheetExcel544544 Scott Avondale WorksheetScott Avondale Prompt Payment WorksheetExcel545545 Scott BOP WorksheetScott BOP Prompt Payment WorksheetExcel546546 Scott East Tamaki WorksheetScott East Tamaki Prompt Payment WorksheetExcel547547 Scott North Shore WorksheetScott North Shore Prompt Payment WorksheetExcel548548 Scott Penrose WorksheetScott Penrose Prompt Payment WorksheetExcel549549 Scott Rodney WorksheetScott Rodney Prompt Payment WorksheetExcel550550 Telfer Christchurch WorksheetTelfers Christchurch Prompt Payment WorksheetExcel551551 Telfer Dunedin WorksheetTelfers Dunedin/Otago Prompt Payment W/sheetExcel552552 Telfers Hornby WorksheetTelfers Hornby Prompt Payment WorksheetExcel553553 Telfer Nelson WorksheetTelfers Nelson Prompt Payment WorksheetExcel554554 Telfer Papanui WorksheetTelfers Papanui Prompt Payment WorksheetExcel555555 Telfer Southland WorksheetTelfers Southland Prompt Payment WorksheetExcel556556 Telfer Timaru WorksheetTelfers Timaru Prompt Payment WorksheetExcel557-584557  584 Various WorksheetsVarious customer worksheetsExcel585585 ANZ Direct Online ManualANZ Direct Online ManualWord(For up to date instructions, best to refer to the Online help function in www.anzdirect.co.nz)Due to the frequency of changes to the website, refer to the help menu.OtherPronto So Easy GuidesBank Rec, AP, AR, Sales Orders, Report WriterAnd other electronic So Easy Guides",Q:\Procedures\Accounts\269 Accounts Procedures Manual Index.docx,"payment, prompt, worksheettelfers, telfer, scott",Index of all procedures covered in the Accounts Procedures Manual.
342 Finance Month End Checklist.docx,"MONTH END CLOSE OFF  AR/INVENTORY/AP/FinancialsMonth:__Year:_Total Sales: $__Turn off inventory processing:General Ledger \ Period End Processing \ Maintain ledger locks. Click Posting Locked for all ledgers, OKAccounts Receivable (Customers)Check all rebates have been processed (should have been done earlier by Dee)Enter all receipts in AR (up to last day of month as part of bank rec process)Check all credits are entered (day prior  i.e. credits for previous month cant be done)Ensure all invoices have been processed (for last day of month)Complete the statement run: AR \ AR Forms \ Statements. Enter through all the fields. Action = I, OK, OK, OKCheck & if all ok, email statements via spool file (F5 + other + sendemail. Dont remove report)Accounts Receivable ReportsDebtors Aged Trial Balance: Reporting Portal \ Accounts Receivable  ATB by Customer. Scroll down & click Finish. Export to PDF (click on play icon \ run PDF)Save report: Q Drive \ FINANCE Financial Reporting & PSS \ FY202X \ relevant period folder \ ATB Debtors Month YearCheck the total outstanding on report agrees to G/L account 19910 $__Inventory and Inventory ReportsCheck with Purchasing that all inventory is entered /received into stock on the last day of the month.Recost/process any AP shipments  Dee will also ensure this is done on the last day.Stock On Hand Report: Reporting Portal \ Inventory  Valuation by Item CodeScroll to the bottom of the page. Click Finish to generate the report.Check the total of the report agrees with the sum of the below GL numbers:A/C 19920 $___A/C 19919 $___A/C 19918 $___A/C 19917 $___Total: $___Total report: $__Save report: Q Drive \ FINANCE Financial Reporting & PSS \ FY202X \ relevant period folder \ Stock Valuation Month YearSitemate Stock Valuation Report:Reporting Portal \ Inventory  Valuation by Item CodeHighlight from 1PRO to 1SWM. Click Finish to generate reportSave report: Q Drive \ Finance \ Financial Reporting & PSS \ FY202X \ relevant period folder \ Sitemate Stock Valuation Month YearTotal report for Sitemate stock: $__LWQuarter End - Yellowfin Stock Obsolescence Report: (LW)Report name = Stock vs. Sales Statistics  items with sort codeSave report: Q Drive \ Finance \ Financial Reporting & PSS \ FY202X \ relevant period folder \ Stock Obsolescence as at Month YearClose off accounts receivable / debtors:General Ledger \ Period End Processing \ Ledger StatusClick “Start” on Accounts Receivable line (far right side)In the next screen under “action” section of page  select IMMEDIATE, then OKIt will run and then return to the status screen which will show a green “completed” button.Exit out. “Period End State” date should now show the current month. Close off/roll INVENTORY to the new monthGeneral Ledger \ Period End Processing \ Ledger StatusClick “Start” on Stock/Inventory line (far right side)In the next screen under “action” section of page  select IMMEDIATE, then OKIt will run and then return to the status screen which will show a green “completed” button.Exit out. “Period End State” date should now show the current month. Email Dee, Marty, Nau, Doug, purchasing and customer services to advise that debtors and stock have been rolled into the new month. Bank and Loan accounts (ensure all Bank recs are completed)Post the Interest Received and RWT paid on the 025 account in Pronto:Use GL Cash Payment for RWT on interest amount (GL a/c 19722) $__Use GL Cash Receipt for the Gross interest amount (GL a/c 13300) $__Check the closing statement amounts match the corresponding GL Codes: ANZ 00  a/c 19905 ANZ 25  a/c 19907 ANZ 02 (o/d)  a/c 19906$__$__$__Loan Interest Journals: (shows in ANZ on 2nd business day of month)#16453 Loan 1010 Interest:__ #19790 Loan 1010 reducing:__#16453 Loan 1012 Interest:__#19798 Loan 1012 P/I Loan:__LWFX MTM valuation:P&L GL #12251, Bal Sheet GL #19926 refer separate sheet / Balance Sheet recsPayroll Month End ProcessJWPAYE: Process the PAYE payment relating to the period 16th of the month until month end date. Payment due 5th of the following month. Key into Pronto under IRD creditor and date the month end dateJWKiwiSaver - General Journal:Process KiwiSaver Journal using the Pay Activity Summary report from MYOB Payroll:#16600 KS Admin:__#15600 KS Dist:__#14600 KS Sales:__#19764 Payroll clearing a/c:__=================================================================================Reconcile payroll clearing account 19764:Should be zero balance AFTER the PAYE payment has been processed in Pronto AND the above KiwiSaver journals have been posted in ProntoJWA/L Accrual - General Journal:MYOB Report / Financial / Holiday#16600 Admin:__#15600 Dist:__#14600 Sales:__#19756 Annual Leave Accrued:__JWEOM Payroll Accrual Journal  Reversing Journal:Calculate no. of payroll days to EOM date#16600 Admin:__#15600 Dist:__#14600 Sales:__#19755 Accruals:__Review Assets in Progress #19960 and capitalise any assets to Xero Fixed Asset Register. Run the current month depreciation in Xero. Balance up with GL Asset account balances with contra going to Depreciation expense (Refer Balance sheet rec sheetsRebates  export sales from Yellowfin, complete Rebates schedule, etcGenerate payroll reports for Firstflex & C&R (KiwiSaver & annual leave)Monthly Prepayments journal (refer Balance sheet rec sheets for amounts) - JWBalance sheet recs  enter amounts on the Balance Sheet ex Pronto tab - JWCheck with Alison that all VISA expenses for the month have been enteredVerify or clear the balance of suspense a/c #19995 - JWReview GL ac #19762 and allocate freight to stock adjustment a/c #12214Post monthly Directors fees, FBT and other accruals (refer Balance sheet rec sheets)AP  Month End Roll (approx. 7 working days)Ensure all supplier invoices/credits have been entered - check with Dee.Aged Trial Balance from Jasper:Accounts Payable ATB  Select System Currency (untick include zero balances)Check ATB total agrees with GL A/C 19750AP Period End RollRun Suppliers End of Month:GL / Period End Process / Ledger StatusClick “Start” far right button on Accounts Payable lineIn the next screen under “action” section of page  select IMMEDIATE, then OKIt will run and then return to the status screen which will show a green “completed” button. Exit out.Advise Dee that its ok to enter new month invoicesRun financial reports, review, once happy final journals of:If quarter end - accrue profit share amount relevant to the quarter Monthly / QTR End - Tax Journal #17680 Tax Charge_#19721 Provision for Current year tax__",Q:\Procedures\Accounts\342 Finance Month End Checklist.docx,"month, end, report, period, stock",Checklist of finance-related actions to complete at month-end close.
394 Month End Notes and Journals.docx,"Month End NotesTotal Sales figureGeneral Ledger \ Financial Reporting \ Run Financial Report \ PLBAEnter down to PeriodType in the correct period e.g. April = 1Change the year to the current year (if incorrect)Note down the Gross Sales Actual amount (under Current column)PAYE JournalFast Supplier Invoice EntryTransaction Date = IRD Period End Date e.g. 30 Nov 2023Account = IRDType = IAmount = as per IRD paymentInvoice # = e.g. PAYE 16-30 Nov 2023Post to payroll clearing (19764)Manual Cash PaymentDate = Period End Date1644Account = Current AccountAccount = IRDCheque Reference = Date ReferenceBank & Loan Accounts  Withholding tax paidNote down the withholding tax paid on the bank statement  025 accountIn Pronto  General Ledger Cash PaymentSelect the 025 bank accountRef/Chq = date on bank statementDetails = Withholding Tax Paid on InterestAmount = as per bank statementPTab through, then PostBank & Loan Accounts  Gross Credit InterestNote down the amount received on the bank statement  025 accountIn Pronto  General Ledger Cash ReceiptSelect the 025 bank accountRef/Chq = date on bank statementDetails = Gross Interest ReceivedAmount = as per bank statementAccount code = 13300Tab through, then PostKiwiSaver JournalGeneral Ledger JournalTransaction Date = month end dateReference = month EOM e.g. November EOMDetails = Month KS EmployerEnter amounts for all 4 GL CodesCheck the Payroll Clearing account (19764)  it should balance.If it doesnt balance, proportion the variance against the dept GLs (16600, 15600, 14600)  do a GL Journal to get it to balanceUse Pay Activity Summary report  Employer Super columnA/L Accrual - General Ledger JournalRun the Entitlement Movements report and check for any system adjustmentsRun the Leave Balances & Liabilities report from MYOB & export to Excel. Date = at end of relevant monthRemove all non-annual leave types and delete any 0.00 lines Add up the A/L totalsFinance \ Financial Reporting & PSS \_FY2024 Financials \ previous periods folder \ AL Month 2024 FF e.g. if doing December OEM, open the November folder \ AL Nov 2023 FFSave a copy in the current EOM months folder  change the file name month e.g. AL Dec 2023 FF in the December folderCopy and paste special This Month figure into Last Month figure for each departmentEnter the individual amounts for each employee as per the Leave Balance & Liabilities Report into the above S/S (can export leave liabilities report by dept, then data sort).Check the amounts match the Leave Liabilities Report S/S  if theres a variance, investigateWrite down the movement figure for each department.Process a general ledger journal for each GL code.Details = Annual leave Provision AdjustmentEnd of Month Payroll Accrual Journal  Reversing JournalGo into each GL account (16600, 15600, 14600)Choose correct month e.g. if doing Dec EOM, go into DecemberDivide the last pay amount by 5, then multiply by the number of working days remaining up to month end date  that amount needs to be accrued (write amount next to relevant GL code)General Ledger JournalTransaction Date = last day of monthReference = month EOM e.g. November EOMDetails = Accrue no. days to 30 NovPost & reverse next periodLoan Interest JournalsGeneral Ledger JournalTransaction Date = last day of month priorReference = Month EOM e.g. Nov EOMDetails = Loan XXXX Month InterestThese journals can all be done in the same screen  remember to change loan no.Ignore the loan paymentsEnter positive amts in 16453Get the figures from the loan statementsOther useful InformationLoan Payment  GL Cash Payment, GL code = 19790Gross Interest received  GL Cash Receipt, GL code = 13300Withholding Tax Paid  GL Cash Payment, GL code 19722One Off Payments  GL Cash Payment PAYETotal Sales - General Ledger \ Financial Reporting \ Run Financial Report \ PLBA. Note down Gross Sales Actual figureDebit Journals (GL Journal)  enter debit amount as a positive amount in ProntoPayroll ReportsAL Reports  Leave Balances & Liabilities ReportKiwiSaver Reports  Pay Activity Summary ( Only Tick Include completed pay run & Group by Department, Branch field = Company)Balance Sheet RecsGeneral Ledger \ Financial Reporting \ Run Financial Report \ Balance SheetEnter through the fields  ensure the period is correctEnter these amounts onto the Balance Sheet ex Pronto tabActual vs Budget ReportGeneral Ledger \ Financial Reporting \ Run Financial Report \ PLBLEnter through the fields  ensure the period is correctCheck the actual is in line with the budgeted amount  investigate any large discrepanciesPrepaymentsInsert line underneath  enter date, amount etc. as aboveColumn F  reduce figure by 1 month e.g. 6 months prepaid will change to 5 months prepaid. This will change the calculation in column I  check they are the same as column CStaff deductions  enter month & total amount paidGL Journals:Date = last day of monthRef = Month EOMDetails = xxx monthly allocationCan do the journals in one screen, do the offsets on separate linesRWT Paid TabColumn D  enter amounts from GL 19722Column C  Firstflex current a/c = Gross Credit Interest (last day of month on s/ment). Eltrade on call a/c = gross Credit Interest (last day of month on 025 a/c)Payroll ReimbursementsGL JournalCode expense to correct GL code, offset against 1976419764: Reference = payroll, Details = Payroll reimbursementsOther side = reason for reimbursementMileage  no GSTOther  apply GST as per normal invoice / credit card receipt entryQuarter End Tasks_BS Recs Month Year Spreadsheet:RWT Tab  enter the withholding tax paid & interest from Pronto into spreadsheet (GL 19722)REBATESYellowfinLogin:LynleySunshineCaths favouritesSales by Customer Group Report  CathClick on +Invoice dates = 1st and last day of monthExportTo XLSXExportColumns to delete = E, G, H. Keep Sales RevenueStock Obsolescence Report  as per month end checklist. Export to Excel, save as stock obsolescence reportRebates SpreadsheetFY2025 Financials \ REBATES ScheduleSales MONTH tabColumn B = enter amounts from Yellowfin reportMONTH YEAR tab…Scroll to line 191  enter Yellowfin totalIf variance, check figures entered.Active, Corys etc. tabs, copy & special paste their spend into relevant monthPAYE  Chain & RiggingIRD website  as per usualSet up bank payment (for 20th)Email Mel with the date and amountCashflow  NeoplusUpdate when doing Neoplus bank recCorys Monthly SalesAs per email from Lynley  dated 6/12",Q:\Procedures\Accounts\394 Month End Notes and Journals.docx,"month, date, report, ledger, bank",Notes and journal entries typically used during month-end close.
458 Visas.docx,"VISASGeneral Ledger \ GL Transactions \ Cash Book \ GL Cash PaymentTransaction Date = Todays date (revert to last date of last month if entering last month receipt in this month)EnterEnterBank Account Selection Screen = ANZ Visas. SelectYou will now be in the General Ledger Cash Payment Screen/Entry (E)Ref/Chq = Initials + Date e.g. LD030116, TabDetails = Company and what its for, TabTRAVEL RECEIPTS - Under the details field enter the Company + Staff Member Initials + Date of Travele.g. Air NZ  BB Chch 15 FebLocal Amount = Amount inclusive of GST, TabYou will now be in the Balance to Allocate screen /Account Code = GL Code (click on magnifying glass to find code), Tab to Tax fieldTax - Type in correct letter as per bottom left of screen (I, N, E, O)Check amount is correctTab across to Tax CodeEnter correct codeEnter until pop up box appears/If correct, Save Transaction (if not, Edit Transaction and amend accordingly)Stamp receipt “Entered”Enter next receiptReceipts get filed in staff members folder once enteredChecking and ReconcilingPrint off the Visa statements from the BankComplete the Monthly Visa Summary Q drive  Finance  AdminCheck off the receipts in the folders against their statements, update any missing CC Surcharges as beforeFollow up for any missing receiptsVisa ReconciliationGeneral LedgerBank ReceiptStatement reconciliationVisaSelectDate  as per the printed off statements Closing balance  As per the Monthly Visa Summary  ALWAYS a negative amount/Pop Up  Individual transactions                         /OKClick on Document Number tab  Sort, Asc, OK, OKSelect “S” all transactions on bank statement  ticking off on statement as you goSelect previous month paidWhen all checkedPresent, ProceedBalance remaining should be Zero  if not check again on bank statement what is missing & enter/amend all error When correcting using General Ledger Cash Receipts  only 1 transaction can be processed at a time.When balance is Zero:Reconcile Bank (tab at bottom)Print Reconciliation, print, OKEscOKPost, Yes, OK",Q:\Procedures\Accounts\458 Visas.docx,"date, screen, cash, month, statements",Guidelines for managing work or travel visa requests and tracking.
500 Pronto Chart of Accounts.xlsx,,Q:\Procedures\Accounts\500 Pronto Chart of Accounts.xlsx,,
501 AR Receipting Payments from Customers.docx,"Pronto automatically links credit notes with the original invoice. It deducts the credit amount from the invoice value and gives you a balance owing amount of the difference between the two. If a customer is paying the invoice in full but not taking the credit, you will need to follow the override process.Always do the override process after you have allocated all other invoices being paid in full. While allocating payments, note down the invoice number and amount to be allocated of all invoices which need to be overridden.Accounts Receivable ( AR Transactions (Cash Receipts/Cash Allocation ( Cash ReceiptsHighlight the ANZ Current AccountSelect (S)Type in the Customer Account Code. Click on the magnifying glass to search if you dont know it.EnterThe Transaction Entry box will pop up. Type in the payment date in the Transaction Date field.EnterThe Transaction Date Selection  Messages box will pop up. Click on OK or press OType the payment amount in the Full Amount fieldEnterPayment Type field = R (Bank Payment)EnterReceipt no. = payment date e.g. 190516For Cash Sale account payments use the invoice number as the referenceFor Corys Electrical payments use their Payment Ref as per their remittanceEnterCash Receipt Allocation = POnly enter U if the payment is to be allocated at a later date/EnterYou will now be in the Mark & Pay screenHighlight the first invoice to allocateMark Item (M)Arrow down to the next invoice to allocateMark Item (M)Continue steps 18 & 19 until the payment has been allocated against all invoices being paid. Check the last invoice to allocate matches the Cash Remaining figure. If they dont match and there are no invoices to override you will need to check why there is a discrepancy.If a customer is part paying an invoice, or is paying the invoice but not taking the credit, use the Override Process.If the invoice or invoices have been correctly overridden the Post, Cancel or Edit box will pop up.Post (P)Enter/Override ProcessUse this process ifA customer is paying the invoice in full but not taking up the credit orA customer is part paying the invoiceBefore starting the process check all the amounts to be overridden equal the Cash Remaining amount/Override (V)Type in the invoice # in the reference fieldEnterType in the amount the customer is paying in the Received fieldEnterA warning box will pop upEnterEnterEnterContinue this process until all invoices to be overridden have been entered.If the invoice or invoices have been correctly overridden the Post, Cancel or Edit box will pop up.Post (P)Enter/",Q:\Procedures\Accounts\501 AR Receipting Payments from Customers.docx,"invoice, payment, invoices, paying, customer",Procedure for receipting payments made by customers against open AR.
502 GST Return.docx,"Open the previous GST period spreadsheet file Q: \ Finance \ Financial Reporting and PSS \ GST (e.g. Jan 2024.xls). Save as the current period (e.g. Feb 2024.xls)Change the date on the spreadsheet to the current periodIn Pronto: General Ledger \ Period End Processing \ Maintain ledger locks. Lock the AP ledgerGeneral Ledger \ Enquire on GL Account.Find.Account Code = 19770 (GST account).Enter the Running Balance figure from relevant month in Pronto into the spreadsheet (I36 or thereabouts).Go to: General Ledger \ Tax Reconciliation and Reports \ Consumer Tax \ Tax Reconciliation \ Tax AnalysisLeave on “unassigned transactions”Tab to End Date; Enter the last day of the GST period (e.g. 31/12)Tab or Enter. The Unassigned Transaction Summary screen will appearEnter the Tax Amount & Base Amount figures from Pronto into the relevant fields on the spreadsheet.Check the difference is NIL (cell J37 or thereabouts).In Pronto: Highlight the Customs GST lineClick on Row Detail. The Summary Row Breakdown screen will pop up (detail/breakdown for customs GST).Export to excel, remove unnecessary columns, copy and paste it on the Customs tab of the spreadsheet (paste over existing data).In Pronto, push Escape to go back to the Unassigned Transaction Summary screenClick on Full DetailExport to Excel, copy all data and paste it in the Full Detail tab (paste over existing data)Click on start cycle and assign  bottom of screenDescription Month Year GST e.g. Dec 2023 GST Enter. A pop up box will appear stating Tax cycle has been createdEnterClick on complete cycleEnterTax cycle has been confirmed.  OK and Esc to exit.General Ledger \ Period End Processing \ Maintain ledger locks. Unlock the AP ledgerIRD WebsiteGST \ Returns & TransactionsClick on the relevant month e.g. if its December, you will file the November paymentClick on File ReturnOption = Total Sales & PurchasesNextTotal Sales & Income = as per the total sales and income on the spreadsheetZero Rated Supplies = as per the Exempt Sales figure in the spreadsheet (usually this is empty), (usually no debit adjust)NextTotal Purchases & Expenses = as per the Total purchases and expenses on the spreadsheetCredit adjustments = Yes (Customs GST)Other adjustments = Customs GST as per spreadsheetNext (delete provisional tax)If there is a variance, you will need to adjust the sales figure (to gross up, multiply the variance by 23 then divide by 3. Add or subtract this from the sales figure)NextDouble check figures, especially the GST to payTick the declaration boxNextNextPayment due = NoNextSubmitClick on Printable CopyPrintCloseANZ BankBatches / Create New / Tax PaymentEnter GST No.Tax Type Code = GSTSelect relevant month & year endAccount = 00Amount = as per GST Summary printoutDue Date = date payment is dueCheck details are correctFreezePrintStaple all paperwork togetherPronto JournalsFast Supplier Invoice EntryTransaction Date = last day of month relating to GST period (e.g. 31/12/2023)Account = IRDType = IAmount = as per IRD paymentInvoice # = GST + period (e.g. GST Dec 2023)Tab until the Invoice Details screenGL account = 19770Tab through the fieldsSaveEscapePostComplete Posting = YEnterEnterManual Cash PaymentDate = Payment DateAccount = Current Account (00)Account = IRDCheque Reference = Date ReferenceCash Payment Allocation = PMark ItemPostEnterCheque Number = dateEnterEnterConfirm//",Q:\Procedures\Accounts\502 GST Return.docx,"gst, tax, period, account, sales",How to prepare and lodge GST returns using financial systems.
504 AP Enter Supplier invoices.docx,"Supplier Invoice EntryAccounts Payable ( Supplier Transactions ( Fast Supplier Invoice EntryTransaction Date = Todays Date. A pop up box will appear.  Always click OK or press EnterYou will now be in the Fast Supplier Invoice Entry screen./Type in account code (click magnifying glass or F2 to bring up all suppliers).Tab/EnterType: I  Invoice, P  Purchase Order Invoice, C  Credit Note Entry. Use P if it is a Pronto generated purchase order, use I for all other invoices.TYPE IType = ITab/EnterAmount = Total including GST. Tab/EnterInvoice # (maximum of 10 characters). Tab/EnterDetails = Customer Name (this usually doesnt get changed). Tab/EnterInvoice = Invoice Date. Tab/EnterDue By = Invoice Due Date. The curser will only stop on this field if there is no pre-selected payment due termsDisc/WHT  Always Enter past this.You will now be in the Invoice Details Screen/Enter GL Code if not already pre-selected (F2 to bring up list). Tab/EnterDescription  only type over default text if you need it for future reference e.g. marketing descriptions, Velocity invoices, travel invoicesTab/EnterTax  = I for Inclusive Amount, E for Exclusive Amount, O to enter different inclusive & exclusive amounts (freight invoices only)Tab/EnterInc Tax Amount = Amount Including GST (will default to this if you enter I in the Tax field)Amount = Amount excluding GST (will default to this if you enter E in the Tax field)Tab/EnterTax Code = G for GST, E for Exempt, C for Customs GSTTab/EnterTax Amount  check GST is correct, make changes if necessaryTab/EnterSaveTYPE PType = PInvoice Details = Invoice #Tab/EnterInvoice Date  as per invoiceTab/EnterPurchase Order = Pronto PO Number as per attached paperworkTab/Enter until you get to the Curr. Amt Ex Tax fieldCurr.Amt Ex Tax = GST Exclusive Amount (the invoice should match our purchase order)Tab/EnterThe Invoice Tax Details screen will pop upCheck the Invoice Total (Inc-Tax): field in Pronto matches the suppliers invoice totalOK (O)Enter. You will be taken back to the Fast Supplier Invoice Entry screenEnter. A new line will appear so you can enter the next invoiceIf the GST figures differCorrect (C)Type in the correct gst amount as per the suppliers invoiceEnterCheck the Invoice Total (Inc-Tax): field in Pronto matches the suppliers invoice totalOK (O)Enter. You will be taken back to the Fast Supplier Invoice Entry screenEnter. A new line will appear so you can enter the next invoice",Q:\Procedures\Accounts\504 AP Enter Supplier invoices.docx,"invoice, tab, enter, supplier, gst",How to enter supplier invoices into the AP module of Pronto.
504(A) Payments to Suppliers.docx,"Creating a payment batch in ProntoAccounts Payable ( Cheque Maintenance/Print ( Selective Invoice PaymentYou will be in the Selective Invoice Payment screenCheque/Draft/EFT = EEnter until the All Suppliers Selected box pops upYesEnterEnterPay by Date = Invoice Due Date. This date can be in the future e.g. if todays date is 19/07/16 and you type in 31/07/16, Pronto will display all invoices to be paid on or before 31/07/16EnterEnterEnterEnterOKYou will now be in the Selective Invoice Payment  EFT Run ScreenMark All (A).  This will put a * next to all transactions on the screen.Click on the Tab at the top “Marked Invoices”.  This will look the same as the last screen but is where a report can be run from.Now select “Report” up in the menu banner  it is next to “Export”.  This will display a report of all invoices to be paid in the payment run.Print the report.Check the physical invoices against the report, making sure the amounts are correct and the supplier totals match the supplier statement totals.Once the checking is done, the report matches the statements and there are no amendments to be made, select “Process Payment” (P).The Bank Account Selection box will pop up. Highlight the account the payment is being made from, usually ANZ Current AccountSelect (S)Remittance only = NEnterThe Transaction Entry screen will pop up. It automatically defaults to todays date. Only change the date if the physical payment date is being made on a different date e.g. you process the payment run on 19/07/16 but the funds wont leave the bank account until 20/07/16. In this case you will change the Transaction Entry Date to 20/07/16 as that is the date the funds are being paid to the suppliersEnterEnter when the pop up box appearsPrint Direct = NEnterCheque/Draft/EFT = EEnterFormat = TFDEnterEnterEnterOKWhen the report screens pop up, close them as the reports dont need to be printed.Click OK when the Audit Reports screen pops upA pop up box “Transfer File to PC” will appear, this shows the name of the batch file that has just been generated.  It will show that the PC Folder name = S:\APCDClick OKTo process payment through bankLog onto ANZ DirectCreate a Bulkload Domestic BatchSelect the file that was saved above from S:\ Drive  it will be the most recent file saved  which you can find by date sorting if need be.Check that the batch total agrees with the Pronto payment report total just to make sure youve got the right file and then process as normal.",Q:\Procedures\Accounts\504(A) Payments to Suppliers.docx,"date, payment, report, pop, file",Covers the process for making standard supplier payments.
505 Quarterly Accounts - reporting.docx,"Timing of Presentation of Financial ReportsThe board have moved that all of the source data should be delivered to Campbell Tyson within 10 working days of the end of the financial period. Campbell Tyson should complete the financial statements and have them transmitted to the board members within 15 days of the end of the financial period and the board meeting should be no earlier than 20 working days after the end of the period.Quarter End period information should be supplied in April (for March), July (for June), October (for September) and January (for December).Documents and Reconciliations to be provided by Firstflex to Campbell Tyson are below.If Dee has processed any month end reports during the quarter, the saved reports will be in Q: AA General Info / Office Admin / Month End ReportsTick1.Copies of Bank Statements showing the balance of each account at the end of the quarter. For chq a/c, savings a/c and loans.2.Firstflex Bank Reconciliation reports that match the balances on the bank statements in #1. For chq a/c and savings a/c  print these out of Pronto as part of the Bank Reconciliation process.3.GST Returns processed during the quarter. A one month GST reconciliation needs to be provided if the GST period doesnt align with the quarter end month. Eg for June quarter, GST for the month of June will need to be reconciled on its own as the prior GST Return was for the April  May period, the next one June  July period. Follow the GST Return procedure  document 502.4.Copies of all invoices supporting asset purchases during the quarter. Davinder/Campbell Tyson will provide the depreciation adjustment to make with the aligning journals once the final accounts have been prepared. No need for us to process a Depreciation amount until then.5.Copies of Donation receipts, provide these once per year for the whole year in April,6.Stock Valuation Report. This was printed as part of the month end process. Provide both the whole valuation report (Firstflex & Sitemate) and the Sitemate valuation report separately.Jasper/Reports/ProntoStd/Stock/Stock Valuation by Group.This will be saved with the month end reports, copy this to memory stick as it is too large to email or print. Also provide the screen print of GL account 19920, 19919, 19918 & 19917 that add up and match the total of this report.Stock Obsolescence Calculation for the Quarter.7.Accounts Receivable ATB. This was also printed as part of month end process.Jasper/Reports/ProntoStd/Receivables/Customer ATB.Print this, or save it with all other reports to memory stick, along with the screen print of GL account 19910 that matches the total of the ATB report.8.A list of staff loans (if any) that reconcile to GL account 19912.9.Accounts Payable ATB. This was also printed as part of month end process.Jasper/Reports/ProntoStd/Payables/Creditor ATB  system currency.Also provide screen print for the matching GL account balance 19750.10.Annual Leave accrual  calculate the leave taken and applied for during the 63 days following the end of the quarter, adjust the leave provision by Department via journal entry and provide the workpaper as part of the supporting documents.11.A Goods in Transit summary to match the balance in GL account 19925.In Pronto, Select GL, GL account enquiry, Find 19925.Click on the month/period for the breakdownExport to ExcelSort lines by reference/shipment number.Delete all the lines where the reference is matched (ie Debit & Credit transaction for the same amount).This should leave only shipments that are in transit (not arrived into the warehouse) and by summing the amounts left, it should agree to the total of GL a/c 19925 for that period.It can be different on occasion if there have been earlier shipments in prior periods from slow suppliers like Peshavaria and Partners in Export. Go back to prior periods to find these if necessary.12.A ledger report listing all GL transactions over all GL accounts for each month of the quarter.This is done via data extract in excel, find the previous quarter reports and change dates to suit current quarter. Q:Cath/Financial & Month End/SLA info/GL ExtractsStart account = 11100End account = 29995Select 1st of the month to end of the month in the date fields.This takes a while to run. Due the size of the report, save it to memory stick (which also takes a while) and then re-run this report for the other months in the quarter, saving each time to memory stick.13.P & L (profit and loss) report for Period End.Pronto/GL/User General Ledger Programs/Financial Reporting/Run Financial ReportSelect PLBAEnter down to Reporting Period. Select the number of the month end ie 3 = June, 6 = September….Enter, Enter, EnterAn xml report shows on screen. Print or save to memory stick.14.Balance Sheet for Period End.Pronto/GL/User General Ledger Programs/Financial Reporting/Run Financial ReportSelect BS, correct reporting period as in step 13. And save or print.15.Trial Balance for Period End. Excel format. Follow steps as in 13 & 14. But Report to select = “tb”16.A List of Sundry Creditors and Accruals.If expenses (such as NZC  freight accounts) have been accrued at month end due to their size and timing of receiving the bill, list these out or provide a screen print of GL account 19755.17.A list/reconciliation of Rebate Provision accounts (GL 19768  19773). Provide the rebates schedule spreadsheet (Q:/Cath/Financial & Month End/Rebates/Rebates schedule 2019  2020) which shows the breakdown of all rebates due to customers at the end of the period matching the GL provision accounts in the balance sheet.18.Deliver hardcopies and memory stick to Campbell Tyson offices  Great South Road, PapakuraThere may be some reports or transaction listings that can be emailed directly, or answers to queries can be emailed.19.Davinder and team will take approx. 1 week to draft out the financial statements.20.Meanwhile, prepare the Actual v Budget comments page for the quarter which gives explanation for Actual v Budget variances greater than $2,00021.Davinder will provide a word version of the budget v actual report in order for the references to be entered by us  matching the comments page, send this back to CT for their record/review.22.For March quarter (year-end) only, we will need to provide the PSS accrual figure  this can be calculated once we know there are no more adjustments to be made  provide the accrual figures to CT so that these can be input into the March YE accounts.23.When the draft accounts are finalised, prepare the KPI reports for the Board Meeting.Q:/Cath/HOD & Board/Quarterly KPIs.Find the previous quarter reports and save to this current quarter and change the figures to suit.24Once the board meeting is finished the directors will give the go ahead to pay drawings (dividends) and PSS payout can be calculated and paid (if any). PSS adjustments  rep targets, sick leave or performance adjustments will be provided by HR.25.Also following the board meeting, Campbell Tyson will email the quarter adjusting journal entries so that Firstflex financials in Pronto agree with the final financial statements as passed by the board. Typical adjusting entries will be depreciation, tax and dividend provisions/payments.26.Process the jnls in Pronto and re-print the P&L, Balance Sheet & Trial balance once they agree with the financials supplied by Campbell Tyson. File in Month End Folder & roll the GL Ledger in Pronto.",Q:\Procedures\Accounts\505 Quarterly Accounts - reporting.docx,"end, month, quarter, period, financial",Instructions for compiling and submitting quarterly financial reports.
506 Bank Reconcilation.docx,"In Pronto: General Ledger ( Bank Reconciliation ( Statement ReconciliationHighlight the account you want to reconcile (on a daily basis this is 19905, ANZ Current Account)Select (S)Type in the bank statement date in the Statement Date fieldEnterType in the statement closing balance in the Closing Balance fieldEnterEnterTick the Individual Transactions boxOKYou will be in the Unpresented Transactions  Full Detail screenWork down the bank statement and match off any entries that are in Pronto. Use the arrow keys to navigate up and down. Select (S) to select a matching entryWhen you have selected all possible entries Proceed (P)If you have entries on the bank statement that are not in Pronto…See what type of entry it will be and follow the relevant instructions over the pageB  Bank ChargesI  InterestK  For anything where we pay GSTO  Where we dont pay GST e.g. wagesT  Bank transfer between accountsOnce you have entered all necessary transactionsEscape (to remove new line)Check the value in the Remaining field is 0.00Reconcile Bank (B)Check the discrepancy field is 0.00Post (P)Post Transactions? = Yes (Y)EnterEnterK TypeEntryType in the Transaction Date as per the bank statementEnterType = KEnterEnterYou will be in the General Ledger Cash Payment screenEntry (E)Type in the reference. Usually invoice number or OOP number, if no reference use the dateEnterType in the Payee DetailsEnterType in the amountEnterYou will now be in the Balance to Allocate screenType in the GL codeEnterEnterIn the Tax filed, type I to enter the gst inclusive amountEnterCheck the amount is correctEnterType G in the Tax Code FieldEnter EnterSave Transaction (S)Escape (to remove new line)Post (P)Ok to Post = Yes (Y)EnterO TypeType in dateEnterType Field  OEnterType in GL CodeEnterType in Transaction DetailsEnterType D for Debit of C for CreditEnterType in amountEnterEnterYou will now be in the Bank Statement Entry screen/B Type (bank charges)Type in dateEnterType Field = BEnterTransaction Details: Keep as Bank Charges unless it is the O/S Management FeeEnterBank Charges Details screen: D = Debit, C = CreditEnterType in amountEnterEnterYou will now be in the Bank Statement Entry screen/I Type (interest)Type in dateEnterType field = IkEnterType the amount in the Debit fieldEnterYou will now be on a new lineT Type (transfers between accounts)Type in dateEnterType field = TEnterEnterYou will now be in the Bank Transfers screenType in transferred amount in the amount field (if funds have been transferred into the 00 a/c, enter as a negative amount)EnterHighlight the account the funds are being transferred into or out of. Use the arrow keys to navigate EnterPayment Reference = Transfer number on Bank Transfer Authorisation form (e.g. XFER000)EnterEnterEnterBank Charge Field = 0.00EnterEnterEnterYou will now be in the Bank Statement Entry screen",Q:\Procedures\Accounts\506 Bank Reconcilation.docx,"bank, type, statement, field, dateentertype",Bank reconciliation procedure to ensure financial accuracy.
507 Corys Invoicing Procedure.docx,"** Corys will not accept invoices where we amend the price or quantity on their portal if it has not been amended at the branch  check with CS team that amendments have been made  any that have not been amended will need the Invoice emailing to accounts.payable@corys.co.nz with a full explanation.Pronto.Print the invoices for the previous day(s)Sales Orders ( Enquire on Sales Orders ( Archived Order Enquiry by Specifying ParametersAccount = COR ZHEDEnter through to deliver date  Enter the previous day(s) dateEnterSelect each invoice to print  highlight the line, quick key = S. Ignore credit notes and cancelled ordersPrint  quick key = PThe invoices will go to Spoolfile. Click OKExit out to main screenTrueform Neo ( TrueForm Neo PreviewClick OK to bring up the list of Spool Files. Highlight the correct line and click on PreviewPrint the PDF double sided to save paperCorys Web Portalhttps://coryswebportal.b2be.com/login/Log into the Corys web portal. You will be on the Transactions screenIn the Document ID field, enter the PO number on the invoice, if it is not showing use the search box//Click on Create on the right hand side of the selected document Check the branch is correct as per the invoice, if not check with CS  maybe a keying errorInvoice Number field = enter the invoice number as per the invoiceInvoice Date field = enter the invoice date as per the invoiceEnter the Invoice Due Date Freight field = enter freight charged as per invoice. Leave blank if there is no freight charge. This only shows in the GROSS after you hit enterCheck the line net amounts. NB Corys only round to 2 decimal places so there will be rounding discrepancies.Delete any zero values lines from our invoice  Red Minus signCheck the gross amount.  If you are happy with the pricing and rounding click Submit, then Yes. You will be taken back to the Transactions screen.For orders not invoiced via the Web PortalEmail the PDF invoice to accounts.payable@corys.co.nzCC in: accounts@firstflex.co.nzSubject “Attn: Ann - Invoice ######, PO not in EDI” ",Q:\Procedures\Accounts\507 Corys Invoicing Procedure.docx,"invoice, corys, enter, field, click",Invoicing procedure specific to dealing with Corys Electrical or similar vendors.
509 AP Entering New Suppliers in Pronto.docx,"When setting up a new supplier in Pronto, or changing supplier details, have the person requiring this to fill out form 510 or 511.Accounts Payable ( Maintain Supplier ( Maintain Supplier AccountsEntry (E)Type in what you want the supplier code to me (it must be relevant to the company name)EnterEnterType in the Supplier nameEnterEnterType in the suppliers addressTab to the Postcode fieldType in the suppliers post code (if you have it)Tab to the Phone fieldType in the suppliers phone numberEnterType in the suppliers fax number (if you have it)Tab to Payment Select fieldType in L for local supplier or O for foreign supplierEnterPayment Terms = when the payment is due. Click on the magnifying glass to select the appropriate option Auto Cheque Req = YEnterPayment Type = EEnterType the Bank & Branch number in the Bank BSB Code field (2 + 4 e.g. 123456 in Pronto)EnterType in the Account No. & Suffix in the Bank Account No field (7 + 3 e.g. 0123456000 in Pronto)EnterType in the payment reference in the A/C Reference field (use reference as per their request or Firstflex if no reference)/EnterEnterTab to GL ACC/Dist Ref fieldIf the GL Code will almost always be the same, type in the GL Code. If unsure click on the magnifying glass to bring up the GL Codes, highlight GL code, Select (S).Tab to Supplier Group fieldClick on the magnifying glass to bring up the options. Highlight the most suitable supplier group. Select (S)Click on OK/",Q:\Procedures\Accounts\509 AP Entering New Suppliers in Pronto.docx,"supplier, code, reference, select, tab",Step-by-step guide for adding new supplier profiles in Pronto.
510 New Supplier Request form.xlsx,,Q:\Procedures\Accounts\510 New Supplier Request form.xlsx,,
511 Change of Supplier information form - Shortcut.lnk,,Q:\Procedures\Accounts\511 Change of Supplier information form - Shortcut.lnk,,
512 Sundry Payments - Entering in Pronto.docx,"One off payments to suppliers not in AP ledgerGeneral Ledger Module ( General Ledger transactions ( The Cash Book ( General Ledger Cash PaymentEnter the date as it is paid out of the bankOKSelect 19905 = ANZ Current Account if that is where it is paid out of (S) to selectE for EntryInput one off payment reference as per bank batch (printout from ANZ direct)Enter the details of the paymentEnter or select the GL code where expense should go, deciding if it has a GST component.PostFor one off receipts where payment is from someone not in the Accounts Receivable ledger, do the same as above, but select General Ledger Cash RECEIPT rather than payment…Cancelling a paymentAccounts Payable ( Cheque Maintenance/Print ( Cancel Payment (Enter date (todays)OKSelect 19905 Bank AccountLeave the payment type as C (enter over).  The next step/field to select the cheque # provides a search for transactions listing, so use this to find the payment you want to cancel, unless you know the exact reference you want to cancel  then you can enter it straight into the field. (Note this is not just a cheque number reference field as the screen says, it is used for all payment types)Select the transaction from the list and then enter, enterOKRefund a CustomerThis example  to refund a Cash sale customer who prepaid for goods but then decides they no longer want the goods.General Ledger ( GL Transactions ( Manual Cash PaymentEnter customer code e.g. CAS SALEClick on the search icon to find the transaction or payment you want to refund.S to selectEnter on amountP to postEnter to the cheque # fieldUse todays date as the reference #Y to acceptY to confirmTo check that it processed correctly in the customer account in Pronto, go to CAS SALE customer code and select transactions to see the listingYou also need to do the actual one-off payment back to the customer from ANZ direct.",Q:\Procedures\Accounts\512 Sundry Payments - Entering in Pronto.docx,"payment, ledger, cash, customer, enter",How to enter miscellaneous payments into Pronto outside of standard invoices.
514 MYOB Payroll Procedure.docx,"MYOBTake the current pay week leave forms out of the Payroll folder (forms are filed by pay week ending)Make sure they are in alphabetical order (this includes leave forms, overtime and other reimbursements)Log into MYOBNew Pay Cycle (Click on the purple semi-circle). Step 1  Employee Changes:Make changes to anyones pay at this point (to do this, click on the icon with two heads).Step 2  Processing Pays: Check dates to make sure they are current. Create New Pay = YesEmployee Codes: Find / Double click on first person. If no changes (e.g. leave, reimbursements etc.) click next to go to the next person.Wages  Casual EmployeesFind (or F9). The employee box will pop up.Find (or F9)Scroll down to the employee you want to pay.Double click on their name. Pay casual employee this period? = YesClick on Wages“Hours” field = type in the total hours worked during the pay week TabSaveFollow this process until all casual employee hours have been enteredIf there are changes…Work out the time absent in days and write in the How paid section at the bottom of the leave form.To calculate time absent for a part day, divide the total time absent by the number of hours they work per day e.g. if absent for 3 hours and they usually work 8.5 hours  3/8.5=0.35 dayAnnual Leave - Birthday Leave treat as a normal working dayLeave buttonCheck available leave balanceHighlight units fieldEnter no. hours taken (hours of leave divided by hours per day, round up)Click on calendar iconClick on relevant dates employee was on leaveSaveSaveAlways Reduce SalaryStamp entered on the bottom of leave form, date and initial.Carry on to the next personSick / Public Holiday / bereavement / Alternative LeaveLeave buttonCheck available leave balanceHighlight units fieldEnter no. hours takenTab to the hours field (unless it has done so automatically)Type in the number of daysClick on calendar iconClick on relevant dates employee was on leaveSaveClick on relevant leave type on left hand sideClick on noteEnter note details: Date(s), reason for leave, start/finish times if absent part day. Only necessary for sick, bereavement & unpaid leaveSaveSaveAlways Reduce SalaryStamp entered on the bottom of leave form, date and initial.Carry on to the next personReimbursements / Bonus PaymentsAllowancesAddFind to search for the allowance codeDouble click to selectRename if need be and the tab is highlighted blueTab to the amount fieldEnter amountSaveSaveOvertimeAllowances AddAllowance code = 5. Tab. If paying overtime rates, type over the word “Overtime” and enter the applicable from belowTime + ½ = O/time  time + ½ (FF always time + ½ unless otherwise specified) Double time = O/time  dbl time TabEnter number of hours workedTabEnter hourly rate (found on the right hand side under Rate)SaveSaveWhen all the forms are entered click SaveStep 3  Printing Reports:Click on printer iconPay TabPay SheetSelectChoose correct printer  should default to NP16F0F4CPrint x 2ExitCheck the Pay Sheet matches Standard Pay (found in Wages Folder). Check the amounts in the Net Pay field on the pay sheet match the Standard Pay amounts. Investigate any variances & write down reason for it on pay sheet e.g. new deduction, Overtime etc. If there should not be a variance, go into Step 2 & correct the mistake. Reprint Pay Sheet & check pays again.Click on Financial tabDouble click on Payroll Audit Check Pay type is CurrentCheck the printer is correct  NP16FOF4CPrintExitLeave BalancesEmployees TabDouble Click on Leave BalancesCheck its printing to the Admin printer  NP16FOF4CPrintExitStep 4:Check Payment Due date  click on the computer iconFile name  DCSCR C&R, DCS FFCreate FileDo you want to print a direct credit schedule report? YesDestination = PrinterCheck its the correct printer. PrintOverwrite old direct credit file = YesUploading Batch (in the bank)Batches  hover overBatch Workflow  click onHover over Create NewClick on Bulkload Domestic PaymentsClick on box under File Import (C: Payrollv)Type D in file name (FF=DCS.TXT, C&R=DCSCR.TXT)Click to openClick on ImportCheck due date is correct date for paymentYour account = account funds are coming out of (Firstflex Main for FF, Chain and Rigging Main for C&R)Batch Group = SalariesBank Charges = account funds are coming out ofClick on the BulkloadSuccessfully bulkloaded the batch pop upClick on close if no more bulk paymentsClick on Bulkload Another if there are other payments to be madeOnce batch is createdRight clickFreeze  this moves it from Working to FrozenRight ClickPrint transaction  will generate as PDFPrint Payment BatchClose PDFRepeat the above steps if there are other paymentsLog out of the bankFinal ChecksThe Direct Credit Schedule will have 2 totals at the end of the report.Check the top amount matches the Total Net Pay on the Pay SheetCheck the bottom amount matches the Active Value total on the ANZ Direct BatchGive the paperwork to the Finance Manager in this order from top to bottom: ANZ Batch, Pay SheetEmail Pay Slips (Step 3)Pay tabPay slip  Emailing WizardSelectPay Type Field  check it is on currentNextNextNextNextDo you want to print pay slips now? Always click noSubject field  change to correct week ending dateEmail  click on. Do you want to send pay slips via email now? YesNextFinishExitStep 5Check detailsClick updateUpdate pay box = YesBackupInformation filing box = OKPayday filing box  enter your details if not already savedCreate fileClick Yes to go to the myIR website (only do this if you have a login, otherwise click no)Log in to myIRClick on the account nameExpress File TransferClick on Choose FileClick on the correct fileOpenNextSubmitCloseRepeat from Ex F Tfr if more files need to be uploadedLogoutClose web pageMYOB will ask if you have uploaded the file. Click YesExitSick & Unplanned Days spreadsheetJesss Folder / zSick and Unplanned DaysSummary Tab: copy leave balances from the Leave Report Department Tabs (Admin, Dist, Sales)  Update sick & unplanned days based on the leave forms. Include all sick days and any leave not booked in advanceTaken Anniv. Column  delete days when employees sick leave anniversary rolls overRemove all leave over 1 year old. If the employee regularly is over 10 sick days per year, remove details from department tab and paste it onto the 10+ Days tab under the relevant employees nameFile the leave balance print out in the Payroll folder.Email leave forms to yourself and save in the relevant month / year folder using filename Leave Forms WE DDMMYYYY (folder e.g. R Drive \ Leave Forms \ 2020 \ 08 Sept 2020)Pronto JournalOpen the Journal for Pronto spreadsheet: Cath / HR / Journal for Pronto Change the date in cell B4 to the correct week ending date. This will change the date for all employees.Enter the Gross Taxable Amount from the Pay Sheet into the Inclusive Amount field. Do this for all employees.Check the Gross Taxable Amount on the Pay Sheet matches the Total Gross Salaries field on the spreadsheet (if there is a discrepancy, check you have entered amounts correctly). When the amounts are correct, copy the dataLog in to Pronto: General Ledger / GL Transactions / Normal & Prior Journal / General Ledger Journal. Paste data. You will need to do this manually.",Q:\Procedures\Accounts\514 MYOB Payroll Procedure.docx,"pay, leave, click, hours, employee","Payroll processing guide using MYOB software, including entries and reporting."
515 Credits & GRA Procedures.docx," GRA CREDITSEditing the GRA to start a return/credit If GRA is for incorrect goods supplied and the goods are Lot tracked, ask Doug for the correct LN Accounts Receivable ( Admin/Credit Release Officer Functions ( Sales Return/Credit Note Menu ( Sales Order EditFindEnter the GRA Packing Slip No.Tab, Tab. The status should be “Return Authorisation”. (If not, Status and change to 09)Amend the Customer Ref field (if required). CorrectClick on OKLines  amend the GRAHighlight lineC - Correct if the line needs amending and make correctionsR - Remove if the line is no longer needed (e.g. note lines)Enter notes  reason for return and any additional relevant informationEnter the Restocking Fee (if applicable)EntryC (charges line)5 (Restocking Fee)Tab to AmountEnter restocking fee amount  This should be a charge on the GRACheck to make sure entries on the credit note are correctQuitStatus, 39 (RMA in Progress), enter, enter, enter. Processing Authorised Returns into the WarehouseAccounts Receivable ( Admin/Credit Release Officer Functions ( Sales Return/Credit Note Menu ( Receive RMA into Warehouse The Sales Order Enquiry screen is displayed. This screen shows the details of the Return Authorisation sales orders./If the goods are not lot trackedHighlight the GRA (match the packing slip no. on the GRA to the order no. in the Sales Order Enquiry screen).Click on Received RMA (quick key R)Confirm? = Yes. The goods have now been receipted into the warehouse and the GRA is ready to be converted into a credit note.EscIf the goods are lot trackedHighlight the GRA (match the packing slip no. on the GRA to the order no. in the Sales Order Enquiry screen).Click on Received RMA (quick key R)Confirm? = YesThe Lot Allocation from Lot History screen will appear. Escape. This will take you to the Available Lots/Batches screenEntry (quick key E)Type in the lot number for the relevant item code as given by InwardsPress Enter x 5 until the Confirmation Screen pops upConfirm Entry? = YesIf there is more than one lot number for the same item code repeat steps 7  9 until all of the lot numbers have been enteredWhen all lot numbers have been entered press escapeHighlight the correct lot numberSelect Lot (quick key S). The Allocate Batch/Lot Quantity screen will appear/Check the quantity to be allocated is correct (it should only differ when there are multiple numbers for the same cable)If correct click OK. If incorrect type in the correct quantity and click OKRepeat steps 12  16 until all cable for the same item code has been allocatedThe pop up box Total Quantity Allocated, Exiting will appear. Click OKRepeat from step 4 if there is more cable from different item codes to be allocated.When all of the cable has been allocated you will be returned to the Sales Order Enquiry screenContinue on to the next GRA/Converting a GRA to a Credit NoteAccounts Receivable ( Admin/Credit Officer Functions ( Sales Return/Credit Note Menu ( Goods Received Confirm an RA.The Sales Order Enquiry screen is displayed. This screen shows all orders which can be approved.Highlight the required order, click Approve RMA.Confirm = Yes. The Change RMA to a Credit Note screen is displayed.The Warehouse field will be highlighted in blue, check goods are going into W1. Enter.The OK tab will be highlighted. Enter.The Credit Note Reason pop up box will appear. Enter applicable code.Escape x 2Printing the Credit NoteAccounts Receivable ( Admin/Credit Officer Functions ( Sales Return/Credit Note Menu ( Sale Order EditFindEnter the GRA Packing Slip No. Enter, EnterStatus (should be 73)Enter, enterPrint now? = Y, EnterRecord spoolfile number, EnterBulk printing:F5ListTag all the credit notes to be printed (highlight line, Tag)OtherHighlight Printer name  extsalesSelectSingle Printing:Trueform Neo \ TrueForm Neo PreviewHighlight line as per spoolfile numberPreview. Print the PDF When completing a GRA for goods returned on a freight claim or any invoice issued through the ZF warehouse, give completed paperwork to Doug, (after scanning & recording) to change warehouse from ZF to WH1When incorrect goods have been sent, write on the Credit/Inwards docket if Lot number given “Credited (enter Code) as invoiced and highlightIf a Lot number is given by Inwards, staple Inwards docket to Credit (after scanning & recording) before returning completed credits to Inwards.Editing a GRA1.Sales Orders2.Order Edit/Maintenance3.Sales Order Edit4.Find5.Enter Packing Slip No. from GRA form6.Status7.Change status to 298.OK9.Lines10.Highlight the line to be corrected (use arrow keys to navigate)Removing a LineRemoveConfirm Remove? = YQuit. You should now be in the Sales Order Edit screenEntering a New LineEntryType item codeTab to Order Qty fieldType in quantityTab to Item Price field (check it matches the invoice)Tab to Discount field (check it matches the invoice)TabWill this quantity affect stock? = YEnter, EnterPress escape when new blank line comes upQuit. You should now be in the Sales Order Edit screenRestocking Fee %CorrectTab (will bring up the Notes Maintenance screen)Tab to Notes Text linePress the right arrow key to un-highlight the entire lineRemove the incorrect restocking fee figure and enter the new figureOKQuit. You should now be in the Sales Order Edit screenQuantityCorrectTab (will bring up Normal Line Item screen)Tab to Order field in the Quantity Detail sectionType in the new quantityOKWill this quantity affect stock? = YEnter OK (Repeat this process if other quantities need changing)Quit. You should now be in the Sales Order Edit screen11.Reprint a GRACheck status is 09 Return AuthorisationX  ExtraZ  Maint OptionsF  Finish OrderS  Spool Order & FinishEnterThe spoolfile # will come up  record for use in Trueform NeoOK/Enter The status will automatically change to 39EscapeTrueForm NeoTrueForm Neo PreviewOK to bring up all the spool filesHighlight the file # you need to printPreview (this will bring the document up in PDF format)Ctrl + P to print or File, Save As to save in your folder and email to the customerReset the GRA status to 09OTHER CREDITSPrice CreditsSales Orders ( Full Order EntryTodays DateCustomer CodeType = CEnter Original Invoice No.Enter past Check Warehouse screenP (Produce credit note from part of the invoice)Arrow down to line that needs correctingEditN (Nett price credit and recharge)TabEnter the correct price(Follow the same process if other lines need correcting)H (Finish)Yes to confirmReason Code = PVAction Type = PRecord spoolfile number to print credit laterEnterCarry on to the next credit.FreightSales Orders ( Full Order EntryTodays DateCustomer CodeType = COriginal Invoice numberEnter, enterEditAction = CD (Reverse special/charge lines)EnterFinishYesCredit reason  Incorrect Freight, OK“E” okLines - Note explainingIncorrect Customer / PO used / Damaged in transitSales Orders ( Full Order EntryTodays DateCustomer CodeType = CEnter Original Invoice No.Warehouse  Choose ZFE (Produce credit note from entire invoice)R (Return to stock)H FinishYes to confirmEsc, (if there is a lot no the box will pop up, E  enter, type in “Do Not Use Credit” enter x 5, confirm entry Yes. Repeat as necessary)Reason code - Look up or:IB Incorrect BranchIC Incorrect CustomerIP Incorrect POAction Type E EditMove to last line, E  Enter, N  Note, enter reason for credit and all relevant informationAction type PRecord spoolfile number to print credit laterEnterCheck all details, if all correct Update Credit Note so you can re invoice using correct account or PO -DONT forget to use warehouse ZF on invoiceRestocking Fee Sales Orders ( Full Order EntryAs before 1  6 P  Produce Credit form part of the invoiceOn restocking line Action  CDFinishReason code “IR”, OK, EnterEditCorrect Enter C  Charge Type 5Enter the amount of the fee charged  check it generates a Credit on the screenQuit, Esc, PFreight ClaimsInvoice to freight company  See Martin for cost price (cost plus 15% for all but Mainstream  Cost only)If goods are found & returned to us, GRA is required for goods in the name of the freight company to credit claim invoice.Sales Orders ( Full Order EntryNote: If a lot number is used you cannot re-invoice until following business dayTodays DateCustomer CodeType = NEnter PO numberWarehouse  Choose ZFEnter through to bottom of screenL  LinesEnter Product codeEnter quantityPrice as per Credit/original invoice plus discount if applicableSelect lot number if appropriateNarrative explanationGoods Not Returning to StockIncorrect goods supplied, goods not returning, damaged, lost goods not claimed forSales Orders ( Full Order EntryTodays DateCustomer CodeType = BCust. Ref  PO numberEnter Original invoice numberEnter to bottomSelect Lines on bottom barEnter product codeEnter quantityCheck/amend price as per invoice includes discount field where applicablePop up box  will this affect stock? ALWAYS NO/Pop up box  receive date  just enter over blank date/Confirm box  YESEnterNext line complete your narration for credit as normalQuitSelect Status CN/Select Print Order & Finish to generate Trueform doc/All credits to be scanned & recorded in the Credits Completed worksheetsQ drive: Sales: GRA: Credits Completed NewTo save scansPreview scanned doc in emailsMenuSave AsQ Drive \ Sales \ GRAFile Name = Customer order # and credit note # e.g. 7738049 C31811Save/Hyperlink saved credit to worksheetOpen worksheetClick into box after Credit note Select tab  InsertClick on Link//Click on folder box/Select GRA/From drop down box  click on Office Files and select All Files/Click on required credit/Enter x 2 (if you start on the highest number of credit i.e. the top of the page, you can just hit enter x 3 and it drops you into the box below ()Repeat for each creditReturn completed credits to Inwards (including Inwards dockets if Lot number is given) or to Doug if an adjustment is required",Q:\Procedures\Accounts\515 Credits & GRA Procedures.docx,"credit, order, enter, sales, lot",Steps to issue credits and create Goods Return Authorizations (GRAs).
516 AP International Payments.docx,"All invoices should be matched with the correct paperwork and approved prior to making payments.  Shipment paperwork will have been supplied and punched in Pronto during the month.Check all international suppliers in the “Foreign Suppliers  Payments Due” Folder (a physical folder) to see if they have any payments that are due this month (for 25th Month Payments).Match the due invoices/statements for each supplier in the spreadsheet saved in Q:\AA General Info\Office Admin\International Supplier Payments\+International Payments+\International Payments and FX Contracts, to make sure they are all there or if any have been missed.Write up a list of all suppliers to be paid by currency type (USD, AUD, EUR etc) under the Payments summary tab  copy, paste and edit from the previous month summary.  List out the invoice numbers and shipment details and total up each supplier to make it easier for working out what contracts to use.Check forward contract deals in red foreign exchange book and write down details of which contracts you want to use for each currency.Phone our current dealer (PH 0800 269 6239) at ANZ International payments dept if any pre-delivery of currency contracts are required. This might be for shipments brought forward unexpectedly or urgent purchasing that you werent made aware of at currency purchase time.The account is under Eltrade Industries Ltd (you must tell ANZ person you are calling from Eltrade Industries Ltd), let them know that payment is to be made thru ANZ DirectDo a rough conversion of the total of each currency payment to NZD to work out if you need to transfer funds from the savings account to cover the batches.Log on to ANZ Direct.Create an International Payments batch, using the supplier templates to pay each supplier and selecting the foreign currency contracts you wrote down earlier./Give the Payment batch and overseas supplier invoices to Cath (or Lance if Cath is not available) to approve and process through ANZ Direct once approved.The payment confirmation will then be faxed to us, this needs to be checked, approved and filed with the overseas invoices.Now that you have the “actual” rates that invoices have been paid at, you can enter the payment in Pronto under Accounts Payable  Supplier Transactions  Manual Cash PaymentGo back to the international supplier spreadsheet and delete the invoices that have been paid and update the corresponding FX page so that the deals used are removed and any partial deals used changed.",Q:\Procedures\Accounts\516 AP International Payments.docx,"payments, supplier, international, currency, invoices",Procedure for processing international payments through Accounts Payable.
517 Company Travel Procedure - NEEDS UPDATING.doc,"Once you have received the Travel Request Form from the sales rep, check the Sales Manager has signed off the request form and fill in the office use side as you are making the bookings.  Obtain travel details from the Travel folder. Booking requirements are on the front sheet, but if unsure refer to the last trip the rep made to that region.Make the necessary bookingsAccommodationBook as usual for area or at the reps request, check rate per night. If there are no available rooms at the usual accommodation ask the rep to choose somewhere else.FlightsBook online at www.airnz.co.nz as requested by rep (Air NZ will email confirmation details), book using Lance/Phils credit card number in front of travel folder.Rental VehiclesBook online at www.budget.co.nz quoting the appropriate Fastbreak Number (print a copy of the confirmation, Budget should also email a copy of the confirmation). If a car is unable to be booked online, phone the 0800 number to book over the phone. Only use Avis if Budget is unable to provide a rental car. Book group H where possible and no extras or insurance.Airport ParkingAlways book parking online, sign into Strata Club first.  Choose Carpark O or the next cheapest/best option.  It is usually cheaper to book for 48hours if a rep is doing an overnight trip.Once the entire trip is booked, create a new folder to file all the booking confirmations for the trip. I have individual folders for all repsOpen the Company Travel Confirmation template for the relevant staff member and trip. I have individual travel confirmation templates set up in every reps folder. File, Save As and save in the relevant folder, deleting template and adding the travel date at the end. e.g. Nelson June 2016Travel Request Form Attach a copy of the Rental Car Confirmation File in the Travel folder. Every rep has their own tabCompany Travel Confirmation Save all confirmation emails in the folder  flights, rental vehicle, accommodation, airport parking.Email the Company Travel Confirmation along with booking confirmations to the rep who made the booking, requesting that they double check dates and times.Print copy of flight invoice & itinerary from Air NZ and place in the Credit Card folder to be matched up at a later date.Ensure that costs are within the allowances for travel expenses as per the rates in the Travel folder.  (see copy of limits on next page).When receipts and invoices come through, tick the paid box on the travel booking.",Q:\Procedures\Accounts\517 Company Travel Procedure - NEEDS UPDATING.doc,"travel, confirmation, folder, rep, copy",Travel policy document — flagged as needing a review or refresh.
518 Foreign Exchange Policy.docx,"General Policy ObjectivesThe overall financial objective of this policy is to protect the Sales Margin of Firstflex Cables.Delegated Authorities, Segregation of DutiesThe Administration team is authorized to transact existing FX Contracts;Orders/purchases of new Foreign Currency contracts can only be done by a Director and confirmations signed off by a Director.Foreign Exchange ManagementFX Requirements and reporting is to be managed by the Administration team and the FX Contracts vs Purchases file is to be updated and given to the Directors & GM fortnightly.Approved Dealing Counterparties & LimitsForeign Currency contracts can only be purchased from ANZ National Bank or as advised by a Director or GM.Approved Hedging InstrumentsThe Types of Instruments used by Firstflex Cables are primarily Forward Contracts and some option structures as advised by a Director or GM.  Knock out options and option structures without a worse case rate fall outside the limits of the policy and are not to be used.Minimum & Maximum Hedging LimitsAs the company nears the expected date of the cash flows, the level of certainty and the rates likely to be faced increases.  Therefore the percentage of cover taken will increase as we get closer to the date of expected cash flows.The following table is a guide as to the level of cover required.Month 1Month 2Month 3Month 4Month 5Current Month100%75%50%25%-Month 1-100%75%50%25%Month 2--100%75%50%Month 3---100%75%",Q:\Procedures\Accounts\518 Foreign Exchange Policy.docx,"contracts, month, director, 100, policy",Defines how to handle foreign exchange transactions and rate management.
520 Cash Sale Release Procedure.docx,"Cash Sale accounts such as CAS SALE, CAS 7DAY, MAR SPEC, SWT ELEC etc. are all set to COD which means a sales order will get held at order entry stage.Customer services staff will call and ask for the order to be released. Carry out the following steps to finalise the order;Log into Pronto:-Accounts Receivable ( Admin/Credit Release Officer Functions ( Release Sales Orders on Credit HoldFind the order number & take note of it (usually only one) Select R to releaseConfirm = YEnterEnterPrint now = YSales Orders ( Despatch/DeliveredType in the order numberEnterEnter. Make sure the order is highlightedCDeliver customer goods = YEnter. The Dispatch Details screen will pop up.Click on OKPrint dispatch = YEnterPrint invoice = NEnterSales Orders ( User Sales Order Programs ( Curve LabelsEnter packing slip numberF11 (Print Stock)OKF12 (Exit)Sales Orders (Order Edit/Maintenance ( Sales Order EditFindType in packing slip numberEnterStatus. Check the status is 70EnterPrint now? = YTrueform ( Trueform PreviewClick on OKHighlight the file to print (will be the top file)PreviewOnce the Invoice opens in pdf, select email option in menu barEmail the invoice to the person who requested it",Q:\Procedures\Accounts\520 Cash Sale Release Procedure.docx,"order, sales, orders, invoice, file",Instructions for releasing cash sales held for approval or manual review.
526 Discounts Rebates Schedule (JOEY).xls,,Q:\Procedures\Accounts\526 Discounts Rebates Schedule (JOEY).xls,,
527 Discount Offer Letter template.doc,"19 April 2025CustomerAddress 1Address 2Address 3Attn: General Manager/Accounts PayableDear Valued Customer,Due to your continued custom we are pleased to offer you an additional 2.5% prompt payment discount for invoices paid by 20th month following invoice date.This can either be taken when the payment is made or we can send you a credit note at the end of the month when payment is made that you can deduct off the following months payment.  Please note that the payment must be received by our office on or before the 20th of the month following the date of invoice or the prompt payment discount will not apply.If you have any queries regarding this please do not hesitate to contact us.  We look forward to many more years of continued custom.Kind regards,Catherine SiddleAdministration Manager",Q:\Procedures\Accounts\527 Discount Offer Letter template.doc,"payment, following, month, prompt, date",Template for sending discount offers to customers or partners.
528 PAYE Procedure.docx,IRD WebsiteLog into the IRD WebsiteReturns & Transactions (under Payroll)Go to the relevant period and screenshot the amount detailsPrintBank WebsiteLog into the bankBatches \ Batch WorkflowCreate New \ Tax PaymentEnter GST NumberTax Type Code = DEDMonth End = end date of periodYear = relevant yearAccount = FFAmount = as per IRD print outDue date = payment dateContinueFreezePrint TransactionPronto JournalsLog into ProntoFavouritesFast Supplier Invoice EntryTransaction Date = last date of payment periodAccount = IRDType = IAmount = as per IRD PrintoutInvoice # = PAYE + period (e.g. PAYE 115 Dec 2023)Tab until the Invoice Details screenGL Account = 19764Tab through the fieldsSaveEscapeClick on Due Date (quick key = U)Change the due by date to the payment dateEnterPostComplete Posting = YEnterEnterManual Cash PaymentDate = date of paymentAccount = Current Account (00)Account = IRDCash Payment Allocation = PMark ItemPostEnterCheque Number = dateEnterEnterConfirm,Q:\Procedures\Accounts\528 PAYE Procedure.docx,"date, ird, payment, account, period",Procedure for handling PAYE (Pay As You Earn) payroll tax obligations.
530 KPIs Report Checklist.docx,"KPIs entered and Saved in Q:\Caths Folder\HOD & Board\HOD Info\Monthly KPIsTo be done and copied into Meetings/HOD Meetings Folder by the first Friday following each month end.These two KPIs are entered on the “FX” sheet of the workbook.DAYS DEBTORS;Find the Net Sales figure of the month report is for.  Needs to be after the Rebate provision accounts have been reconciled and adjusted as part of month end process.  This is found on the “PLBA” Profit and Loss Actual/Budget comparison report out of GL reporting in Pronto.  (Example reports are attached).Divide that figure by the number of days in the month.  This is the Sales per Day figure.Now from the Debtors ATB report (jasper), take the total Debtors balance and deduct GST.  (Example calculations follow this instruction page).Divide the GST excl. debtors total by the daily sales figure.  This is the overall Days Debtors KPI.Corys and Ideal have special terms where they can pay on the 1st of the month 2 months following invoice date.  We do another calculation taking this into account to reflect a more accurate KPI, to calculate this, take the total debtors figure from the ATB again (GST incl.)Deduct Corys and Ideals payments made on the 1st of the month.Deduct the GST from this figure and divide that again by the daily sales figure.  This is the Days Debtors KPI, taking into account Corys and Ideal special terms.Both KPIs are reported for comparison month by month.  Our usual range is between 40  45 days overall and 30  35 days after Corys and Ideal payments are taken into account.  A figure outside these ranges will mean we had customers pay late and is not good for cashflow.FX/PURCHASING;The forward FX Cover section of the page is really a duplicate of the information in the FX Contracts spreadsheet maintained as part of the AP International supplier purchases function.Take the monthly requirements and monthly purchased totals and enter them in the appropriate currency section (i.e. USD, AUD, and EUR).  Copy across the average currencies also.  Now update the graph so that it picks up the current/newly entered figures.  Look up the system rates in Pronto  under Administration tab/System Admin/System codes & messages/Local-Foreign currency maintenance/Currency maintenance/Local-Foreign Currency Maintenance.For the Purchases Graph; skip to the “FX Purchases” sheet in the KPIs workbook  should be next to the FX sheet you are working in.From the Yellowfin Report  “Stock Supplier Orders in NZ$.......” (copy attached), take the totals for each month and copy these into the FX Purchases spreadsheet in the matching month.Enter the FX gain from GL account 12250 in the matching month and then update the graph to include your new figures.",Q:\Procedures\Accounts\530 KPIs Report Checklist.docx,"month, figure, debtors, days, kpis",Checklist for generating and reviewing KPI reports for business performance.
585 Directlink Online.docx,ANZ Direct OnlineGo to website: www.anzdirect.co.nzSelect Log OnClient Code: AFLCAB AKUser ID: (per individuals ID set up by administrator)Password:A full user guide is available in either help tab at the top of the ANZ Direct screen or you can phone the Help Desk on 0800 269 347,Q:\Procedures\Accounts\585 Directlink Online.docx,"anz, help, direct, administrator, 269",Instructions for using Directlink Online platform — likely customer or supplier portal.
589 Overdue Accounts Procedure.docx,"CONFIDENTIALCustomer:_______________________________________________Date:__________________________Amounts: 90 Day $____________60 Day $______________30 Day $______________All correspondence and steps as outlined below are to be input as “Notes” under customer maintenance in Pronto.StepActionDate Actioned11st phone call regarding when payment should be expected or any problems (within two days of payment due date)2Email regarding overdue a/c and reiterate phone conversation above (immediately after phone call) 32nd phone call and confirmation of receipt of email from step 2 (10 days from payment due date or when customer committed to having the a/c settled but still no action)4Place on Stop credit (3 weeks or 15 working days from payment due date and if no correspondence received or an agreed payment date committed).Advise customer by phone/email that no orders will be released.5STOP CREDITApproved by Admin Manager_____________________Approved by Director_________________________6Advise our internal staff/reps of stop creditEmail to Sales Manager, General Manager, Internal Sales and account Rep.7Full overdue payment received $______________8Off STOP CREDIT Approved by Admin Manager______________________Approved by Director_________________________9Advise our internal staff/reps the account is off stop creditEmail to Sales Manager, General Manager, Internal Sales and account Rep.",Q:\Procedures\Accounts\589 Overdue Accounts Procedure.docx,"payment, phone, stop, internal, sales",Procedure for managing follow-up and escalation of overdue customer accounts.
590 Releasing a Suspended AP batch.docx,"How to release/resume a Suspended AP Invoice batch/To release a suspended AP batch, go to Accounts payable, Supplier Transactions, Additional Supplier Transactions, Resume Suspended Supplier InvoiceThe screen will be blank, but select “In Progress”The following screen pops up;/Now select “Suspend”The following screen pops up;/If the batch looks to be the one youre needing released, put a Y in the box, then Enter.Now press ESCClick on Select, then OKThe next screen takes you straight into the batch where you were last entering a transaction, the screen looks blank but press ESC to take you out of the last entry and then the rest of your batch will appear above that line.If all looks ok as you left it, find where your last entry was to see what invoices still need entering, check your payment due dates etc and then Post the batch.If you want to make sure youve captured everything correctly, check the entries in the supplier to see that theyve posted.",Q:\Procedures\Accounts\590 Releasing a Suspended AP batch.docx,"batch, screen, supplier, select, suspended",How to release an AP (Accounts Payable) batch that has been suspended or flagged.
~$3 Pronto Month End Checklist.docx,,Q:\Procedures\Accounts\~$3 Pronto Month End Checklist.docx,,
~$5 Credits & GRA Procedures.docx,,Q:\Procedures\Accounts\~$5 Credits & GRA Procedures.docx,,
~$5 Quarterly Accounts - reporting.docx,,Q:\Procedures\Accounts\~$5 Quarterly Accounts - reporting.docx,,
~$nance Month End Checklist.docx,,Q:\Procedures\Accounts\~$nance Month End Checklist.docx,,
~$nth End Notes and Journals.docx,,Q:\Procedures\Accounts\~$nth End Notes and Journals.docx,,
Path link,,Path,,
281 Action document Memo of Understanding 01 Dec 2015.pdf,,Q:\Procedures\Accounts\Admin\281 Action document Memo of Understanding 01 Dec 2015.pdf,,
306 ADDING EDI CONVERSION CODES.docx,,Q:\Procedures\Accounts\Admin\306 ADDING EDI CONVERSION CODES.docx,,
332 Chart of Accounts.xlsx,,Q:\Procedures\Accounts\Admin\332 Chart of Accounts.xlsx,,
341 FILING ANNUAL RETURNS FOR OUR ASSOCIATED COMPANIES.docx,,Q:\Procedures\Accounts\Admin\341 FILING ANNUAL RETURNS FOR OUR ASSOCIATED COMPANIES.docx,,
343 Financial Qtr end DEADLINES.xlsx,,Q:\Procedures\Accounts\Admin\343 Financial Qtr end DEADLINES.xlsx,,
355 FREIGHT CLAIMS.docx,,Q:\Procedures\Accounts\Admin\355 FREIGHT CLAIMS.docx,,
356 FUEL CARDS.docx,,Q:\Procedures\Accounts\Admin\356 FUEL CARDS.docx,,
357 FUEL PURCHASES REPORT PROCESS.docx,,Q:\Procedures\Accounts\Admin\357 FUEL PURCHASES REPORT PROCESS.docx,,
365 how to add hardware rebates by customer.docx,,Q:\Procedures\Accounts\Admin\365 how to add hardware rebates by customer.docx,,
380 Invoicing.docx,,Q:\Procedures\Accounts\Admin\380 Invoicing.docx,,
413 Procedure List.xlsx,,Q:\Procedures\Accounts\Admin\413 Procedure List.xlsx,,
415 Processes.docx,,Q:\Procedures\Accounts\Admin\415 Processes.docx,,
426 REGISTERING A NEW CUSTOMER ON THE PPSR.docx,,Q:\Procedures\Accounts\Admin\426 REGISTERING A NEW CUSTOMER ON THE PPSR.docx,,
441 SITEMATE DAYS DEBTORS CALCULATION.docx,,Q:\Procedures\Accounts\Admin\441 SITEMATE DAYS DEBTORS CALCULATION.docx,,
452 Terms and Conditions OLD.docx,,Q:\Procedures\Accounts\Admin\452 Terms and Conditions OLD.docx,,
503 Pronto MONTH End Closeoff checklist.docx,,Q:\Procedures\Accounts\Admin\503 Pronto MONTH End Closeoff checklist.docx,,
Path link,,Path,,
308 ANZ users and authorisers.xlsx,,Q:\Procedures\Accounts\Bank\308 ANZ users and authorisers.xlsx,,
318 Bank Rec Images 1.docx,,Q:\Procedures\Accounts\Bank\318 Bank Rec Images 1.docx,,
319 Bank Rec Images.docx,,Q:\Procedures\Accounts\Bank\319 Bank Rec Images.docx,,
320 Bank Rec.docx,,Q:\Procedures\Accounts\Bank\320 Bank Rec.docx,,
Path link,,Path,,
335 Credits GRA.docx,,Q:\Procedures\Accounts\Credits\335 Credits GRA.docx,,
336 Credits Other.docx,,Q:\Procedures\Accounts\Credits\336 Credits Other.docx,,
410 Price Credits.docx,,Q:\Procedures\Accounts\Credits\410 Price Credits.docx,,
Path link,,Path,,
353 FOREIGN EXCHANGE POLICY.doc,,Q:\Procedures\Accounts\Foreign exchange\353 FOREIGN EXCHANGE POLICY.doc,,
358 FX Policy discussion paper.docx,,Q:\Procedures\Accounts\Foreign exchange\358 FX Policy discussion paper.docx,,
359 FX Policy discussion paper_mtg with Phil.docx,,Q:\Procedures\Accounts\Foreign exchange\359 FX Policy discussion paper_mtg with Phil.docx,,
360 FX SYSTEM RATE MAINTENANCE.docx,,Q:\Procedures\Accounts\Foreign exchange\360 FX SYSTEM RATE MAINTENANCE.docx,,
Path link,,Path,,
309 ap_so_easy_education_guide_xi_700[1].pdf,,Q:\Procedures\Accounts\Official Pronto Guides\309 ap_so_easy_education_guide_xi_700[1].pdf,,
311 ar_so_easy_education_guide_700[1].pdf,,Q:\Procedures\Accounts\Official Pronto Guides\311 ar_so_easy_education_guide_700[1].pdf,,
321 bank_reconciliation_so_easy_implementation_guide_700[1].pdf,,Q:\Procedures\Accounts\Official Pronto Guides\321 bank_reconciliation_so_easy_implementation_guide_700[1].pdf,,
344 Financial_Report_Writer_Xi_670.doc,,Q:\Procedures\Accounts\Official Pronto Guides\344 Financial_Report_Writer_Xi_670.doc,,
352 fixed_assets_so_easy_education_guide_700[1].pdf,,Q:\Procedures\Accounts\Official Pronto Guides\352 fixed_assets_so_easy_education_guide_700[1].pdf,,
361 GL_Setup_and_Admin_Xi_670.doc,,Q:\Procedures\Accounts\Official Pronto Guides\361 GL_Setup_and_Admin_Xi_670.doc,,
362 gl_so_easy_education_guide_700.pdf,,Q:\Procedures\Accounts\Official Pronto Guides\362 gl_so_easy_education_guide_700.pdf,,
363 gl_so_easy_implementation_guide_700.pdf,,Q:\Procedures\Accounts\Official Pronto Guides\363 gl_so_easy_implementation_guide_700.pdf,,
440 shipment_processing_costing_so_easy_education_guide_700[1].pdf,,Q:\Procedures\Accounts\Official Pronto Guides\440 shipment_processing_costing_so_easy_education_guide_700[1].pdf,,
443 so_processing_xi_6701.doc,,Q:\Procedures\Accounts\Official Pronto Guides\443 so_processing_xi_6701.doc,,
451 tax_reconciliation_so_easy_education_guide_700[1].pdf,,Q:\Procedures\Accounts\Official Pronto Guides\451 tax_reconciliation_so_easy_education_guide_700[1].pdf,,
Thumbs.db,,Q:\Procedures\Accounts\Official Pronto Guides\Thumbs.db,,
Path link,,Path,,
307 ADDING OR MODIFYING A CHARGE LINE.docx,,Q:\Procedures\Accounts\Receivable\307 ADDING OR MODIFYING A CHARGE LINE.docx,,
329 Cash Receipt Images.docx,,Q:\Procedures\Accounts\Receivable\329 Cash Receipt Images.docx,,
330 Cash Receipt Override.docx,,Q:\Procedures\Accounts\Receivable\330 Cash Receipt Override.docx,,
331 CASH SALE ORDERS PROCEDURE FOR ADMIN.docx,,Q:\Procedures\Accounts\Receivable\331 CASH SALE ORDERS PROCEDURE FOR ADMIN.docx,,
334 Corys Electrical Invoicing.docx,,Q:\Procedures\Accounts\Receivable\334 Corys Electrical Invoicing.docx,,
397 NEW CUSTOMER PROCEDURE.docx,,Q:\Procedures\Accounts\Receivable\397 NEW CUSTOMER PROCEDURE.docx,,
423 Receipting Customer Payments.docx,,Q:\Procedures\Accounts\Receivable\423 Receipting Customer Payments.docx,,
425 Referee checklist_new accounts.xlsx,,Q:\Procedures\Accounts\Receivable\425 Referee checklist_new accounts.xlsx,,
457 Various customer accounts to watch when processing orders.docx,,Q:\Procedures\Accounts\Receivable\457 Various customer accounts to watch when processing orders.docx,,
Path link,,Path,,
366 How to Ajust Average Stock value when stock adjusting quantity.pdf,,Q:\Procedures\Accounts\Stock\366 How to Ajust Average Stock value when stock adjusting quantity.pdf,,
367 HOW TO CHANGE A GROUP OF STOCK CODES TO ANOTHER GROUP CODE.docx,,Q:\Procedures\Accounts\Stock\367 HOW TO CHANGE A GROUP OF STOCK CODES TO ANOTHER GROUP CODE.docx,,
444 Stock Adjustments - sample stock.docx,,Q:\Procedures\Accounts\Stock\444 Stock Adjustments - sample stock.docx,,
445 STOCK OBSOLESCENCE CALCULATION.docx,,Q:\Procedures\Accounts\Stock\445 STOCK OBSOLESCENCE CALCULATION.docx,,
Thumbs.db,,Q:\Procedures\Accounts\Stock\Thumbs.db,,
Path link,,Path,,
340 Entering New Suppliers.docx,,Q:\Procedures\Accounts\Suppliers\340 Entering New Suppliers.docx,,
392 Local Supplier Payments.docx,,Q:\Procedures\Accounts\Suppliers\392 Local Supplier Payments.docx,,
399 NEW SUPPLIER ACCOUNT OPENING PROCESS.docx,,Q:\Procedures\Accounts\Suppliers\399 NEW SUPPLIER ACCOUNT OPENING PROCESS.docx,,
447 Supplier Invoice Entry.docx,,Q:\Procedures\Accounts\Suppliers\447 Supplier Invoice Entry.docx,,
Path link,,Path,,
396 New and Updated Policy Acknowledgement.docx,,Q:\Procedures\Admin\396 New and Updated Policy Acknowledgement.docx,,
901G System Improvement Request.docx,SIR NoISSUERRaised ByDateIssued ToQuality System RefCustomer Name(Customer complaints only)                                           Signed off GMIssue/NonconformitySuggested ImprovementMANAGER RESPONSIBLEImprovement Made/Rectification Action TakenAction to Prevent Recurrence of Non-conformance (if applicable)CLOSE OUT ACTIVITIESSignatureDateIssuer advised of action takenManager agreementManagement Representative AgreementCustomer advised in writing (Cust. Complaints only)SIR ANALYSIS (Tick as applicable)Customer Complaint:Incorrect QuantityDamaged ProductIncorrect ProductExpired ProductIncorrect PricingLate DeliverySystem ImprovementCorrective & Preventative ActionProduct NonconformityDamaged ProductExpired ProductFaulty ProductOriginal Copy approved by GM______________________________Director__________________________,Q:\Procedures\Admin\901G System Improvement Request.docx,"sir, complaints, advised, applicable, productincorrect",Form or workflow for proposing improvements to internal systems or processes.
902G First Person In Procedure Drury.docx,"The following check list needs to be completed by the first key holder in the building. NOTE: Our security monitoring company (Sure Communications) will need to be notified if you are entering the building outside our normal working hours on 09 443 8003, you will need to call them before you disarm the alarm.Unlock the front gate using your (197) key, if you dont have a (197) key there is a master key in the Operations Managers office that is available once you have disarmed the building.To unlock the front auto doors enter your pin number in the key pad located on the right side of the entrance and press enter. The light at the top of the keypad will turn green, you can now enter the building to disarm the main alarm.If the keypad has a fault and will not function there is a key safe located behind the LPG bottle trellis (code 2022). The key inside the key safe will unlock the Kitchen court yard doors and give you access to the main alarm panel in the lobby. (follow step 3)To disarm the main OFFICE/WAREHOUSE alarm, enter your 4-digit pin number and push the “padlock unlock” button. The alarm panel will stop beeping and the office lights will turn on indicating the alarm has been disarmed. If the alarm panel continues to beep complete step 3 again. Note: This panel will only disarm the office and the warehouse, it will not disarm the yard/canopy areas (refer to step 5 for instructions to disarm the yard/canopy areas)You can now enter the main lobby doors by swiping your key fob or entering your 4 digit pin in the keypad.To disarm the YARD/CANOPY areas and open the roller gates go to the alarm panel located in the warehouse by the first fire exit door, enter your 4-digit pin number and push the “padlock unlock” button. The alarm panel will disarm and the blue light above the warehouse toilet will turn off, and the roller gates will open. . If the alarm panel continues to beep complete step 3 again. /Blue light indicating Yard/Canopy areas are armed/The “First Person In” Warehouse staff member will need to open both Roller doors, the switches are located to the right of each door and only require you to press the “up arrow” once. They will automatically roll all the way up. Unlock the “Customer Collects” door from the inside.",Q:\Procedures\Admin\902G First Person In Procedure Drury.docx,"alarm, key, disarm, panel, enter","Same as above, but tailored for the Drury site’s specific procedures."
902G First Person In Procedure Drury.pdf,,Q:\Procedures\Admin\902G First Person In Procedure Drury.pdf,,
902G First Person In Procedure.docx,"The following check list needs to be completed by the first key holder in the building.ALARM  how to disarm the buildingStep 1Turn the gate off by turning your key to the left and then back to the 12oclock position. Once the gate is turned off, the green light should now stop flashing.Step 2Open both GatesStep 3Unlock the front door; enter your 4 digit code into the control panel located by the office door.LIGHTSTurn on lights in the warehouse and in the offices.ANSWER PHONEThey Turn over AutomaticallyNight Phone at 5.00pmDay Phone 8.00amCheck message on answer phone by pressing “PLAY” … note down any messages on a sheet of paper then press delete button when finishedNote: This Excludes Dee due to early start",Q:\Procedures\Admin\902G First Person In Procedure.docx,"phone, key, door, gate, answer","Checklist for the first person arriving on site, ensuring safe and operational setup."
903G Last Person Out Procedure Drury.docx,"The last person to leave the warehouse needs to complete the following steps to arm the warehouse/canopy area:Note: Step one will be completed by a warehouse team member.To arm the yard/canopy areas and close the roller gates, go to the alarm panel located in the warehouse by the first fire exit door. Enter your 4-digit pin number and press the “padlock lock” button. The alarm panel will arm, the blue light above the warehouse toilet will turn on, and the roller gates will close. If the alarm panel continues to beep, please repeat these steps.he last person to leave the office needs to complete the following steps to arm the main building:Before setting the alarm, ensure the following doors are locked:Gym sliding doorsKitchen sliding doorsCustomer collection doorOffice-to-yard door To arm the main alarm, enter your 4-digit pin number and press the “padlock lock” button. The alarm panel will begin the TESTING process to check if any zones are still open. Once TESTING is complete, the alarm will enter EXIT delay mode, and you will hear a long beep. You now have 60 seconds to exit the building.One minute after setting the alarm, any office or warehouse lights left on will automatically turn off, and the system will be armed. If the alarm panel does not respond, repeat step 2.NOTE: If the system does not enter Exit delay mode and displays “Zone Open,” you will need to check the indicated zone. For example, if it displays “Kitchen Zone Open,” ensure the kitchen doors are shut correctly.Exit the car park, close and padlock the gate behind you.",Q:\Procedures\Admin\903G Last Person Out Procedure Drury.docx,"alarm, warehouse, panel, arm, exit","Same as above, but specific to the Drury location."
903G Last Person Out Procedure Drury.pdf,,Q:\Procedures\Admin\903G Last Person Out Procedure Drury.pdf,,
903G Last Person Out Procedure.docx,"The last person in the office needs to do the BELOWPHONESThey Turn over AutomaticallyNight Phone at 5.00pmDay Phone 8.00amLIGHTSTurn off all lights in warehouse and in officesALARMHow to arm Alarm when leaving:Step 1: Enter your code. Step 2: Push button marked Arm.Once you have done this, the alarm should go into the leaving mode of 1 minute.If it does not go into leaving mode comes up with another zone Open, you will have to check that zone (see list of zones below).  If all zones appear to be ok you can force activate the alarm by following Step 1 and Step 2, then push Force button to override the zone with the problem.  Please advise Dan of any problems the next working day.Step 3: Leave the building and lock up behind you.Step 4: Turn the gate on by turning your key to the right and then back to the 12 oclock position.  Once the gate is turned on, the green light should be flashing.Zone Area CodesZone 1  ReceptionZone 2  Admin Building (By Entrance Door into Office)Zone 3  Offices 1 (Boardroom)Zone 4  Downstairs meeting room (Dan/Kelly/Bruce Office)Zone 5  Offices 3 (Lance Office)Zone 6  Offices 4 (Phil Office)Zone 7  Open plan Offices (By Brochure Unit)Zone 8  Lunchroom (By Entrance Door)  Zone 9  Warehouse EntryZone 10  Warehouse Roller Door 1Zone 11  Warehouse Roller Exit DoorZone 12  Rear Stairs WarehouseZone 17  Warehouse Roller Door 2Zone 18  Warehouse Entry Side DoorZone 24  TamperNote: If one of these codes comes up on the Security Panel you might have to check that the area has been locked up.Lock Up consists of:Make sure Lunchroom Doors are LOCKEDMake sure all Toilet lights and Office lights both Upstairs and Downstairs are turned OFFCheck all computers are Turned OffCheck everything is turned off out in the WarehouseSet the Phones on Night PhoneSET ALARM and LOCK DOORIf needed you might have to wait for Courier to pick up parcels or finish off pick upLast but not least Lock Gate and turn Fence Alarm on",Q:\Procedures\Admin\903G Last Person Out Procedure.docx,"zone, warehouse, step, office, alarm","Checklist or steps for the last employee leaving the premises (lock-up, alarms, etc)."
905G Security Camera Procedure.docx,"Security Camera Full Users Manual Available  See Dan(Note: you need to use the CCTV mouse that is stored in the server room)Turn on mouse-underneath off/on  make sure you turn it offTo view footage Right Click  this opens Main MenuEnter/Select Login (Firstflex)Enter password (54321)Click EnterSelect SearchClick on time line  (yellow = monitored activity)Fast forward using arrowsClick Play to return to normal speed*CLICK STOP TO CHANGE CAMERASRecording from Camera to USBBottom Right / Click on Icon = File List Select Camera = TOP 1 2 3 4 etc.Tick EventsClick Save Icon (Bottom Right)Select stick (USB) (NOTE: USB Stick is already connected and is attached in behind the screen).  Replace if you remove it.Click BackupRight Click to EXITOR VIA MAIN MENU / BACKUPAny Problems with Any of the Cameras or the SystemContact: Andrew WaughCornerstone Security Ltd69 Ina Ville DrivePukekohe, 2120ph: 027 270 8705 / 09 238 6878",Q:\Procedures\Admin\905G Security Camera Procedure.docx,"click, camera, select, right, mouse","Instructions on operating, reviewing footage, or maintaining security camera systems."
906G Green Light Thinking Procedure.docx,Employees will write their Green Light Thinking ideas on the paper provided and put into the GLT Ideas box.Green Light Thinking ideas put forward will be typed up and put on to the GLT Project Sheet.The Operations Manager and Marketing Assistant will discuss the ideas and decide on which ideas can be actioned.The Health & Safety Committee will discuss the health & safety ideas put forward.The Operations Manager or Marketing Assistant will discuss unsuccessful ideas with the individuals who put the ideas forward.Successful ideas will be displayed on the noticeboard quarterly.HODs will be involved in the implementation of GLT ideas that affect their department.GLT ideas will be reported to the Board quarterly.,Q:\Procedures\Admin\906G Green Light Thinking Procedure.docx,"ideas, glt, discuss, forward, marketing","Document promoting proactive, solution-focused thinking—possibly for training or culture."
907G Email Signature Procedure.docx,"Email signatures are setup in Adobe Indesign by the marketing department (the master template is in Q Drive: \ Email Signature files folder.The email signature will be created and saved as a Jpeg in the Email Signature Files Folder  named with the relative persons name.Once created - Open Outlook and click on New (like starting a new Email). Click on Signature in the ribbon and select Signatures. Click on New and then name the signature with the persons name. Click in the box to edit the Signature and then click the insert picture icon. Browse the files to find the signature picture you require in Q Drive\Email Signature Files and double click it to insert in signature editing box. Under the signature image, add a space then type in the words: www.firstflex.co.nz  (make this bold slightly larger in navy blue)You then need to decide if you want the signature to be on only New Messages and Replies and Forwards as well by using the drop down menus on the top right. Once decided on this click Save then OK and you are finished. ",Q:\Procedures\Admin\907G Email Signature Procedure.docx,"signature, click, email, files, new",Standards and formatting guide for professional email signatures across the company.
908G Grandstream Telephone User Guide.docx,"Next Telecom Support Phone:(09) 969 0606Email:service@vadacom.com  Emergencies only:Yuri - ph. 021 144 1133Account Manager:Nathan Goldfinch Phone:021 509 642Escalation:PK Robb (Robbie) Phone:021 555 999Do not dial 1 for outside lineDial the number before you pick up the phone, then the call is immediately connected when you lift the receiver or hit the Dial button.The Dial button is the green phone button to the right of the hashtag button.Night Mode is from 5:00pm until 8:00am.  Phones will ring 4 times before going to voice mail.Pick up a call when in a groupPress *8 then Dial to answer immediately.Put a call on holdWhen you are on a call, press the Hold (pause) button at the lower right side of the phone. /You can answer another incoming call by pressing *8 and hit the Dial button to make it happen immediately.  You can put another call on Hold the same way and then switch between them using the up and down arrow keys and hitting Resume.   In the example below, I have 2 people on hold.When you have someone on hold, you can start a new call by pressing on of these buttons and dialling a number.Transfer a callDuring a callTo transfer a call: When talking to a customer, press the Transfer key/Dial the extension to transfer to, then select the type of transfer  Blind or Attended Blind: The call is transferred immediately, so just hang up.Attended: This gives you a chance to speak to the person you are transferring to.  Once you have announced the caller, just hang up.If the person you are transferring to doesnt want the call he / she can hang up and the call comes back to you./   BlindAttended",Q:\Procedures\Admin\908G Grandstream Telephone User Guide.docx,"phone, button, dial, transfer, hold","User guide for operating Grandstream telephones, including call handling and settings."
910G Back Up & Emergency Numbers.docx,COMPANYCONTACTPHONEVelocityOfficeRoy (Pronto Issues)Wayne (Network Issues)09 358 4445029 921 6753021 225 6745Secom Guardall (alarm monitoring)Office24 Hour09 444 95130800 007 100TransfreightOffice Rep  Wayne Neal09 274 1427021 953 850Takanini Engineering (engineer)Office                09 267 4202Turned on Electrical (electrician)Jason or Zane 0800 288 766EnviroWaste (outdoor bins)OfficeRep  Porrina Tua0800 240 120021 916 985Toll PriorityOffice0800 231 531NZ CouriersOfficeDriver - MonishRep  Brent Pierpoint0800 800 841027 836 0433021 182 8867Vadacom/Next Telecom(faults & system failure)Office 0800 006 398MainfreightOfficeDriver - JasRep  Beau Birtwistle09 259 5500021 564 123027 278 7738OwensOfficeDriver  SaviRep  George Franks09 589 2400021 160 9600027 572 4023Tri-StarOfficeSales Manager - Marie09 256 5115027 491 6170,Q:\Procedures\Admin\910G Back Up & Emergency Numbers.docx,"issues, wayne, office, 0800, companycontactphonevelocityofficeroy",List of emergency contact numbers and backup communication methods for 910G site.
911G Power Outage Procedure.docx,"Contacts: Dan, Dean, NauIn the event of the loss of power, the automatic transfer switch will send a signal to the generator to start up and transfer the power back to the switch board. The Operation Manger will also be notified by Vector of the power outage This will supply power to all areas of our business including winders, top office and kitchen. The crisis team will determine what equipment can be used at the time of the power outage based on the outage, time of outage, weather and time of day.The downstairs and upstairs office aircon will automatically be isolated (turned off) when there is a power cut to reduce the load to the generator on start up. The aircon in the server room will remain running at all times. Once the generator is running you can activate the downstairs and upstairs office aircon - refer to page 2 for Aircon activationThe generator fuel level will be monitored monthly as part of the Firstflex maintenance plan. The fuel level will be kept at 60L 50% at all times. In the event of the loss of power after work hours the generator will continue to supply power to our business overnight until we arrive the next morningIn the event that the generator does not switch on due to complication with the automatic changeover switch we will need to manually start the generator.Press the hand button   which will indicate a green light then press the green start button   to start the generatorAircon Activation This is only to be done by Dan, Dean and NauOnce we have determined the reason for the fault and the time frame to fix it, we have the option to activate different parts of the office aircon. This can only be done by Dan, Dean and Nau as they will need to determine the Voltage load on the Generator at the time. To re-activate the aircon:Isolate the Aircon circuit breakers in the switchboards2. Turn on the “Gen Aircon bypass” with the key (the key is located behind the security lights switchboard door).   3. Turn on the desired Aircon circuit breaker to start that unit.           Once the power has come back on the Automatic Generator/Mains transfer switch will countdown 5 minutes, then transfer back over to the mains power. The Generator will continue to run for another 5 minutes to cool down then it will shut down automatically and reset itself to Auto mode. In the event that the main generator has a fault and the backup fails, we will need to contact our local hire center and hire a 3 phase Generator which we can plug into the old backup system.Plug the black lead into the hired generator, cut the red and black cable ties and turn the switch from MAIN to AUX, this will power up…The server roomAircon in the server roomInternal sales computersOrder entry computersPhonesUse the other sockets on the hired generator to run…Dispatch computerWinder one and Winder twoLifter one and lifter twoContactsGenerator SuppliersIT Power Services LtdAndre Uitzinger - Solutions SpecialistPhone: 09 415-5086Mob: 021 316 561Service:0800-IT-POWER (24-hour)Repair:Tim  ph: 021 316 415.ElectriciansTurned On Electrical Ltd0800 2 TURN ON (0800 288 766)Jason 027 293 6660Zane027 293 6669Hire CentresHire Pool-TakaniniPhone: 09 298 7426Address:Cnr Great South Road and Inlet Road, Takanini Email: takanini@hirepool.co.nz Kennards Hire-PapakuraPh: 09 298 7929Address:3 Ray Small Drive, Papakura Email:papakura@kennardshire.co.nz ",Q:\Procedures\Admin\911G Power Outage Procedure.docx,"generator, power, aircon, switch, start",Procedure for staff to follow during a power outage event in the 911G office location.
912G Firstflex Disaster Recovery Manual - Computers.pdf,,Q:\Procedures\Admin\912G Firstflex Disaster Recovery Manual - Computers.pdf,,
912G Meeting Room Booking Procedure.docx,"Please consider using the smallest room that meets your requirements, for example reserve the boardroom for large meetings.The downstairs lunch room and the main boardroom have been set up with AV functionality - this has a booking system that can also assign bookings to these same rooms.StepsIn Outlook, click on the Calendar tab (bottom left of screen).Select New Meeting from the menu bar at the top.Enter the meeting details as usual. Click on the Rooms field. A pop up screen of the meeting rooms will appear.Click on the room youd like to book and click OK. Your chosen meeting room will appear in the location fieldClick on Scheduling Assistant to check for any scheduling conflicts. If no conflicts, click on send. Your meeting is now booked.Note: If you book a meeting and there is a scheduling conflict, the meeting room will decline the meeting.",Q:\Procedures\Admin\912G Meeting Room Booking Procedure.docx,"meeting, click, room, rooms, scheduling",Explains how to reserve and manage bookings for the 912G meeting room.
Thumbs.db,,Q:\Procedures\Admin\Thumbs.db,,
Path link,,Path,,
Path link,,Path,,
Path link,,Path,,
Path link,,Path,,
Path link,,Path,,
Path link,,Path,,
Path link,,Path,,
Path link,,Path,,
Path link,,Path,,
Path link,,Path,,
Path link,,Path,,
Path link,,Path,,
Path link,,Path,,
Path link,,Path,,
Path link,,Path,,
Path link,,Path,,
Path link,,Path,,
Path link,,Path,,
Path link,,Path,,
Path link,,Path,,
Path link,,Path,,
Path link,,Path,,
Path link,,Path,,
Path link,,Path,,
Path link,,Path,,
Path link,,Path,,
Path link,,Path,,
Path link,,Path,,
Path link,,Path,,
Path link,,Path,,
Path link,,Path,,
Path link,,Path,,
Path link,,Path,,
Path link,,Path,,
Path link,,Path,,
Path link,,Path,,
Path link,,Path,,
Path link,,Path,,
Path link,,Path,,
Path link,,Path,,
Path link,,Path,,
Path link,,Path,,
Path link,,Path,,
Path link,,Path,,
Path link,,Path,,
Path link,,Path,,
Path link,,Path,,
Path link,,Path,,
Path link,,Path,,
Path link,,Path,,
Path link,,Path,,
Path link,,Path,,
Path link,,Path,,
Path link,,Path,,
Path link,,Path,,
Path link,,Path,,
Path link,,Path,,
Path link,,Path,,
Path link,,Path,,
Path link,,Path,,
Path link,,Path,,
Path link,,Path,,
Path link,,Path,,
Path link,,Path,,
Path link,,Path,,
Path link,,Path,,
Path link,,Path,,
Path link,,Path,,
Path link,,Path,,
Path link,,Path,,
Path link,,Path,,
Path link,,Path,,
Path link,,Path,,
Path link,,Path,,
Path link,,Path,,
Path link,,Path,,
Path link,,Path,,
201AS_2 Carsupada Assembly Procedure.docx,"Product code: CARSUPADADescription: Caravan Supply AdaptorTools Required:Side cuttersCorter Crimp toolScame SpannerDrill pressSealing Machine/Jigs Required:Placement jig (for drilling cover holes)Inside support (for drilling holes)Test Equipment:Test and Tag unitCOMPONENTSMCBCOVER2PM(2 Module MCB Enclosure)PP130 X 32(PVC PANEL 130 x 32 x 3mm)2028(Cyberbond Super Glue)MCB110////12mm Flexi Gland + Lock Nut2MAPL1W (2m Appliance Lead)313.1643PTR Connector///Labelfor back of PVC panel/Instruction SheetBag & label/JIGSPlacement jig Inside support jig //ASSEMBLY INSTRUCTIONS:Unscrew the base from the lid./After removing the protective film from the PVC panel, glue on to the back for the MCB cover base using Cyberbond super glue. Affix label to PVC panel.Add batch number to label.//Mark the centre of the top of the MCB cover.Set up placement jig so uni drill bit is centred on the centre mark.Insert inside support and drill a hole each end.//Attach a Flexi Gland to each end of the MCB cover./CARE SHOULD BE TAKEN WHEN HANDLING THE 2MAPL1W CABLE TO PREVENT EYE INJURY FROM THE CABLE WHIPPING AROUND.  Safety glasses may be worn. Unravel the cable with the end facing downwards, away from your face.Thread the 2MAPL1W cable through the Flexi Gland from the end that has the moulded mark./Align the 130mm stripped section inside the cover.Tighten both cable glands.Cut the brown (phase) wire in half./Strip the ends of the brown (phase) wire and crimp a Corter 1.5 on to them.Push the earth & neutral wires to one side so they dont interfer with the MCB110 switch placement./Clip the MCB110 onto the dinrail on the base of the MCB cover module. Make sure MCB110 is fitted correctly as per pic. (note. 3 pin plug end of cable needs to go into the ON side of MCB110.)/Attach the two ends of the brown (phase) wires into the MCB110 using the manual torque screw driver. Refer to wiring diagram on last page.MAKE SURE ONLY THE BROWN (phase) WIRE IS TERMINATED.  Align MCB110 through top slot of cover insuring all wires are clear of edges and screw on the cover.//Connect the 313.1643P.TR to the end of the cable that was stripped to 50mm, following the colour coding.//Use this spanner to tighten the connectors lock nut.Test according to AS/NZS 3760 using the Omega GT XA tester. (refer to 216AS Testing Procedure)/Label bags & fold intruction sheets.Place Carsupada into a bag long with instruction sheet.Seal bag & pack in box./REASON of issue; step 9  cable handling warning added./",Q:\Procedures\Assembly\201AS_2 Carsupada Assembly Procedure.docx,"cable, cover, mcb110, end, mcb",Assembly procedure for the Carsupada product or component.
201AS_4 Checkmate Assembly Procedure.docx,"Product Code:CHECKMATEDescription:Inline Power MeterTools Required:Side CuttersCorter Crimp ToolDrill PressSealing MachineScame Spanner/InstructionsScrew down the piece of din rail that was provided with the box as shown in the photo./Drill a hole to suit GPG11GY gland. Do this top and bottom of box./Drill a 5.5mm hole through the centre of both depressions on the inside of the 672.2002 box. This show be approx. 20mm from the end and 37mm from the side. /Cut a piece of ALD1P din rail 250mm long.Position so three slots on the din rail are showing at one end of 672.2002 box. This will now be the top.Attach din rail onto the back of the 672.2002 box using two 5mm x 12mm screws from the inside with WASH31612SS washers. Secure with WASH5N washers, lock washers and nuts at back of din rail./Cover screws on the inside with caps supplied with the 672.2002 box. /At approx. 1.5m along cable strip approx. 200mm of outer sheath.Thread cable in through the bottom of the gland and out through the top. Secure glands.Cut the live and neutral wires as shown in the photo to suit fixing to the DEM015./Bottom                                         TopPosition the red LED on the DEMO15 is at the top of the box.Connect the wires as per wiring diagram  Apply electrical triangle label to inside side wall of box opposite DEMApply Safety Tested label in same area as above, (note this is applied prior to testing since the unit would not be put into stock with a FAILED test.)/Use label printer to print batch number and apply as per photo/Screw lid onto box using the 4 screws that were provided with the box.Insert blanking plate next to DEM015/Secure a 213.1633PTR onto the top end of the 1.5m cable and a 318.1643PTR onto the bottom end of the cable./Test unit.",Q:\Procedures\Assembly\201AS_4 Checkmate Assembly Procedure.docx,"box, rail, din, 672, 2002","Checkmate product assembly procedure, version 4."
202AS_5 Checkmate Assembly Procedure.docx,"Product Code:CHECKMATEDescription:Inline Power MeterTools Required:Side CuttersCorter Crimp ToolDrill PressSealing MachineScame Spanner/InstructionsScrew down the piece of din rail that was provided with the box as shown in the photo./Drill a hole to suit GPG11GY gland. Do this top and bottom of box./Drill a 5.5mm hole through the centre of both depressions on the inside of the 672.2002 box. This show be approx. 20mm from the end and 37mm from the side. /Cut a piece of ALD1P din rail 250mm long.Position so three slots on the din rail are showing at one end of 672.2002 box. This will now be the top.Attach din rail onto the back of the 672.2002 box using two 5mm x 12mm screws from the inside with WASH31612SS washers. Secure with WASH5N washers, lock washers and nuts at back of din rail./Cover screws on the inside with caps supplied with the 672.2002 box. Attach a gland to both the top and bottom of the box/At approx. 1.5m along cable strip approx. 200mm of outer sheath.Thread cable in through the bottom of the gland and out through the top. Secure glands.Cut the live and neutral wires as shown in the photo to suit fixing to the DEM015./Bottom                                         TopPosition the red LED on the DEMO15 is at the top of the box.Connect the wires as per wiring diagram  Apply electrical triangle label to inside side wall of box opposite DEMApply Safety Tested label in same area as above, (note this is applied prior to testing since the unit would not be put into stock with a FAILED test.)/Use label printer to print batch number and apply as per photo/Screw lid onto box using the 4 screws that were provided with the box.Insert blanking plate next to DEM015/Secure a 213.1633PTR onto the top end of the 1.5m cable and a 318.1643PTR onto the bottom end of the cable./Test unit.UPDATES;“Attach a gland to both the top and bottom of the box” added",Q:\Procedures\Assembly\202AS_5 Checkmate Assembly Procedure.docx,"box, rail, din, cable, 672","Checkmate product assembly procedure, version 5."
203AS MGB1 Assembly Procedure.docx,"Product code: MGB1Description: Meter BoxTools Required:Caulking GunBackboard Mounting BoxDrillOscillating KnifeRollerScraperRulerHeat GunMETER BOX COMPONENTSMGBLDM (Meter Box Lid Moulding) MBGPC (Meter Box Back Panel)MGBE (Meter Box Base Moulding)Flashing KitFLASHING KIT COMPONENTSFlashing Kit InstructionsPVCANG365 + PVCANG565MGBFLTP + MGBFLBMMeter Erector PackElectrician Pack.ASSEMBLY INSTRUCTIONS for Flashing Kit (MGBFK):Assemble the neutral stud (NEUSTU) in the following order as per the photo below: SCRM625CSB, STADOFF (Standoff Mould), NUTM6B, WASHM6B, WASHM6B, NUTM6B.Make up the electrician pack (ELEPAC) using the following items as per the photo: BAG9, NEUSTA, SCR820PP x 4, SCR812MP X 2Make up the erector pack (EREPAC) using the following items as per the photo:  BAG9 & SCR820PP x 4. Stick the Erector pack label on the outside of the bagCut a 600mm length of tube and seal off one end.To make the Flashing Kitset, place the following items into the tube: 1 x EREPAC, 1 x ELEPAC, 2 x PVCANG365, 2 x PVCAND565, 2 x MGBFLTP, 2 x MGBFLBM, 1 X MGB Instruction Set. Seal the tube.ASSEMBLY INSTRUCTIONS for Meter Box Lid (MGBLID):Look for any distortions in the lid moulding before continuing. Place any distorted lids to one side and continue with the rest. (A distorted lid will have a wave or waves around the window frame which means the window wont seal properly)Using the sanding plate (See Photo) sand down any off the left over strut from the inside of the meter box lid/Roughen around the window opening on the inside of the lid using the sanding plate Use the chamfer tool to clean the edge of the window holes top and bottomRemove the protective strip from the acrylic window and carfully place in a pile, so you dont scratch themApply adhesive uniformly on the inside of the lid around the window space.Fix the acrylic window on top of the glued area and apply pressure so that the glue is evenly spread between the window and lid, for good sealing and adhesion. Now run the wooden roller around the seal.Stack the glued lids into piles of 25, separating the lids by placing the wooden boards between the lids.Place 50kg of weight on top of each stack within 45 mins of completing a stack.Leave lids for 24 hours to cure.After curing, clean any excess glue off the window using meths and ruler.ASSEMBLY INSTRUCTIONS for Meter Box Base (MGBE)Place the back board on the base assembly jig. Place the empty meter box base over the jig and screw the base to the back board with 8g x ¾ mushroom head screws.Do not remove protective film from back board. Place on Jig so it wont be seen once srewed to the base.Note: If unprotected side of the backbaord is scrathed, place this side up in jig so it will be hidden once screwed. The protective film will then need to be removed.Screw 2 x 10g x 5/8 screws into the hole on the bottom of the meter box base.Stick an Electrex label on the bottom inside centre of the metre box base.ASSEMBLY INSTRUCTIONS for MGB1Place the MGBFK (Flashing Kit) inside the assembled meter box basePlace the MGBLID (Meter Box Lid) upside down on top of the MGB baseSlide the assembled meter box base and lid into the MGB carton and tape the carton shut.",Q:\Procedures\Assembly\203AS MGB1 Assembly Procedure.docx,"box, meter, lid, window, base",Assembly instructions for the MGB1 product model.
204AS Marine Supply Leads Procedure.docx,"Product Code:MARSUPDescription:Marine Supply LeadsTools Required:Side CuttersScrew DriversCorter Crimp ToolDrill PressSealing MachineScame SpannerTest Equipment:Test & Tag unitCOMPONENTS for MARSUP10570.5052 / DOM10FACE /632.1500DOM1INS / DOM1TERMGPM16GYRV03/1.5ORASSYMCB110218.1633PTR         COMPONENTS for MARSUP10E570.5052 / DOM10FACE /632.1500DOM1INS / DOM1TERMGPM16GYRV03/1.5ORASSYRCBO210218.1633PTRCOMPONENTS for MARSUP15570.5052 / DOM10FACE /632.1500DOM1INS / DOM1TERMGPM20GYRV03/2.5ORASSYMCB110218.1633PTRCOMPONENTS for MARSUP15E570.5052 / DOM10FACE /632.1500DOM1INS / DOM1TERMGPM20GYRV03/2.5ORASSYRCBO210218.1633PTRCOMPONENTS for MARSUP20570.5052 / DOM10FACE /632.1500DOM1INS / DOM1TERMGPM20GYRV03/2.5ORASSYMCB110218.1633PTRCOMPONENTS for MARSUP20E570.5052 / DOM10FACE /632.1500DOM1INS / DOM1TERMGPM20GYRV03/2.5ORASSYRCBO210218.1633PTR      ASSEMBLY INSTRUCTIONSMARSUP10/10E: Drill a 16mm hole in the top of the 632.1500 enclosure as shown in the photo.MARSUP15/15E/20/20E: Drill a 20mm hole in the top of the 632.1500 enclosure as shown in the photo.MARSUP10/10E: Screw the GPM16GY into the hole that you drilled.MARSUP15/15E/20/20E: Screw the GPM20GY into the hole that you drilled.Cut the plug and connector off the supply lead if required and strip the outer sheath of one end back by 350mm.Insert the cable end that was stripped back through the gland and secure with cable tie on the inside of the box against the gland. This will help ensure that the cable is not pulled out of the gland.MARSUP10/15/20: Clip MCB110 on to the din rail.MARSUP10E/15E/20E: Clip RCBO210 on to the din rail./MARSUP10/15/20: Using the brown wire, measure with the wire from the gland to the top of the MCB. Give yourself enough length to do a proper termination. Now cut the brown wire to the desired length. Strip 10mm from the insulation and crimp a Corter onto the end. Terminate the brown wire into the top of the MCB.MARSUP10E/15E/20E: Using the brown and blue wires, measure with the wire from the gland to the top of the RCBO. Give yourself enough length to do a proper termination. Now cut the brown and blue wires to the desired length. Strip 10mm from the insulation and crimp a Corter onto the ends. Terminate the brown and blue wires into the top of the RCBO.MARSUP10/15/20: Using the brown wire that was cut off, strip 10mm from the insulation from one end and crimp a Corter onto that end. Terminate the wire into the bottom of the MCB.MARSUP10E/15E/20E: Using the brown and blue wires that were cut off, strip 10mm from the insulation from one end of both wires and crimp a Corter onto that end. Terminate the wires into the bottom of the RCBO.     Loosely place the face plate on the box to determine the wire length.  Cut the green/yellow to required length.  Hold the brown, blue and green/yellow wires with their ends lining up. Cut the brown and blue wires 30mm shorter than the green/yellow wire. This will ensure that the last wire to be disconnected, if they are pulled out, is the earth wire.Strip 10mm from the insulation from the remaining end of all three wires and crimp a Corter onto each end Connect all three wires to the DOM1TERM.  Assemble the DOM1TERM, DOM10FACE and DOM1INS/Remove the screws from the 570.5052 and replace with SCR834PPSS.  Secure to the face plate.Clip the assembled DOM1INS into the back of the 570.5052        MARSUP10/15/20: Push the MCB110 over to the left and clip in the blanking plate that was provided with the enclosure. Secure face plate to 632.1500box.MARSUP10E/15E/20E: Push the RCBO210 over to the left and clip in the blanking plate that was provided with the enclosure. Secure face plate to 632.1500box.Put the key, lock and bungs that were provided with the enclosure in the window and close it.Strip 55mm off the remaining end of the cable and wire it up to the 218.1633PTR plug.Mark the bottom with the batch number.Unit is now complete. Proceed with testing and tagging of unit.",Q:\Procedures\Assembly\204AS Marine Supply Leads Procedure.docx,"wire, brown, 632, wires, end",Lead generation or processing instructions for Marine Supply products.
204AS_3 Marine Supply Leads Procedure.docx,"Product Code:MARSUPDescription:Marine Supply LeadsTools Required:Side CuttersScrew DriversCorter Crimp ToolDrill PressSealing MachineScame SpannerTest Equipment:Test & Tag unitCOMPONENTS for MARSUP10570.5052 / DOM10FACE /632.1500DOM1INS / DOM1TERMGPM16GYRV03/1.5ORASSYMCB110218.1633PTR         COMPONENTS for MARSUP10E570.5052 / DOM10FACE /632.1500DOM1INS / DOM1TERMGPM16GYRV03/1.5ORASSYRCBO210218.1633PTRCOMPONENTS for MARSUP15570.5052 / DOM10FACE /632.1500DOM1INS / DOM1TERMGPM20GYRV03/2.5ORASSYMCB110218.1633PTRCOMPONENTS for MARSUP15E570.5052 / DOM10FACE /632.1500DOM1INS / DOM1TERMGPM20GYRV03/2.5ORASSYRCBO210218.1633PTRCOMPONENTS for MARSUP20570.5052 / DOM10FACE /632.1500DOM1INS / DOM1TERMGPM20GYRV03/2.5ORASSYMCB110218.1633PTRCOMPONENTS for MARSUP20E570.5052 / DOM10FACE /632.1500DOM1INS / DOM1TERMGPM20GYRV03/2.5ORASSYRCBO210218.1633PTR      ASSEMBLY INSTRUCTIONSMARSUP10/10E: Drill a 20mm hole in the top of the 632.1500 enclosure as shown in the photo.MARSUP15/15E/20/20E: Drill a 20mm hole in the top of the 632.1500 enclosure as shown in the photo.MARSUP10/10E: Screw the GPM16GY into the hole that you drilled.MARSUP15/15E/20/20E: Screw the GPM20GY into the hole that you drilled.Cut the plug and connector off the supply lead if required and strip the outer sheath of one end back by 350mm.Insert the cable end that was stripped back through the gland and secure with cable tie on the inside of the box against the gland. This will help ensure that the cable is not pulled out of the gland.MARSUP10/15/20: Clip MCB110 on to the din rail.MARSUP10E/15E/20E: Clip RCBO210 on to the din rail./MARSUP10/15/20: Using the brown wire, measure with the wire from the gland to the top of the MCB. Give yourself enough length to do a proper termination. Now cut the brown wire to the desired length. Strip 10mm from the insulation and crimp a Corter onto the end. Terminate the brown wire into the top of the MCB.MARSUP10E/15E/20E: Using the brown and blue wires, measure with the wire from the gland to the top of the RCBO. Give yourself enough length to do a proper termination. Now cut the brown and blue wires to the desired length. Strip 10mm from the insulation and crimp a Corter onto the ends. Terminate the brown and blue wires into the top of the RCBO.MARSUP10/15/20: Using the brown wire that was cut off, strip 10mm from the insulation from one end and crimp a Corter onto that end. Terminate the wire into the bottom of the MCB.MARSUP10E/15E/20E: Using the brown and blue wires that were cut off, strip 10mm from the insulation from one end of both wires and crimp a Corter onto that end. Terminate the wires into the bottom of the RCBO.     Loosely place the face plate on the box to determine the wire length.  Cut the green/yellow to required length.  Hold the brown, blue and green/yellow wires with their ends lining up. Cut the brown and blue wires 30mm shorter than the green/yellow wire. This will ensure that the last wire to be disconnected, if they are pulled out, is the earth wire.Strip 10mm from the insulation from the remaining end of all three wires and crimp a Corter onto each end Drill out the center hole of the DOM10FACE to 4mm.  Tap out the hole in the DOM1TERM to 4mm.Connect all three wires to the DOM1TERM.Assemble the DOM1TERM, DOM10FACE and DOM1INS/Remove the screws from the 570.5052 and replace with SCR834PPSS.  Secure to the face plate.Clip the assembled DOM1INS into the back of the 570.5052        MARSUP10/15/20: Push the MCB110 over to the left and clip in the blanking plate that was provided with the enclosure. Secure face plate to 632.1500box.MARSUP10E/15E/20E: Push the RCBO210 over to the left and clip in the blanking plate that was provided with the enclosure. Secure face plate to 632.1500box.Put the key, lock and bungs that were provided with the enclosure in the window and close it.Strip 55mm off the remaining end of the cable and wire it up to the 218.1633PTR plug.Mark the bottom with the batch number.Unit is now complete. Proceed with testing and tagging of unit.UPDATES;Step 1, 10/10E gland hole size amendedStep 10 added",Q:\Procedures\Assembly\204AS_3 Marine Supply Leads Procedure.docx,"wire, wires, brown, 632, end",Alternate or revised version of Marine Supply leads workflow.
205AS_7 CARSUPBX Procedure.docx,"Product code: CARSUPBX Description: Caravan Supply Box/CARSUPBX4L  DRILLING JIGS LIST:JIG2JIG3JIG4///JIG5HAT JIG// ASSEMBLY INSTRUCTIONSCut din rail to approximately 100mm. Hold in position on cross bar and drill a hole through each end of the din rail. Screw on using 2 x SCR812MP screws. (Only one din rail required for boxes requiring kwh meters, attached to the bottom box.)Glue a backing plate on one CSTN6U terminal. Mount this and a second CSTN6U terminal so terminals are shieldedFor a 1, 2, 3 way or stacked box option, use JIG2 as a guide and drill the 5 holes, (middle one as a guide hole for the hole saw), on bottom of the 625.3500 to 5.5mm. Note, this is only done on the bottom box of a stacked option./For a 1, 2, 3 way or stacked box option, use the guide hole drilled in step 2 to center the hole saw and drill the center hole (for installation cable).For a 4 way box, use JIG3 as a guide and drill all 5 holes on the bottom front of the 625.3500 box with a 4.5mm drill. Remove jig and using the uni-drill, drill the center hole to 12mm diameter/For a 4 way box, flip JIG3 over, use as a guide to drill all 5 holes on the 570.0016 box with a 4.5mm drill. Remove jig and using the uni-drill, drill the center hole to 12mm diameter//If a light is required, use JIG4 to mark the left hand side of the back panel of the 625.3200 for the photocell. Drill out the hole using the uni-drill, 18mm in diameter.//Also use JIG5 to make the top of 625.3500 box for position for LED light wire entry. Drill out the hole to 5.5mm.If assembling a stacked box option, use JIG5 to mark the 4 corner and middle holes on the BOTTOM of the TOP 625.3500 box, and TOP of the BOTTOM 625.3500 box. Drill out the holes to 5.5mm. Use this box to mark the holes on the top of the second box. Once again drill all holes to 5.5mm./Using the uni-drill, drill the center hole on box boxes to 20mm diameter to suit the GCN20. /Cut rubber gasket material to fit between boxes./Screw both boxes together using SCR520PPSS screws, WASHM5Lwashers & NUT5SSNY nuts.Insert GCN20 and lock each side with GCLN20s in middle hole./For a 4 way, screw the 570.0016 onto the 625.3500 (from the inside of the 625.3500) using M4 x 12mm screws and M4 nuts.Plug the holes in the back of the 570.0016 with the bungs from the kit supplied with this part./For a 4 way, using the cup, mark the 4 holes onto the 625.3500 and drill to 5.5mm. //For ALL variations, insert the donut into the cup, line up the holes and screw the cup and donut onto the 625.3500 box using the M5 s/steel screws, M5 lock washers and M5 nuts.//Drill through the center of the cup with the 1 ½” hole cutter./Affix high voltage warning label to bottom inside of box. Use Brother label printer to print 2 x batch number labels. Affix one on the inside of the box opposite the high voltage warning label and one on the bottom of the back panel of the box.//ALL variations, attach the DIN rail.Attach the neutral and earth terminal blocks to the DIN rail.Connect the neutral and earth wire assemblies.ALL variations, attach all switches. And kwh meters if required./Example of 4 wayFor stacked boxes option, assemble the red live wire section first, which includes a section of 4mm grade wire to run between the two boxes. It is easier to insert through gland before the other wires are inserted./All variation, connect the picked wire assemblies to the switches.For kwh option, refer to the Caravan Supply Box + Kwh wiring diagram at end of document.If a light is required. Drill an appropriate sized hole through the left side of the back plate.Secure PHOCEL through this hole.Cut a 15mm section of HSA16GLBK heat shrink. Place over the photocell and while protecting the overhang heat shrink it.Strip back the insulation on the LED wires.Thread these wires through the hole in the top of 625.3500./Transformer wiring.Connect the RED wire from the transformer to the + wire from the LED.Connect the BLACK wire from the transformer to the - wire from the LED.Connect the photocell red wire (L) to the light switch.ALL variations, hold 413.1663 outlet in place, connect all wires to outlet. Fix outlets in place.Affix blank plates over any outlet openings not required.Connect tester to test all switches, Kwh meters and light if applicable.Attach tested by label.Fit back panel. Fit front panel. Insert blanking plate into gap beside switches. ALL variations, using the Hat Jig mark the holes on the plate section of the CARSUPBXTOP and drill out these holes with a 2.5mm drill. Hold plate on top of the 625.3200 box and using plate as template drill the same holes./Screw the plate section on to the 625.3200 box using SCR812MPIf a light is required, affix LED strip in center of CARUPBOXTOP./ALL variations, place the mushroom hat on top of the plate section, drill 4 x 5.5mm holes (two on either side as shown in photo) and screw it down with the M5 plastic screws and nuts/Affix small FirstFlex label to right hand side of box just below mushroom hat.Affix contact detail label at the front of the cup below box, (or at the back for a 4 way).Attach switch identification labels (MAIN, numbers & LIGHT if required).Using number template mark outlet number below outlets./CARSUPBX2+KWH exampleUPDATES;Component list deletedAttaching DIN rails, neutral and earth terminals addedStep 20 replaced with “ All variation, connect the picked wire assemblies to the switches.”Transformer wiring amended",Q:\Procedures\Assembly\205AS_7 CARSUPBX Procedure.docx,"box, drill, hole, holes, 625",Assembly or wiring procedure for the CARSUPBX model.
206AS 1253 Chanover.docx,"Product code: 1253CHANGEOVER SERIES 125AMPDescription: Changeover SwitchTools Required:Side cuttersCorter Crimp toolHand DrillHeat GunChangeover Switch InstructionsMark the center of the lid.Note: Cable entry panel must be at the bottom of box & door hinges on left hand side.Swap over lids if required.Place the instruction label that comes with the handle on the center of the lid.Follow the instructions on the label and drill the holes. Cut the centre hole to 37mm, (this size is required so the clips to secure the screws will slip far enough back from the hole).Take off the instruction label and clean the surface of the lid.Put changeover switch label on the centerTake the cover off the handle, see instruction sheet included with handle.Affix the handle to the lid with the 4 screws that come with the handle.Put the cover back on the handle.Unscrew the mounting plate and take it out of the boxMark the center of the platePut the changeover switch mech vertically on the plate and line up the black switch connector with the center and mark the screw holes with a pen.Drill the screw mark with a 3.5mm drill bit.Tap the holes with 4mm.Drill hole at bottom right corner with 6mm drill bit for the earth wire.Secure the mech using screw SCRM416PP.For earth wire mounting hole, affix screw SCRM620PPB from the bottom of plate, then use 2 x WASHM6B and 2 x NUTM6B.Put 570.0125 on the right hand side of the box 15mm from the top.Mark all of the screw holes.Drill holes with 5mm drill bit.Drill a hole approx. 5mm below the center of circle on 570.0125.Temporarily affix 570.0125 and mark the box through the drill hole.Use the 63mm hole cutter to drill a hole through the box.Use the 63mm hole cutter to drill a hole through the 570.0125.Cut the bottom part of the cable gland off.Put gland on and tighten locknut from the inside of the box.Affix 570.0125 and screw on cut down gland top.Measure the distance from the 248.12597 inlet end of the 570.0125 through to the anchor point for the earth wire on the mounting plate inside the box. Cut1 piece of CW0025.0G/YASSY (25mm earth wire).  Strip insulation for the CVORTER25 based on the measurement on the back of the 248.12597 inletAttach a CORTER25 to one end and a LUG256 to the other end using the CABAC K06 crimperUsing the yellow/green heat shrink, cover both ends where the CORTER25 and LUG256 meet the wire.Attach the earth wire to both the inlet plug and the mounting plate.Measure the distance from the plug end of the 570.0125 inlet through to the switch mech inside the box and cut 4 pieces of BFX025BKASSY (25mm cable)Attach a CORTER25 to each end of the 4 cables using the CABAC K06 crimper.Using the black heat shrink, cover both ends of one cable where the CORTER2 5meets the cable.Repeat step 32 with the other heat shrink colours so you have 1 x black, 1 x red, 1 x blue and 1 x white.Attach each cable in turn to both the inlet plug and the switch mech. Note: cut a small section off the end of the CORTER25 that is to attach to the switch. This is to prevent any part of the CORTER showing outside of the switch.As per the photo on the next page, measure and cut 4 x BFX025/BKASSY to connect to each section of the switch mech.Attach 1 x CORTER25 to one end and 1 x FINDER 25 to the other end of each of the four cables.Using the black heat shrink, cover both ends of 1 cable where the CORTER25 and FINDER25 meet the cable.Repeat step 37 with the other heat shrink colours so you have 1 x black, 1 x red, 1 x blue and 1 x white.Attach each cable in turn to both sections of the switch.Note: Cut a small section off the end of both the CORTER25 and the FINDER25. This is to prevent any part of them showing outside of the switch.Cut the handle shaft to 135mm and attach to switch.Measure and cut CW006.0G/YASSY earth wire to run from the mounting point at the top right hand corner of the lid to the mounting point on the top left corner of the box.Attach LUG66 to each end of the cable and cover where they join the cable with heat shrink.Remove mounting point covers, curl the wire to form a spring shape and attach end using WASHM6B and NUTM6B as shown in the photo.NOTES FOR 125 CHANGEOVER SERIESHandle Label  Beware, there are two types, Left and RightChoose the correct label for the outlet position on ST boxWire the block according to outlet position.Shaft length is 135mm",Q:\Procedures\Assembly\206AS 1253 Chanover.docx,"switch, end, drill, cable, hole",Build or changeover instructions for item 1253.
207AS ET30 Coin Timer procedure Jan2019.docx,"Operational FeaturesThe ET30 meter is a 30amp coin or token operated electronic timer. Is provides secure, reliable and affordable timing metering solutions for switching up to 30 amps. Standard features include credit save facility, resettable and non-resettable coin counter, dual or single coin operation and the time period may be set in minutes and seconds or hours and minutes. An optional override key is available.Main featuresThe 4 digit 7 segment display, in conjunction with the hidden programming buttons is used to program the ET30, as well as showing the time remaining and mode of operation (figure 4)The coin entry inserts tokens or coins.The optional key override switch turns the timer output on permanently.Access for wiring is via the cover lock (see Wiring).Cash box holding 100 coins.Hidden programming buttons (Programming credit, page 3)Preparation for programmingUnlock and remove cash drawer (this needs to be left out while programming)Unlock the front cover of the meter and lift upwards slightly and away from the wall bracket (see Figure 2).  Unplug the cover ribbon cable lead from the wall bracket and remove cover.For Coin Operation see below, for Token Operation go to Wiring sectionCoin OperationUnscrew clear plastic cover and remove, (2 screws) Unscrew black plastic cover and remove, (2 screws)Discard the short screw as it will no longer be required.Remove L2 label and the small plastic strip behind it.  This can be discarded.Remove the plastic guide rail.Remove the token adaptor plate and replace with a coin adaptor plate, either ET30CK1.00 (for $1 coins) or ET30CK 50 (for 50cent coins).Reassemble black plastic cover & clear plastic cover.  Note, no screw through the wiring label.WiringWire the unit as shown in Figure 3.The meter can be connected to the supply via a cable fed through the hole in the back of the wall bracket.Plug the ribbon cable from the front cover to the connector located in the wall bracket and fit the front cover onto the wall bracket, drop down slightly and lock into place.Apply power.Service ModeThe service mode consists of four settings split in to two functional areas:Programming creditAudit functionsTo access service mode remove the coin box: Press and release button B (figure 4) to step to the desired setting number (St.01 to St.04). Simultaneously pressing and releasing both buttons A and B will step back to the previous setting. On reaching the required setting number press button A to enter desired valuesProgramming CreditThe credit functions allow the meter to be programmed for a fixed time session.Press and release button B to step to the desired setting number.When the required number is showing on the display, press button A to display the existing setting. Press and release button A to select the digit to be changed, then press and release button B to alter that digit.NoteCoins and tokens are validated by two coin sensors.  Coin sensor 1 (St.01) validates $1 coins, L2 and L4 tokens.  Coin sensor 2 (St.02) validates 50 cent coins and L1 tokens.St.01 Credit (Fixed Time) Per Coin 1: Sets the amount of credit given by coin sensor 1, set in HH.MM or MM.SSSt.02 01 Credit (Fixed Time) Per Coin 2: Sets the amount of credit given by coin sensor 2, set in HH.MM or MM.SSReplacing the coin drawer will save the settings.",Q:\Procedures\Assembly\207AS ET30 Coin Timer procedure Jan2019.docx,"coin, cover, remove, credit, plastic",Instructions for setting up the ET30 Coin Timer — Jan 2019 edition.
208AS ETW2000R Coin Timer procedure.docx,"Operational FeaturesWiring ConnectionsETW2000R TIMER SETUP INSTRUCTIONS USING THE HANDBOOKWiring ConnectionsTimer Operations Manual page 9.Remove the plastic cover to access the power connection terminals.  Note; a qualified person must check connections.Replace cover after connecting and before turning on power.ProgrammingProgramming Switch (LKSW1) LocationTimer Operations Manual page 11.Slide upwards to put timer into programming mode.  Slide back down once programming is completed.  Note; the switch can be slid back down after each program setting to store that option then slid back up before next setting.  This will prevent losing each setting if a mistake is made.Selecting Programme ModesTimer Operations Manual page 11. Together with the front panel four digit display, these three buttons allow program codes to be selected to customize the timer.Three menus are possible:Setup programming. Selected using the DOWN button.Special options. Selected using the PROG button.  See Timer Operations Manual page 27.Interrogation mode, total coin count or hours used.  Selected using UP button. Note: If the wrong button is pressed, return the programming switch to its normal position, wait for Stor to be displayed then return to the programming mode once more.Programme Settings…………………….Timer Operations Manual page 12Real Time Clock………………………….Timer Operations Manual page 14Code 62Press and hold down the DOWN button to clear display.Use UP or DOWN button to select required code.Press PROG button to accept code and enter input mode.Press UP and DOWN buttons to select each required digit.Press PROG button to move to next decimal place.Lockout Time in hrs/mins…………………Timer Operations Manual page19Code 16(not usually required)Lockout Time in mins/secs……………….Timer Operations Manual page 19Code 17(not usually required)Start Delay Time…………………………..Timer Operations Manual page 17Code 01This will allow a delay time in seconds before the paid time starts.Time Purchased Display Time……………Timer Operations Manual page 17Code 21Note; code will stay displayed when entering required time.As soon as you start inserting coins or card and press the blue button,the display shows the time purchased for a period determined by code 21Selecting Hours or Minutes……………….Timer Operations Manual page 14Code 22Select ON for Hrs/Mins  or OFF for Mins/Secs. using UP or DOWN buttonsVarious Coin Options (NOTE, do not programme for 10c pieces)Coin 1 time in minutes……………… Timer Operations Manual page 16Code 31Note; you will have to set HOURS to zero if not requiredCoin 1 time in seconds………………Timer Operations Manual page 16Code 32Coin 2 time in minutes……………… Timer Operations Manual page 16Code 33Coin 2 time in seconds………………Timer Operations Manual page 16Code 34Coin 3 time in minutes……………….Timer Operations Manual page 16Code 35Coin 3 time in seconds………………Timer Operations Manual page 16Code 36Up to 6 coin options availableSet to accept Coin 1……………………… Timer Operations Manual page 22Code 55Select code, press PROG button.  The display shows how many times thecoin needs to be inserted for it to be recognized.Set to accept Coin 2……………………… Timer Operations Manual page 22Code 56Set to accept Coin 3……………………….Timer Operations Manual page 22Code 57Up to 6 coin optionsWARNING - LKSW1 MUST be left in the programming mode until ALL programming has been completed. Once all programming has been entered, it then can be slid down into the normal operating position.Note: Returning LKSW1 to its normal down position will automatically store all the programming information entered.",Q:\Procedures\Assembly\208AS ETW2000R Coin Timer procedure.docx,"timer, operations, manual, page, time",Guide to configure or assemble the ETW2000R Coin Timer.
209AS_2  161_321_323_1  Chanovers.docx,"Finished Products/161321323Mark the centre of the lid. Mark parallel to top through centre markPlace the instruction label that comes with the handle on the centre of the lidPlace so the OFF is at the top of the box.Follow the instructions on the label and drill the holes (25mm centre hole)Take off the instruction label and clean the surface of the lidStick “label chanover switch” label to the front of the box Fix changeover switch to doorSecure with the 4 screws that come with the handleAttach locking collarUsing heat gun remove label from back of door if applicableUnscrew the mounting plate and remove from the boxMark the center of the plateAssembly the changeover switch mech follow this instruction that come with part 22096009 using small white clipsPut the changeover switch mech centered and horizontally on the mounting plate and mark the screw holes with a penDrill the screw marks with a 3.5mm drill bitTap the hole with 4mmDrill a hole at the bottom right corner with 6mm drill bit for the earth wireAffix screw SCRM620PPB from bottom of the plate, then use 2 x WASHM6B and 2 x NUTM6BSecure the mech using screw SCRM410pp Secure the plate in the box using supplied boltsCut the switch control shaft to 95mm and attach to mech. Note: Some adjustment may be required to base plate to achieve alignmentUsing the gasket from the inlet as template mark the screw holes on the right hand side of the box low enough to avoid the cavities (approx. 90mm from the top) and 35mm from the right hand sideMark the centre point for a hole for the glandDrill the corner holes to 5mmDrill the centre hole large enough for the glandRemove locking nut from gland. For 161 cut down length of threaded section and locking nut. For 321 /323 cut off the locking fingersPut the gland on and tighten lock nut from inside the box/If required break out the wiring hole in the back of the inletFile off any rough edges//161/321323Secure the inlet with SCRM520PPSS Measure and cut 1 piece of CW002.5G/YASSY (161 CHANOVER) or CW004.0G/YASSY (321 / 323 CHANOVER) earth wire to run from the inlet on outside to the earth screw that has been mounted insidePut Corter 2.5 (161 CAHNOVER) or Corter 4.0 (321 / 323 CHANOVER) on one end of earth wire and LUG46 on the other end with heat shrink161 Chanover:Measure and cut 1 piece of CW002.50RDASSY and 1 piece of CW002.5BKASSY to run from inlet on outside to bottom of mech, using Corter 2.5s. NOTE: strip off extra insulation on the inlet end to suit depth of terminal and leave exposed at end of Corter 2.5Measure and cut 1 piece of CW002.5RDASSY and 1 piece of CW002.5BKASSY wire for the top section of the mech, using Corter 2.5sAttach the wires as shown in the picture/321 Chanover:Measure and cut 1 piece of CW004.ORDASSY and 1 piece of CW004.0BKASSY to run from inlet on outside to bottom of mech, using Corter 4.0s. NOTE: strip off extra insulation on the inlet end to suit depth of terminal and leave exposed at end of Corter 4.0Measure and cut 1 piece of CW004.0RDASSY and 1 piece of CW004.0BKASSY wire for the top section of the mech, using Corter 4.0sAttach the wires as shown in the picture323 Chanover:Measure and cut 1 piece of CW004.ORDASSY, 1 piece of CW004.0BKASSY, 1 piece of CW004.0WHASSY and 1 piece of CW004.0BLASSY wire to run from inlet on outside to bottom of mech, using Corter 4.0s NOTE, strip off extra insulation on the inlet end to suit depth of terminal and leave exposed at end of Corter 4.0Measure and cut 1 piece of CW004.0RDASSY, 1 piece of CW004.0BKASSY, 1 piece of CW004.0WHASSY and 1 piece of CW004.0BLASSY wire for the top section of the mech, using Corter 4.0sAttach the wires as shown in the pictureTest connections, attach tested by label, mark with batch code then box up./",Q:\Procedures\Assembly\209AS_2  161_321_323_1  Chanovers.docx,"piece, cw004, corter, mech, using","Chanover procedure for several unit codes (161, 321, etc)."
210AS_1 CARSUPBXW Procedure.docx,"Product code: CARSUPBXWDescription: Caravan Wall Mount Supply BoxCARSUPBXW2 exampleASSEMBLY INSTRUCTIONSSecure the provided din rail.Mount one CSTN6U terminal to the left hand side.Mount the switches from left to right.Mount the second CSTN6U terminal up against the last switch.Add blanking plates to close out the breaker window spaceCut all required wires based on the Wire Cutting Lengths chart.Connect wires as per photos.Connect wires to the outlets then attach to box.Use cable ties to keep wires tidy in box.Affix an electrical warning label to the inside of the box.Using the Brother label printer print a batch number, (work order number, month number, last two digits of year number), for both inside and outside for each box/CARSUP2W exampleAffix small Electrix label to right hand side of box at the top./Conduct electrical test, refer to 214AS Live Testing of Electrical Products procedure.With a PASS result, affix a safety tested label inside the box.Securely close the box.Print labels for MAIN, numbers for each RCBO switch. Affix in corresponding positions.Using number template mark outlet number below outlets./Affix aluminum tape across the top of the tinted window./FOR 2 WAYUse template to mark drilling holes for UV hood.Drill holes then use this UV hood to mark the top of the box for holes.Drill then tap theses marks. Attach the UV hood./Bag and label.WIRE CUTTING LENGTHS - CARSUPBX wall mountMARSUP/Outlet positionsEARTH wire (mm)NEUTRAL wire (mm)LIVE wire (mm)1380230230248032032034803503504550400400RCBO top positionsNEUTRAL wire from neutral bar(mm)1130216031904220",Q:\Procedures\Assembly\210AS_1 CARSUPBXW Procedure.docx,"box, wire, number, label, affix",Assembly or system procedure for CARSUPBXW variant.
211AS_5 633 Chanover.docx,"Tools requiredSide CuttersCorter Crimp ToolHand DrillFinished Product /Mark the centre of the lid. Mark parallel to top and side through centre markPlace the instruction label that comes with the handle on the centre of the lidPlace so the OFF is at the top of the box.Follow the instructions on the label and drill the holes (25mm centre hole)Take off the instruction label and clean the surface of the lidStick “label chanover switch” label to the front of the box. Put changeover switch on the centreSecure handle with the 4 screws that come with itAttach locking nutMark the center of the plateAssemble the changeover switch mech follow this instruction that come with part 22096009 using small white clipsAttach part 22001008 as per instructions that come with the partPut the changeover switch mech centered and horizontally on the mounting plate and mark the screw holes with a penDrill the screw mark with a 3.5mm drill bitTap the hole with 4mmDrill hole on bottom right corner with 6mm drill bit for the earth wireSecure the mech using screw SCRM410ppAffix screw SCRM620PPB from bottom of the plate, then use 2 x WASHM6B and 2 x NUTM6BCut the switch control shaft to 95mm and attach to mech.Note: Some adjustment may be required to base plate to achieve alignment.Put 5700163 surface mount box on the right hand side of the box 35mm from the topMark all of the screw holesDrill the holes with a 5mm drill bitMeasure 20mm down from the centre of the circle on 570.0163 surface mount box and drill hole use 37mm hole cutter.Use 32 mm hole cutter to drill hole on the same centre mark on the TIP325Cut the top part of the cable gland off and use to secure gland. Grind raised areas on the back of the 5700163 inlet box to allow gland to seat flush.Put the gland on and tighten lock nut from inside the box and inside the 570.0163 box.Secure 5700163 surface mount box with SCRM530PPSS using the specially modified tools.Remove back plate from 248.6397 inlet plug and attach to the bottom of 5700163 surface mount boxSecure the back plate in the box using nuts & bolts supplied with the TIP325 boxUse 10 mm wire CW010.0RDASSYUse 10 mm wire CW010.0WHASSYUse 10 mm wire CW010.0BLASSYUse 10 mm wire CW10.0BKASSYUse 10 mm wire CW10.0G/YASSYMeasure CW10.0G/YASSY wire to run from the inlet on outside to the earth bolt that has been mounted insideStrip back 19mm of the wire insulation at one end of the earth wire.Put Corter 10 on the earth wire and LUG106 on the other end and cover with heat shrink both ends Measure and cut the red, white, blue and black wire for the top section of the mechPut Corter 10.0 and heat shrink on each end of these wiresAttach the wires as shown in the pictureMeasure and cut red, white, blue and black to run from inlet on outside to bottom of mechStrip back 19mm of the wire insulation at one end of each wire. Put Corter 10 and heat shrink on each end of the wiresNote: see back side of 248.6397 inlet plug for torque settingFirst attach wires to inlet using the torque screw driver, then mount the inlet to the surface mount boxAttach cover to 5700163 surface mount boxAttach the wires to the bottom of the mech as shown in the pictureAttach Electrical Warning labelTest the connections and mech operation. Complete Change Over Test Result Sheet.Attach Safety Tested (LBL34) label to inside of box. Mark bottom of box with batch number",Q:\Procedures\Assembly\211AS_5 633 Chanover.docx,"box, wire, mount, inlet, hole",Instructions for setting up or servicing Chanover model 633.
212AS SML Lead Procedure.docx,"Finished Product/Cut sheath to 90 mm and remove Separate Earth strands back to sheath then twist together to make one copper core.Cut inner sheath layer to 70 mm and remove making sure insulation on the core is not cut.Trim earth core to 80 mm, crimp corter on end then cover all copper with heat shrink.Cut remaining wires to 70 mm.Strip insulation from ends of the remaining wires based on measurement spec printed on inside of plug/connector. 32A to 15 mm63A to 20 mm 125A to 30 mm Crimp corter on to each wire end.  Note: wire should protrude from end of corter.Use Torque Screwdriver to tighten the screw terminals on plugs:32A to 1.0 nM63A to 2.0 nM125A to 10 nMReplace plug/connector cover & tighten lock nut using the right size spannerTest and attach tag, only date for sales orders otherwise leave blank to be completed when picked for orderAdd cable tie (s) and wrap with shrink wrapAttach product code label",Q:\Procedures\Assembly\212AS SML Lead Procedure.docx,"cut, sheath, end, core, corter",Lead-related procedure specific to SML products.
213AS Electrical test procedure for SML Leads (UPDATED).docx,"Connect METREL Omega GTXA to the A1322 unit as per Normal Polarity test diagram inside the A1322 lidConnect the label printer to the Omega GT AXConnect 3 phase lead as per Normal Polarity test diagram inside the A1322 lid/METREL Omega GT XALog in at start up screenSelect Auto SequencesSelect FirstFlex option/Select 3 Phase optionSelect LEADS optionSelect          to proceed/At Appliance ID screen enter product code, work order # followed by_1 (for first test)Start test/Test tag will print automaticallyWrap lead, but leave each end free to allow for retest prior to despatchingSecure with cable ties, affix product label & temporary test tag ON THE WRAP as it will be removed at time of retest.  /The retest tag will be affixed to lead at the plug end.Press           to return to Appliance ID, then press enter to start next test.",Q:\Procedures\Assembly\213AS Electrical test procedure for SML Leads (UPDATED).docx,"test, tag, omega, a1322, retest",Electrical testing procedure for SML leads — updated version.
214AS_1 Live Testing of Electrical Products.docx,"Live Testing of 230V Electrical Products ProcedureScope: Testing 230V electrical products.Requirements:RCBO test rig (Test & Tag up to date)QUICKTEST rig2 People (1 Person must have previous testing experience) Details:First identify if the device needs live testing. If not, use an alternative method for instance the PAT testerWhen live testing needs to be carried out, the buddy system detailed below needs to be followed.2 people need to be present during a testing procedureOne being the tester the other being the observerThe observers role is to limit any distractions directed towards the tester whilst in the middle of testing. They are also there to bring to the attention of the tester any potential hazard that may occur while carrying out testingIf testing starts to exceed 10 minutes, please advise the Electrical Production Manager ASAPThe observer and the tester are to report any NEAR MISS to the Electrical Production Manager immediately and fill out the appropriate formsRCBO Testing ProcedureCheck RCBO test rig for an up to date Test & Tag label and for any obvious damageConnect white 3-pin 10A plug into a power outlet and switch it on/Open the cover and switch the RCBO upwards to the ON position/Press the TEST button on the RCBO and check that the RCBO switches back to the OFF position before continuing/Check for any other potential hazards or damage to the product requiring a test before plugging it into one of the below sockets/Switch the RCBO to the ON position to begin testing the product/Proceed to test the live device with caution and isolate the product if found to be faultyTesting with live leads (QUICKTEST)Details:When testing with live leads always use the QUICKTEST isolation unitThe QUICKTEST unit can be plugged into the above RCBO jig (in series) to add an extra layer of protection while testingThe QUICKTEST will liven the 3 output terminals when the black lid is closedQUICKTEST Testing ProcedurePlug the power inlet for METREL into the RCBO test rigPlug the white QUICKTEST plug into the METREL tester/Connect the live lead to the item to be tested/Open up the QUICKTEST unit and connect your live lead to the 3 terminals as below. Press the far end of the coloured terminal to open it up/ Example of CARSUPBX wired up for testing/After all connections are made close the lid on the QUICKTEST unit and proceed with your live testing as per the standard testing procedureWhen testing multiple products disconnect the QUICKTEST unit from the METREL before disconnecting from the productAfter the test is complete, turn off power at the wall, open the QUICKTEST unit to disconnect the circuit, then remove the live lead from the item under test",Q:\Procedures\Assembly\214AS_1 Live Testing of Electrical Products.docx,"testing, live, test, quicktest, rcbo",Live electrical testing process — safety and procedural steps.
215AS_2 Campsafe Assembly Procedure.docx,"Product code: CAMPSAFEDescription: CARAVAN ADAPTER PLUG/Tools Required:Side cuttersWire stripperCorter crimp toolPhilips screwdriverScame SpannerCampsafe parts listCAMPSAFECARAVAN SUPPLY ADAPTOR IP 44 - WATERPROOF HOUSINGASADAHOUMAIN BODY HOUSING KIT SINGLE 1 DIN1ASADAHOUGASORHOUSING GASKET ORANGE1ASADALIDCLEAR HINGED LID1ASADALIDGASORLID GASKET ORANGE12MAPL1BAPPLIANCE LEAD 3 CORE 1MM X MTR BLACK1GPG13.5SUPBKASSYNYLON SUPPORT GLAND 13.5 BLACK2LBL32CAMPSAFE INFORMATION LABEL1SCR412PPSSSCREW PANHEAD POZ DRIVE 4G128MCB110MCB 1P 10AMP1CORTER1.5FERRULE TERMINAL 1.52313.1643PTRSCAME CONNECTOR1LBL14 ELECTREX PRODUCT LABEL1LBL1LABEL COMMON-ELECTREX1/////////ASSEMBLY INSTRUCTIONSLay the main body housing on the bench and insert the 2 orange gaskets into the housing as shown in the photo./Apply Campsafe label to the back of the main body housing.Add batch number to label./Insert the nylon support glands into the main body housing top and bottom.CARE SHOULD BE TAKEN WHEN HANDLING THE APPLIANCE LEAD TO PREVENT EYE INJURY FROM THE LEAD WHIPPING AROUND.  Safety glasses may be worn. Unravel the cable with the end facing downwards, away from your face. No need to take out minor bends.Insert the appliance lead through the nylon support gland starting from the top of the box and out the bottom. Then tighten the glands.Cut the brown (phase) wire in the middle of the box and apply the 1.5mm Corter terminals as shown.Note: when tightening the nylon glands  ensure the cable insulation is flush with the end of the gland as shown./Terminate the circuit breaker into the box.Ensure the brown wire from the plug end is terminated into the “top” of the circuit breaker. And the cable of the socket end into the bottom of the circuit breaker. //MAKE SURE ONLY THE BROWN (phase) WIRE IS TERMINATEDOnce terminated  place the top of the body housing (including the clear cover  make sure the cover hinge is on the correct side) to the base and screw them together (ensure the orange gasket is not damaged when screwing together). Tighten the screws on the 4 corners first using the electric torque screwdriver. Follow number sequence as shown./Open the Scame connector, slide the base of the socket over the cable and then proceed to terminate the lead into the socket. Ensure the conductor is pushed firmly into the socket before closing the colored tabs.  When all three conductors are terminated  gently apply a pulling force to each conductor to ensure the cable is terminated correctly.//Align the 2 arrows before inserting the two parts of the plug then twist and lock together.To remove the strain on the conductors. Push the cable into the plug 10mm before locking the cable gland onto the cable, using the Scame Spanner to tighten./Once the Campsafe wiring is complete,  test to AS/NZS 3760 using the Omega GT XA, (refer to 216AS Testing Procedure)/Pick the correct packing box based on the product made. /Example of 2 metre lead boxPlace a sticker across the securing tab at the bottom of the box. /Pack the Campsafe in to the box including instruction sheet./Pack 15 units into a #7 carton, as per pattern shown in photo. /REASON for issue; step 5 appliance lead handling added",Q:\Procedures\Assembly\215AS_2 Campsafe Assembly Procedure.docx,"cable, lead, housing, box, ensure",Assembly steps for the Campsafe product or safety kit.
216AS_1 Testing Procedure.docx,"Omega GT AXDescription: Supply lead and power supply box test procedure/TESTINGA log in screen appears once the tester is turned on.Select operator and log in./Connect lead or supply box to be tested.NOTE, switches must be in OFF position before testing./Select AUTO SEQUENCE./If the required PRODUCT GROUP is displayed, press the GREEN DOT./NOTE, if the product group is not shown select the group name at the top of list (in blue font).Then press/Then select required product group.  Press green dotSelect PRODUCT, then press GREEN ARROW/At APPLIANCE ID screen, clear display, then enter Work Order number, underscore, 1 for first item.NOTE, the item number is automatically increased with the start of each following test.Press ENTER to proceed/Follow on screen instruction.Once finished disconnect lead or supply box and connect next item if required.Pressing ENTER will return to APPLIANCE ID screen.The next sequential item number will be displayed next to Work Order number.Press ENTER to start next test.CHECKING RESULTSSelect MEMORY ORGANIZERA list of all ID numbers is shown.Selecting + next to an ID number will expand info to show product type./Pressto see test status, then select from list left hand side to see actual test results.",Q:\Procedures\Assembly\216AS_1 Testing Procedure.docx,"press, select, test, product, number",General-purpose testing procedure for electrical or hardware items.
217AS_2 Pillar Assembly Procedure.docx,"Product code: PILLAR various optionsDescription: Pillar power supply standASSEMBLY INSTRUCTIONSThere are various option for theses stands where a light and or KWH meters may be added. Check paint finish on pillar stand before proceeding.If the PP1490x220 panel is supplied without the switch window cut out use the template by positioning on to the film protected side of the panel and marking the outline and holes.If required, due to the number of switches / KWH meters required, a second switch window hole can be cut below the first using the same template./Cut out the window hole(s) with a craft knife.  Drill out the holes to 5mm.Pick best side of the pillar stand, use this as the front.Measure 300mm up from the base plate and on the right hand side mark the inside of both front and back channels.  This is where the din rail will affix./Cut down a din rail to 130mm in such a way as to leave a part slot each side.  Refer to drawing.Hold the din rail in position and drill a 3mm hole each side.Tap these holes to take a 4mm screw.Affix with a screw and 2 washers per hole./Glue an end plate to one CSTSN6U terminal, then attach 3 to this din rail.Attach a CA702 terminal stop to each side.  Attach a CSTSPC1-1 cap over the terminals.Print a label with L  N  E and affix to above the terminals.Peel back the protective film from the edges on the face panel.Carefully slide down the channels.Assemble the 8 way window frame(s).Attach the switches to the frame din rail(s).Attach one CSTSN6U terminal to either side of switches, (only on bottom din rail if two rails being used).Wire up top connections of the switches (neutral from the top position of the terminal).If KWH meters are required they can be wired up too. Refer to AS250 CARSUPBX procedure wiring diagram.If a light is required place the lid in position and mark approx. 25mm down from the bottom edge of the lid and centered left to right on the wall of the pillar.Hold switch din rail(s) temporarily in position and measure to the outlet positions for the live, neutral and earth wires (earth from top position of terminal).  Cut the required wires./Example of Pillar 2Measure from the bottom position on the neutral terminal, bottom of the main switch and bottom position on the earth terminal down to the bottom din rail terminals. Cut required wires, using 2.5mm cable for single outlet and 4mm for all other option.Curl a section of 2.5mm earth wire then run it from the top earth terminal to the closest outlet mounting hole to determine required length. Connect all wires to their corresponding positions on the switches and top terminals, as per photo.Using a small grinding stone attachment clean the paint from around the outlet mounting hole chosen for the frame earthing contact point. If a light is required drill through the side of the pillar at the marked position. Attach the photo cell.Attach the din frame(s) and the window(s) to the face panel.Peel back the protective film from the edges of the face panel and side down into the pillar channels.If a light is required connect the photo cell to the light switch.Drill out the screw holes in the outlets to 5mm.Connect wires to outlets and mount to the pillar including the frame earthing wire.Note, the earthing wire requires a brass washer, lock washer and brass nut to secure it.TERMINAL TO SWITCH / TOP TERMINALSFor units with 2 or less outlets use 4mm wire.For units with 3 or more outlets use 6mm wire.Secure the wires to the bottom terminals.Attach terminal ID label.Connect the other ends of the wires to their corresponding positions.//Example of Pillar 2Affix 2 electrical warning labels, one just above the bottom terminals and one just below the switch gear.Secure the wires with cable ties.Cut a section of PVC to fit in the channels across both sides at the top of the pillar.Slip in to channels, hold in place then drill through channels and into PVC for 4mm screw fixing.Using the hole in the pillar drill through these pieces of PVC each side.Cut a section of PVC to bridge across the top of the fixed PVC sections.  Glue in place./If a light is required affix the transformer and LED light strip and connect all required wires.Temporarily place the lid on top of the pillar.  Slide the threaded rod through the top pillar holes and determine the required length allowing for the cap nuts.Conduct required electrical tests.  Affix a tested by label.Affix a batch number label.Insert rear panel into the pillar.Cut 2 x 80mm and 2 x 150mm strips of foam tape.Affix to the inside of the lid./Place lid in position, run threaded rod through and fit requires washers and packing disks (See diagram) then secure.Affix a batch number label and Firtsflex contact detail label as show in photo./",Q:\Procedures\Assembly\217AS_2 Pillar Assembly Procedure.docx,"pillar, required, terminal, wires, cut",Assembly instructions for the Pillar product or unit.
220AS Assembly Target Incentive.docx,"TARGET INCENTIVEThis will be based on an individual $100 net monthly performance incentiveThis incentive will be reported by Assembly Product Manager at the monthly team meeting This will be paid every month.BONUS PROCEDUREBonus is paid on the individual target of Hours Available vs Hours Charged e.g. (Target is met, if Hours Charged is equal to or above Hours Available).Below is the spreadsheet which is to be signed off by the Assembly Product ManagerThe Assembly Manager will receive $100 net when the productivity target of 100% is met/Note: All special non-assembly “Project Work” is to be signed off by the GM before final KPI result is reported.This incentive is paid at the sole discretion of the company, and can be changed or cancelled at any time.",Q:\Procedures\Assembly\220AS Assembly Target Incentive.docx,"target, hours, assembly, 100, paid",Outlines targets and expectations for assembly productivity or quality.
221AS - ET30KL Program Sheet .docx,ET30KL Token Timer to be ProgrammedDate Given:Customer:Customer Order No:Picking Slip:Qty:Description of Programming:Serial Number:Date Finished:Signed:,Q:\Procedures\Assembly\221AS - ET30KL Program Sheet .docx,"customer, et30kl, qty, finished, date",Configuration or programming guide for the ET30KL product or controller.
222AS - Creating a BOM and Routing for a new product.docx,"Note: The new code must already be in the system  See Doc#655P. You must also have the list of components & time taken to build  Check with Nau.Select Manufacturing ( Product Data Management ( Bill of Materials MaintenancePress EntryType in the new product codeEnter 5 times (Past assembly, factory, lot size, BOM Description, planning, last change)Confirm Entry? = Yes The BOM Header Information screen will appearPress OK down the bottom of the screen (You will not have to populate any of the fields)The screen to enter the components into the BOM will appearType the number 1 for the 1st componentEnter twice (Past Type)Put in the 1st component code to go into the BOMEnter across to qtyType the quantity of the component needed in the BOMEnter twice (Past Whse)Follow steps 8-11 using 2, 3, 4 & so on until all components are addedPress Esc and it should show all the components you enteredIt will now continue on to do the routing automatically after this. If you do not want to do the routing (e.g. if you are doing a RND BOM), press Esc 3 times and it will take you back to the entered BOMIf you do want to add routing, continue on to step 13Press Esc. It will bring up Route MaintenanceType the new code in the route code boxPress Enter 5 times (Past route code once entered, factory, route group, lot size, description)It will then bring up the routing information for that codeEnter 3 times down to operation (Past sequence  1-, prev seq  0, next seq  0)Type  ASS in operationEnter down to work centreType A in work centreEnter 5 times to run labour (Past qty per, setup mach, setup labour, run mach)Type in the number of minutes it takes to make 1 of the productEnter 13 times (Cleanup mach, cleanup labour, effective start, effective end, tool no, drying time, move time, alt. work centre, alt, run time, multiplier, CRP Min time, comment)Press Esc. It will show the finished routing logEsc 3 times. It should take you to the finished BOM line",Q:\Procedures\Assembly\222AS - Creating a BOM and Routing for a new product.docx,"times, past, routing, time, code",Instructions for creating a Bill of Materials (BOM) and routing setup for a new item.
224AS - Work Order Procedure.docx,"Checking to create the Work Order Select Inventory ( Inventory enquiry console Type in the item code you wantPress enterSelect / Click the Manufacturing tabSelect Can BuildEnter (past for warehouse)Type in the quantity you want to makePress enter. The components will be displayedVisually check down the shortage column. If there are no shortages, create the work orderCreating a Work Order Select Manufacturing ( Shop Floor Control ( Work Orders ( Create Work OrdersType in the item you are wanting to buildEnter 6 times until sales order ( Past order type, Fin goods warehouse, factory, comp. warehouse, work order no) If you are wanting to link the works order to the sales order, continue on. If it is just for a normal stock order, skip to step 9 Type the sales order/ picking slip numberEnter twice (Past suffix box)Enter the line number from the sales orderEnter across to SO PromiseEnter the expected date on the sales order (5 working days from entering unless it is a pillar)EnterPut in the amount you want to make (if it is linked to a sales order, it should default to the amount on the S/O)Enter 3 times to Due date (Past EOQ to calc, create sub-orders)Put in expected date again (5 working days from entering)Enter to Expected startPut in todays dateEnterNote: a pop-up may appear saying dates overriding standard lead-time. If you had the start and due date 5 working days apart, ignore this and click OK Enter 7 times to complete creating the works order (Past W.order priority, use BOM, BOM ID to use, Route ID to us, schedule routing, OK, OK) A pop up box will appear which runs through all the components in the BOM. Press OK once it has run.The new work order should be showing. Note the W/O number to find later.Issuing a Work Order Note: Please check this can be built before issuingSelect Manufacturing ( Shop Floor Control ( Works orders( Work order MaintenancePress FindType in the W/O numberEnterPress IssueEnter 5 times (Past issue required inventory, materials only, routing sequence no, warehouse, OK)Enter twice (Past transaction date, transaction date warning)It will come up with all the components you just issued. Press OK.The status on the W/O should have changed to in progressPrinting a Work Order - Single Select Manufacturing ( Shop Floor Control ( Work Orders ( Work Order MaintenancePress FindType in the W/O numberEnterPress ExtraPress PrintThe Job Card Report should come up - print the no. of copies you need.Printing a Work Order - MultipleSelect Manufacturing ( Shop Floor Control ( Work Orders ( Job Card PrintPut in the start W/O numberEnterPut in the end W/O NumberEnter 4 times (Past print WO labels, include reprints, action)The job card report should appear with all the pages of the works order range you put in. Print the no. of copies you need.Cancelling a Work Order Note: You can only cancel a works order if the components have not been issued. If they have been issued, go to Scrapping a works orderSelect Manufacturing ( Shop Floor Control ( Work Orders ( Work Order Maintenance Press FindType in the W/O numberEnterPress CancelPress Yes to confirmThe status should have changed from Committed to CancelledScrapping a Works Order Select Manufacturing ( Shop Floor Control ( Work Orders ( Work Order MaintenancePress Find Type up the W/O numberEnterPress ScrapNote: If it is linked to a sales order a pop-up will come cup saying it is linked. Just press OK.Press Yes to confirm Enter twice (past transaction date, transaction date warning)The return items to warehouse will come upEnter past trans box  This should have default REnter the quantity you are returning (needs to be the whole amount issued).EnterPress Yes to confirmIt will take you down to the next component to return.Follow Steps 8  10 until all components have been returnedIt will come up with a stock return report. Click out of thisPress OK (Past Batch controls Pop-up)If the work order was linked to a sales order, a pop-up will show up. Enter past this.Press Ok (Past batch control totals)The status on the works order should have changed to scrappedBooking in a Work Order Note: You must have the signed time sheet (at the bottom of the works order) back from assembly before you can book in.The time sheet is explained as followsSelect Manufacturing ( Shop Floor Control ( Work Orders ( Production Feedback (W/O  EMP  Enter)Type in the W/O numberEnterEnter (Past transaction)Press EntryLeave the PA Default and enter (Past TT column)Put in the first employees initials from the time sheetEnter across to Work CentrePut AEnterLeave Seq as 10Enter across to hoursPut in the time taken for that employeeEnter across to quantityPut in the amount of product producedEnter Skip to step 23 if only 1 employee has done the works order Put L in the TT column for the next employee (This only counts the Labour rather than anything elsePut in the next employees initials from the time sheetEnter across to Work CentrePut AEnterLeave Seq as 10Enter across to hoursPut in the time taken for that employee Repeat steps 16  23 for any other employee that helped on the works order Press Esc and pronto will automatically divide the first employees into 3 separate lines (L,P and T)Press Docket UpdateEnter (Past transaction date)Press Yes (Past transaction date warning)Put in the W/O numberEnter twice (Past end docket (wo) number)Put in AEnter 7 times (Past end work centre, date type (P, C or E), start user ID, end user ID, finish work orders, run BO release to SO)Press OK (Past action)Press OK (Past finished)Press OK (Past batch control totals) Press OK twice (Past recursive costing x 2)Go back into work order maintenance and the work order status should have changed to complete update",Q:\Procedures\Assembly\224AS - Work Order Procedure.docx,"order, work, past, enter, press",Describes steps for processing and completing a work order within the system.
225AS - Warehouse Cable Cut Sheet.xlsx,,Q:\Procedures\Assembly\225AS - Warehouse Cable Cut Sheet.xlsx,,
247.1693 Assembly procedure.docx,,Q:\Procedures\Assembly\247.1693 Assembly procedure.docx,,
250AS SM5 Electrical Test Procedure (UPDATED).docx,"Product:  SM5   (PSOA  Portable Socket Outlet Assembly)Item will be picked and delivered to the Sitemate Test and Tag location, which is in the SM bulk area.The Assembly Supervisor will allocate the testing procedure to one of the Assembly Team.Check to make sure all labels are fixed to the unit.Carry out the Test and Tag process below….Connect the label printer and the SM5 to the Metrel Omega GT XALog in at start up screenSelect Auto Sequences/Select the FIRTSFLEX TESTINGSelect Site Mate optionSelect Site Mate Test & Tag optionSelect SM5  Test Tag optionSelect            to proceed/At Appliance ID screen enter product code, sakes order # followed by_1 (for first test)Start test and follow instruction on the screen/With a PASS result, affix the TEST TAG to the lead near the plug endWith a FAIL result notify the Assembly Supervisor so that further investigation can be carried out. Re-package the unit and send to dispatch with the required paper work./",Q:\Procedures\Assembly\250AS SM5 Electrical Test Procedure (UPDATED).docx,"test, tag, assembly, sm5, optionselect",Testing steps for verifying SM5 electrical components — updated for accuracy.
251AS SM6 Electrical Test & Label Application Procedure (UPDATED).docx,"Product:  SM6   (PSOA  Portable Socket Outlet Assembly)//Item will be picked and delivered to the Sitemate Test and Tag location, which is in the SM bulk area.The Assembly Supervisor will allocate the testing procedure to one of the Assembly Team.Carry out the Test and Tag process below….Remove the unit from the box.Tighten the lid screws with drill torque set at 18.Use the Metrel unit to carry out the Test and Tag process./Select the correct product on the Metrel Tester and follow the testing instructions on screen.Enter into the Metrel the PO number and the meter will produce a serial # this is to be recorded on the picking slip./With a PASS result, affix the TEST TAG to the cable in the position indicated in the photo.With a FAIL result notify the Assembly Supervisor so that further investigation can be carried out.Carry out label placement as per diagram below.Attach labels LBSM024 and LBSM025 //Re-package the unit and send to dispatch with the required paper work.",Q:\Procedures\Assembly\251AS SM6 Electrical Test & Label Application Procedure (UPDATED).docx,"test, tag, assembly, carry, unit",Combined electrical testing and labeling procedure for SM6 units.
252AS SM7.05 Electrical Test & Label Application Procedure (UPDATED).docx,"Product:  SM7.05//Item will be picked and delivered to the Sitemate Test and Tag location, which is in the SM bulk area.The Assembly Supervisor will allocate the testing procedure to one of the Assembly Team.Carry out the Test and Tag process below….Remove the unit from the box.Tighten the lid screws with drill torque set at 18.Use the Metrel unit to carry out the Test and Tag process./Select the correct product on the Metrel Tester and follow the testing instructions on screen.Enter into the Metrel the PO number and the meter will produce a serial # this is to be recorded on the picking slip./With a PASS result, affix the TEST TAG to the box in the position indicated in the photo.With a FAIL result notify the Assembly Supervisor so that further investigation can be carried out.Add the required information to label LBSM011.Model numberDate of Manufacture/DispatchSerial NumberAttach label LBSM011 to box as per photo.Re-package the unit and send to dispatch with the required paper work.",Q:\Procedures\Assembly\252AS SM7.05 Electrical Test & Label Application Procedure (UPDATED).docx,"test, tag, metrel, box, unit",Procedure for testing and labeling SM7.05 components — revised version.
253AS SM7.06 Electrical Test & Label Application Procedure (UPDATED).docx,"Product:  SM7.06//Item will be picked and delivered to the Sitemate Test and Tag location, which is in the SM bulk area.The Assembly Supervisor will allocate the testing procedure to one of the Assembly Team.Carry out the Test and Tag process below….Remove the unit from the box.Tighten the lid screws with drill torque set at 18.Use the Metrel unit to carry out the Test and Tag process./Select the correct product on the Metrel Tester and follow the testing instructions on screen.Enter into the Metrel the PO number and the meter will produce a serial # this is to be recorded on the picking slip./With a PASS result, affix the TEST TAG to the box in the position indicated in the photo.With a FAIL result notify the Assembly Supervisor so that further investigation can be carried out.Add the required information to label LBSM011.Model numberDate of Manufacture/DispatchSerial NumberAttach label LBSM011 to box as per photo.Re-package the unit and send to dispatch with the required paper work.",Q:\Procedures\Assembly\253AS SM7.06 Electrical Test & Label Application Procedure (UPDATED).docx,"test, tag, metrel, box, unit",Testing and label application guide for SM7.06 — updated standards.
254AS SM16 Electrical Test & Label Application Procedure (UPDATED).docx,"Product:  SM16//Item will be picked and delivered to the Sitemate Test and Tag location, which is in the SM bulk area.The Assembly Supervisor will allocate the testing procedure to one of the Assembly Team.Carry out the Test and Tag process below….Remove the unit from the box.Tighten the lid screws with drill torque set at 18.Use the Metrel unit to carry out the Test and Tag process./Select the correct product on the Metrel Tester and follow the testing instructions on screen.Enter into the Metrel the PO number and the meter will produce a serial # this is to be recorded on the picking slip./With a PASS result, affix the TEST TAG to the box in the position indicated in the photo.With a FAIL result notify the Assembly Supervisor so that further investigation can be carried out./Carry out label placement as per label placement indicated in photo.FIRST add required information to LBSM036 and LBS037Model numberDate of Manufacture/DispatchSerial Number/Re-package the unit and send to dispatch with the required paper work.",Q:\Procedures\Assembly\254AS SM16 Electrical Test & Label Application Procedure (UPDATED).docx,"test, tag, unit, carry, metrel",Procedure for verifying and labeling SM16 items — updated process.
254AS SM16 Electrical Test & Label Application Procedure.docx,"Product:  SM16Item will be picked and delivered to the Sitemate Test and Tag location, which is in the SM bulk area.The Assembly Supervisor will allocate the testing procedure to one of the Assembly Team.Carry out the Test and Tag process below….Remove the unit from the box.Insert Pic.Use the Metrel unit to carry out the Test and Tag process.Select the correct product on the Metrel Tester and follow the testing instructions on screen.Enter into the Metrel the PO number and the meter will produce a serial # this is to be recorded on the picking slip.Insert Pic.With a PASS result, affix the TEST TAG to the box in the position indicated in the above picture.With a FAIL result notify the Assembly Supervisor so that further investigation can be carried out.Carry out label placement as per label placement document below.FIRST add required information to LBSM036 and LBS037Model numberDate of Manufacture/DispatchSerial NumberAttach labels LBSM036 and LBSM037 to box as per below./Re-package the unit and send to dispatch with the required paper work.",Q:\Procedures\Assembly\254AS SM16 Electrical Test & Label Application Procedure.docx,"test, tag, box, carry, metrel",Original or alternate version of the SM16 test and labeling document.
255AS SM16.10 Electrical Test & Label Application Procedure.docx,"Product:  SM16.10//Item will be picked and delivered to the Sitemate Test and Tag location, which is in the SM bulk area.The Assembly Supervisor will allocate the testing procedure to one of the Assembly Team.Carry out the Test and Tag process below….Remove the unit from the box.Tighten the lid screws with drill torque set at 18.Use the Metrel unit to carry out the Test and Tag process./Select the correct product on the Metrel Tester and follow the testing instructions on screen.Enter into the Metrel the PO number and the meter will produce a serial # this is to be recorded on the picking slip./With a PASS result, affix the TEST TAG to the box in the position indicated in the photo.With a FAIL result notify the Assembly Supervisor so that further investigation can be carried out./Carry out label placement as per label placement indicated in photo.FIRST add required information to LBSM036 and LBS037Model numberDate of Manufacture/DispatchSerial Number/Re-package the unit and send to dispatch with the required paper work.",Q:\Procedures\Assembly\255AS SM16.10 Electrical Test & Label Application Procedure.docx,"test, tag, unit, carry, metrel",Steps for electrical testing and label placement on SM16.10 products.
256AS SM17 Electrical Test & Label Application Procedure (UPDATED).docx,"Product:  SM17//Item will be picked and delivered to the Sitemate Test and Tag location, which is in the SM bulk area.The Assembly Supervisor will allocate the testing procedure to one of the Assembly Team.Carry out the Test and Tag process below….Remove the unit from the box.Tighten the lid screws with drill torque set at 18.Use the Metrel unit to carry out the Test and Tag process./Select the correct product on the Metrel Tester and follow the testing instructions on screen.Enter into the Metrel the PO number and the meter will produce a serial # this is to be recorded on the picking slip./With a PASS result, affix the TEST TAG to the box in the position indicated in the photo.With a FAIL result notify the Assembly Supervisor so that further investigation can be carried out./Carry out label placement as per label placement indicated in photo.FIRST add required information to LBSM009 and LBS010Model numberDate of Manufacture/DispatchSerial Number/Re-package the unit and send to dispatch with the required paper work.",Q:\Procedures\Assembly\256AS SM17 Electrical Test & Label Application Procedure (UPDATED).docx,"test, tag, unit, carry, metrel",Test and label procedure for SM17 units — revised edition.
257AS SM17.14 Electrical Test & Label Application Procedure.docx,"Product:  SM17.14//Item will be picked and delivered to the Sitemate Test and Tag location, which is in the SM bulk area.The Assembly Supervisor will allocate the testing procedure to one of the Assembly Team.Carry out the Test and Tag process below….Remove the unit from the box.Tighten the lid screws with drill torque set at 18.Use the Metrel unit to carry out the Test and Tag process./Select the correct product on the Metrel Tester and follow the testing instructions on screen.Enter into the Metrel the PO number and the meter will produce a serial # this is to be recorded on the picking slip./With a PASS result, affix the TEST TAG to the box in the position indicated in the photo.With a FAIL result notify the Assembly Supervisor so that further investigation can be carried out./Carry out label placement as per label placement indicated in photo.FIRST add required information to LBSM009 and LBS010Model numberDate of Manufacture/DispatchSerial Number/Re-package the unit and send to dispatch with the required paper work.",Q:\Procedures\Assembly\257AS SM17.14 Electrical Test & Label Application Procedure.docx,"test, tag, unit, carry, metrel",Instructions for SM17.14 testing and label standards.
258AS SM83 Label Application Procedure.docx,"Product:  SM83To complete the SM83 carry out the Label Application procedure below. Carry out label placement as per label placement document below.FIRST add required information to LBSM042 using a permanent marker pen. Model numberSerial Number  Sitemate PO number, plus sequential number e.g. 2563-01, 2563-02, 2563-03Date of Manufacture/DispatchAttach as required LBSM040 x 2 , LBSM041 x 1, LBSM042 x 1, LBSM043 x 1, LBSM003 x quantity relative to RCD protected outlets and LBSM005 x 3 to box as per below pictures. Ensure surfaces are clean prior to applying the labels and that labels are aligned correctly.         /   LBSM043 x 1LBSM003 x 6                            LBSM041 x 1 / LBSM042 x 1   (Applied by Firstflex)(Applied by Bremca)               (Applied by Bremca)                                                                                                                                                                              /                           /        LBSM005 x 3  LBSM040 x 2            (Applied by Bremca) (Applied by Bremca)/       Bremca to install Declaration of Conformity and tested labels as well as door card + test report on inside of doorAppendix:Special Instructions for LSBSM043 application:Ideally LSBSM043 should be applied once and not re-adjusted after application for best results.Start from the top and work your way down to avoid any bubbles and to maintain alignmentIf a bubble appears as you work your way down evenly pull up the label and re-applySteps:Measure and mark lightly with a pencil 10cm down from the top and 10cm from the left sideAlign the label along top and side markings but maintain a small gap away from the pencil markingsApply pressure to the label after application for additional clarity with a ragClean up pencil markings///",Q:\Procedures\Assembly\258AS SM83 Label Application Procedure.docx,"label, applied, bremca, application, 2563",Label application process for SM83 — includes layout and equipment usage.
259AS SMTL Temporary Lighting Electrical Test Tag (UPDATED).docx,"Product:  SMTL  Sitemate Temporary LightingItem will be picked and delivered to the Sitemate Test and Tag location, which is in the SM bulk area.The Assembly Supervisor will allocate the testing procedure to one of the Assembly Team.Carry out the Test and Tag process below….Open the box, remove cardboard protector. Remove the plug and connector from the box so that the electrical test can be carried out.Use the Metrel unit to carry out the Test and Tag process.Connect label printer to Metrel  unitConnect the light lead to the Metrel using the Scame adaptor leads/Select FIRSTFLEX TESTING optionSelect SiteMate option/Select SiteMate Test & Tag optionSelect SMTL 20025ICE16 Test tag/Press          to proceed to Appliance ID screenType in product code “SMTL20025ICE16” followed by work order # then_1 (for first lead)/Start test and watch lights in box to check they all work/Test tag will print automaticallyLBSM030 to be placed on both plug and socket ends              TEST TAG TO BE FITTED HEREWith a PASS result, affix the TEST TAG to the plug end of the cable behind the Sitemate Tag, the correct position is indicated in the picture above.With a FAIL result notify the Assembly Supervisor so that further investigation can be carried out.Place label LBSM030 on plug and connector ends.Use the Scame spanner and check that the gland nuts on the Scame plug and socket are tight. These need to be more than hand tight, we have noticed that these are not as tight as they should be.          Make sure the instruction sheet is placed back into box. Re-package the unit and send to dispatch with the required paper work.NOTE, for SMTL20025ICEC16 TICK THE PRODUCT OPTION./",Q:\Procedures\Assembly\259AS SMTL Temporary Lighting Electrical Test Tag (UPDATED).docx,"test, tag, plug, sitemate, box",Testing and tagging method for temporary lighting used in SMTL setups.
260AS Convert a SMTL20025IEC16 to a SMTL10012IEC16 (UPDATED).docx,"Finished Product//Remove the SMTL20025IEC16 lighting chain from the box with out uncoiling the lead.  Dispose of instruction sheet.Count out 5 luminaires from the PLUG END then measure 500mm from the black suspension to the next luminaire.Cut the cable at the 500mm point.  /Strip back the outer sheath until the cores are exposed, strip cores and crimp on the ferrules. Do this to both ends of the cut cable, you now have 2 leads with ends that have ferrules.The lead fitted with the Scame plug, needs a Scame connector 318.1643TR fitted to the ferrule end.  The lead fitted with the Scame connector, needs a Scame plug 218.1633TR fitted to the ferrule end.Note, use Sitemate labels on the Scame plug and connector./Make sure the back nuts on the Scame plug and connector are tight, do this by using the Scame spanner.Adhere an LBSMTL001 label to each end of the leads that dont already have one./Use the Metrel unit to carry out the QC electrical test.With a FAIL result notify the Assembly Supervisor so that further investigation can be carried out.Cut the cardboard divider from the original packaging in half across its width.Place each half into #3 boxes.Pack leads into the boxes as per photos, note it will be packed upside down.//BOTTOMTOPPlace an SMTL 10012 instruction sheet into each box.Label the box with the correct Product Label and place in the Bin location allocated for this product.",Q:\Procedures\Assembly\260AS Convert a SMTL20025IEC16 to a SMTL10012IEC16 (UPDATED).docx,"scame, plug, fitted, connector, end",Conversion guide from SMTL20025IEC16 to SMTL10012IEC16 — updated workflow.
261AS_1 Convert a SMTL20025IEC16 to a SMTL10012NZS10 (UPDATED).docx,"Finished Product//Remove the SMTL20025IEC16 lighting chain from the box without uncoiling the lead. Dispose of instruction sheet.Count out 5 luminaires  from the PLUG END of the lead.Measure 500mm from the black mouling of the 5th luminaire as indicated in the picture.Cut the cable at the 500mm mark. Remove  both the Scame plug and connector.  These can go back into stock./Strip back the outer sheath until the cores are exposed, strip cores and crimp on ferrules. Do this to both ends of both leads.Remove the LBSMTL001 labels so the locknut and rubber grommet can slide far enough back to allow connection of the wires.Fit the Drylock plugs to the longer ends of the leads.  Fit the Drylock connectors to the other ends.Note, adhere Sitemate labels to the Drylock plugs and connectors.Adhere a Sitemate LBSMTL001 label to both ends of both leads./Use the Metrel unit to carry out the QC electrical test.With a FAIL result notify the Assembly Supervisor so that further investigation can be carried out.Cut the cardboard divider from the original packaging in half across its width.Place each half into #3 boxes.Pack leads into the boxes as per photos, note it will be packed upside down.//BOTTOMTOPPlace an SMTL 10012 instruction sheet into each box.Label the box with the correct Product Label and place in the Bin location allocated for this product.",Q:\Procedures\Assembly\261AS_1 Convert a SMTL20025IEC16 to a SMTL10012NZS10 (UPDATED).docx,"ends, leads, product, remove, box",Instructions for converting SMTL20025IEC16 to SMTL10012NZS10 standard.
262AS_1 Convert a SMTL20025IEC16 to a SMTL10012NZS15 (UPDATED).docx,"Finished Product//Remove the SMTL20025IEC16 lighting chain from the box without uncoiling the lead. Dispose of instruction sheet.Count out 5 luminaires  from the PLUG END of the lead.Measure 500mm from the black mouling of the 5th luminaire as indicated in the picture.Cut the cable at the 500mm mark. Remove  both the Scame plug and connector.  These can go back into stock./Strip back the outer sheath until the cores are exposed, strip cores and crimp on ferrules. Do this to both ends of both leads.Remove the LBSMTL001 labels so the locknut and rubber grommet can slide far enough back to allow connection of the wires.Fit the Drylock plugs to the longer ends of the leads.  Fit the Drylock connectors to the other ends.Note, adhere Sitemate labels to the Drylock plugs and connectors.Adhere a Sitemate LBSMTL001 label to both ends of both leads./Use the Metrel unit to carry out the QC electrical test.With a FAIL result notify the Assembly Supervisor so that further investigation can be carried out.Cut the cardboard divider from the original packaging in half across its width.Place each half into #3 boxes.Pack leads into the boxes as per photos, note it will be packed upside down.//BOTTOMTOPPlace an SMTL 10012 instruction sheet into each box.Label the box with the correct Product Label and place in the Bin location allocated for this product.",Q:\Procedures\Assembly\262AS_1 Convert a SMTL20025IEC16 to a SMTL10012NZS15 (UPDATED).docx,"ends, leads, product, remove, box",Variant conversion guide to shift from SMTL20025IEC16 to SMTL10012NZS15.
263AS Convert a SMTL20025IEC16 to a SMTL20025NZS10 (UPDATED).docx,"Finished Product//Remove the SMTL20025IEC16 lighting chain from the box without uncoiling the lead. Remove both the Scame plug and connector.  These can go back into stock.Strip back the outer sheath until the cores are exposed, strip cores and crimp on ferrules. Do this to both ends of both leads.Remove the LBSMTL001 labels so the locknut and rubber grommet can slide far enough back to allow connection of the wires.Fit the Drylock plugs to the longer ends of the leads.  Fit the Drylock connectors to the other ends.Note, adhere Sitemate labels to the Drylock plugs and connectors.Adhere a Sitemate LBSMTL001 label to both ends of both leads./Use the Metrel unit to carry out the QC electrical test.With a FAIL result notify the Assembly Supervisor so that further investigation can be carried out.Place lead back into original box AND TICK THE PRODUCT OPTION.9. Place an SMTL 10012 instruction sheet into the box.",Q:\Procedures\Assembly\263AS Convert a SMTL20025IEC16 to a SMTL20025NZS10 (UPDATED).docx,"ends, remove, leads, box, drylock",Update process for converting SMTL20025IEC16 to SMTL20025NZS10.
264AS Convert a SMTL20025IEC16 to a SMTL20025NZS15 (UPDATED).docx,"Finished Product//Remove the SMTL20025IEC16 lighting chain from the box without uncoiling the lead. Remove both the Scame plug and connector.  These can go back into stock.Strip back the outer sheath until the cores are exposed, strip cores and crimp on ferrules. Do this to both ends of both leads.Remove the LBSMTL001 labels so the locknut and rubber grommet can slide far enough back to allow connection of the wires.Fit the Drylock plugs to the longer ends of the leads.  Fit the Drylock connectors to the other ends.Note, adhere Sitemate labels to the Drylock plugs and connectors.Adhere a Sitemate LBSMTL001 label to both ends of both leads./Use the Metrel unit to carry out the QC electrical test.With a FAIL result notify the Assembly Supervisor so that further investigation can be carried out.Place lead back into original box AND TICK THE PRODUCT OPTION.9. Place an SMTL 10012 instruction sheet into the box.",Q:\Procedures\Assembly\264AS Convert a SMTL20025IEC16 to a SMTL20025NZS15 (UPDATED).docx,"ends, remove, leads, box, drylock",Final conversion guide for SMTL20025IEC16 to SMTL20025NZS15.
265AS_1 SMLA Assembly Procedure.docx,"Finished ProductThis product can be made to various lengths which is depicted by the last two characters in the product code e.g. SMLA4M is 4 meters in length./Remove the cable entry connection for the end of the 606.3510-062Remove the lock nut, washer and rubber collarInsert one end of the cable through the nut, washer and collar. Note, silicone spray should be used to ease threading the cable through the rubber collar.Cut the sheath at 65 mm at both ends of the cable and remove.At each end of the cable separate the Earth strands back to sheath then twist together to make one copper core at each end.Crimp Corter 2.5 on both ends and then cover all copper with heat shrink.Strip and crimp a Corter 2.5 on the Neutral wires on both ends.Strip and crimp a Corter 2.5 on the Live wire at the intended plug end of the cable.Attach a Sitemate label to the 3 way adaptor and plug as per photo.Write batch number inside the middle outlet cap.Connect the plug to the previously selected end of the cable. Disassemble the unit including the sockets.  Mark the intended reset switch position. 20mm from the edge and 35mm from the sides, see photos.Drill an 11mm hole.Remove the lock nut and collar the from reset switch then insert through the hole from below and secure Connect a spade terminal to the Live wire on the cable using the large crimping tool.Cut a 100mm section of MST002.5RED, strip both ends and connect a spade terminal to one end and a Corter 2.5 to the other end.Cut 3 x 250mm lengths of MST001.5RED, strip both ends.Fit one end of each wire into a Corter 4.0 T and crimp.Connect a Corter 1.5 to the other ends.Disconnect the black wires from the terminal block and from each socket and discard.Connect the 3 x 250mm Live wires to the terminal block to replace of the black wires. Feed through and connect to the sockets, then reconnect sockets.Connect the Earth and Neutral wires from the cable to the corresponding positions on the terminal block.Connect the spade end of the 100mm section of Live wire to the reset switch and to the corresponding positions on the terminal block.Position the main cable so there is no tension on the reset switch then tighten the cable clamp located inside the top section.Slide down the rubber collar, washer and lock nut.  Make sure washer is seated correctly then tighten lock nut.Reassemble the unit.Test as per Testing Procedure 216ASIf product is for stock DONT SEAL PACKAGING BAG as unit will be removed for test & tag prior to dispatching at a later date.",Q:\Procedures\Assembly\265AS_1 SMLA Assembly Procedure.docx,"cable, end, connect, terminal, corter",Assembly procedure specific to SMLA model components.
266AS_1 SM2 Procedure.docx,"Product code: SM2 Description: Sitemate Adaptor 2m/ASSEMBLY INSTRUCTIONSLay the main body housing on the bench and insert the 2 YELLOW gaskets into the housing as shown in the photo./Apply the SM2 label to the back of the main body housing ensuring it is the correct way up (molded hinge section on right hand side), straight and within the molded lip.Add batch number to label.//(×Not straight,remove and reapplyInsert and secure the nylon support glands into the main body housing top and bottom. Do not over tighten as this will deform the gasket, see photo //×Deformed gasket,Undo gland nut and retighten.If the cable does not have the sheath stripped form the ends use the Rotary Blade Cable Stripping machine (refer to SWP28) to do so. Note, only trained staff are to use this machine.Check the cable layout to determine which end will have the plug connected. Refer to diagram.This end for the plug.From the intended plug end measure 600mm then remove 150mm of sheath. See diagram./Insert the intended plug end of the cable through the nylon support gland starting from the bottom of the box and out the top.Position the sheath inside the gland so it is just visible inside the box. See photo. /Position the cable so the wires run through the box in alignment (left example in photo) rather than twisted (right example in photo). This will aid installing the RCBO. Tighten the glands and separate the earth wire (as in left example in photo).(×Cut the brown (phase) and neutral (blue) wires in the middle of the box and apply the 1.5mm Corter terminals as shown. /Ensure the cable is stripped sufficiently long enough that copper is just visible at the tip of the Corter.NO copper should be visible from under the plastic section of the Corter.Note if too long, the excess copper can be trimmed off.××(×Too short,no copper visible.Re strip.Too long,too much copper visible.Trim off excessCorrect length,copper just visible.Copper showing from under plastic.Remove Corter and correct.Apply the 1.5mm Corter terminals to all ends of the wires as shown. /Check there is no damage to any of the insulation around the wires before proceeding. Terminate the 10A RCBO into the box, ensuring the wires are connected to the correct terminal. Torque to 1.5N.Ensure the Corters are completely inserted, refer photos. /(/×Not completely insertedConnect the plug and connector and insure cable clamp is locked on the sheath. Torque to 0.8N./Once terminated  place the top of the body housing (including the clear cover  make sure the cover hinge is on the correct side) to the base and screw them together (ensure the yellow gasket is not damaged when screwing together). Tighten the screws on the 4 corners first using the electric torque screwdriver (torque setting 4). Follow number sequence as shown. Ensure screws are driven down tightly against box./×Not driven down tightly against box.Once the product is assembled,  test to AS/NZS 3760 using the Omega GT XA, (refer to 216AS Testing Procedure)Pick the correct packing box based on the product made. Pack the SM2 in to the box including the SM2 instruction sheet./SM2 to be packed in bulk????",Q:\Procedures\Assembly\266AS_1 SM2 Procedure.docx,"box, copper, cable, photo, visible",Steps for assembling SM2 items — version 1.
"267AS_1 SM2 10, 15, 20 & 25M Assembly Procedure (2).docx","Product code: SM2.10, 15 & 20Description: Sitemate Adaptor/SM2.10 exampleASSEMBLY INSTRUCTIONSLay the main body housing on the bench and insert the 2 YELLOW gaskets into the housing as shown in the photo./Apply the SM2 label to the back of the main body housing ensuring it is the correct way up (molded hinge section on right hand side), straight and within the molded lip.Add batch number to label.//(×Not straight,remove and reapplyInsert and secure the nylon support glands into the main body housing top and bottom. Do not over tighten as this will deform the gasket, see photo //×Deformed gasket,Undo gland nut and retighten.If the cable does not have the sheath stripped form the ends use the Rotary Blade Cable Stripping machine (refer to SWP28) to do so. Note, only trained staff are to use this machine.Check the cable layout to determine which end will have the plug connected. Refer to diagram.This end for the plug.From the intended plug end measure 600mm then remove 180mm of sheath. See diagram./Insert the intended plug end of the cable through the nylon support gland starting from the bottom of the box and out the top.Position the sheath inside the gland so it is just visible inside the box. See photo. /Position the cable so the wires run through the box in alignment (left example in photo) rather than twisted (right example in photo). This will aid installing the RCBO. Tighten the glands and separate the earth wire (as in left example in photo).(×Cut the brown (phase) and neutral (blue) wires in the middle of the box and apply the 1.5mm Corter terminals as shown. /Ensure the cable is stripped sufficiently long enough that copper is just visible at the tip of the Corter.NO copper should be visible from under the plastic section of the Corter.Note if too long, the excess copper can be trimmed off.××(×Too short,no copper visible.Re strip.Too long,too much copper visible.Trim off excessCorrect length,copper just visible.Copper showing from under plastic.Remove Corter and correct.Apply the 1.5mm Corter terminals to all ends of the wires as shown. /Check there is no damage to any of the insulation around the wires before proceeding. Terminate the 10A RCBO into the box, ensuring the wires are connected to the correct terminal. Torque to 1.5N.Ensure the Corters are completely inserted, refer photos. /(/×Not completely insertedConnect the plug and connector and insure cable clamp is locked on the sheath. Torque to 0.8N.Once terminated  place the top of the body housing (including the clear cover  make sure the cover hinge is on the correct side) to the base and screw them together (ensure the yellow gasket is not damaged when screwing together). Tighten the screws on the 4 corners first using the electric torque screwdriver (torque setting 4). Follow number sequence as shown. Ensure screws are driven down tightly against box.×Not driven down tightly against box.Once the product is assembled,  test to AS/NZS 3760 using the Omega GT XA, (refer to 216AS Testing Procedure)Label bag, pack product including instruction sheet and seal. Pack into #6 box./Example of SM2.10","Q:\Procedures\Assembly\267AS_1 SM2 10, 15, 20 & 25M Assembly Procedure (2).docx","box, copper, cable, visible, photo",Detailed assembly for SM2 cables in 10–25M lengths.
268AS_1 SM16 to SM16.10 Convertion Procedure.docx,"Product code: SM16.10Description: Temporary Power DistributionASSEMBLY INSTRUCTIONS Remove the lid then unscrew the top main terminal rail across the top.  This will allow better access to areas below./Make small marks level with the top of the switch window on the box.Measure up 5mm from these and mark again (this is required as the socket plate is larger than the outlet).Mark center points based on outlets above./Hold template socket plate in place based on markings and mark screw holes.Drill these holes then attach the template back to front so it stands out from the box.Use Dremel to router out the outlet openings./Cut the existing earth wire in a position that allows the junction to be secured to the socket plate once a lug is attached.Terminate with a 4mm screw and washer to the socket plate to be installed./Unscrew the din rail behind RCD11.Remove RCD from window.Remove the blanking plates from the window so it is completely open./Cut all required wires based on wire cutting plan (see end of procedure).Join the G/Y earth wires with a Corter TAffix Corters to the rest of the wire ends.Attach the RCDs to the DIN rail on the wire loom template board.Follow the diagram on the wire loom template board to route the wires and locate in their corresponding positions and RCD connections.Use cable ties at the stud positions./Remove the wire loom & RCDs ready to assemble in box.Feed the RCDs into position near the existing RCD #11.Attach all 3 RCDs to the DIN rail, feed through the window and secure to the rail brackets./Attach the 2 outlets, note there is ample room to connect the wires from the inside.Feed the wires from the bottom of the RCDs to the outlets and attach. /On the top terminal rail release the end stop and make a space for an extra terminal between the black neutral and blue live terminal blocks.Insert the extra terminal, push all terminals up tight against each other and secure the end stop./Remove the bridge between the existing neutral terminals and replace with one that will bridge the now three terminals.Feed the wire loom from the top of the new RCDs to the top terminal rail.Attach the wires to the appropriate positions, with the neutral going to the new terminal.Connect the earth from the loom (from the outlets) to the available earth terminal space at the other end of this rail.Reattach the top terminal rail./Insert caps over the outlet securing screws.Mark the outlets and RCDs with ID and RCD Protected label.//Conduct QC electrical test. Wire Cutting PlanFrom #12 OUTLET to bottom of RCDFrom #13 OUTLET to bottom of RCDFrom TOP of RCDsWHITE600mmBLUE580mmBLUE700mmBLACK600mmBLACK580mmWHITE700mmG/Y200mmG/Y600mmBLACK2 @ 700mm",Q:\Procedures\Assembly\268AS_1 SM16 to SM16.10 Convertion Procedure.docx,"rail, terminal, wire, rcds, wires",Procedure to convert SM16 to SM16.10 format or variant.
270AS METREL Tester Monthly Backup Proceedure.docx,"Product:  METREL TesterAt the start of every monthA new Workspace is to be created on the tester (pg. 1 - 2)A Backup and copy is to be placed on the Q drive (pg. 3 - 6)Workspace Creation (Monthly)Log in to the METREL testerSelect General Settings/Select Workspace Manager/Scroll up to the top of the list in Workspace Manager and tap on WORKSPACES:.Select the blue  .+ /Type in the month and year (Format: MMM YYYY) and save. Ensure the current month is selected with the blue dot //Backing up METREL to the Q drive (Monthly)Open Q\Assembly\Testers\Metrel Tester\Yr database\ (any month)Click Connect /On the right hand side, tick the box next to the month you want to back up (most recent)  /Select the left facing arrow to transfer (download data) from the Metrel tester to your PC //Close screen once transfer completeSelect open from top menu bar and select month just transferredSave as MMM YYYY to the Q drive under Q:\ASSEMBLY\TESTERS\Metrel tester\(year) Database\Open Metrel application and then Open the most recent Metrel database backup/Select all nodes on the left holding SHIFT or CTRL buttons on the keyboard/Select Menu -> Export -> Pro Export -> Complete data/Tick all Structure objects/Tick all Measurements/Select to Excel and save item to Q drive Metrel folder (Q:\ASSEMBLY\Testers\Metrel tester\(year) Excel Database\)Change the File Name to “MONTH YEAR” like below then click Save/",Q:\Procedures\Assembly\270AS METREL Tester Monthly Backup Proceedure.docx,"metrel, select, month, tester, year",Monthly backup procedure for the METREL electrical tester system.
271AS METREL Tester Creating & Modifying Autosequence Tests.docx,Product:  METREL TesterModifying an AUTO SEQUENCE tests requires a Save and upload to the METREL tester for it to work.Auto Sequence modificationOpen Metrel and select Auto Sequence Editor /Creating a new AutosequenceSelect Auto Sequence on the Metrel tester then select the most recently created Workspace. /,Q:\Procedures\Assembly\271AS METREL Tester Creating & Modifying Autosequence Tests.docx,"auto, sequence, metrel, select, tester",Guide to create or modify auto-test sequences in the METREL tester.
272AS Validating The METREL tester.docx,"Annual Testing for the METREL tester ProcedureNOTE: You can now carry out this test using the Autosequence test on the METREL tester called Metrel Calibration Test:/ Autosequence results will be saved at the end of the test.NOTE: THE LAST STEP #18 ON THIS DOCUMENT IS MANDATORYScope: Verifying that the METREL tester is still within calibrationRequirements:METREL TesterMETREL CALIBRATOR box Green test lead/Details:The test is made up in 3 sections. Follow the instructions below closely and avoid any distractions.Results must be recorded in a register on completion with a pass or fail.If at any stage the test fails to meet the required values, report this to the Electrical Production Manager immediately. Testing is complete if results match expected results.METREL Testing ProcedureResistance TestingCheck the lead and box for any obvious damage/Plug in the 3 pin plug from the METREL CALIBRATOR into the METREL tester/Plug one end of the green banana plug into the METREL tester BLACK socket labeled P/S/Plug the other end of the green banana plug into the GREEN 0.0? socket/Zero out the Metrel. Go to Single tests/Go to CONT/Press / to zero the Metrel with the test box. Resistance should read as R___?/NOW PLEASE RUN THE AUTOSEQUENCE CALIBRATION TEST as it will log the following tests to record.These steps below are only an example to what the Autosequence test will ask you to do; Touch inside the blue box to open up the Parameters & Limits menu/Set the parameters as below. P/S  PE, 10A, 2S, 0.5?/Plug the green cable into the 0.2? socket on the box/Press the green button / to start the test. The result should show 0.20? exactly after 2 seconds/Plug the green cable into the 0.5? socket on the box./Press the green button / to test again. The result should show 0.50? exactly after 2 seconds/Isolation Testing  STEP 18 IS MANDATORY AFTER THR AUTOSEQUENCE TEST IS COMPLETEEnsure the tester is plugged in as stated in step 2 under Resistance Testing.From the main menu select Single Tests /Select ISO/Touch inside the blue box to open the Parameters & Limits menu/Set the parameters as below. Riso, 500V, 2s, Off. Return to the previous screen. /Press the green button / to start the test. Press YES for the Warning! Prompt./After 2 seconds the reading should show exactly 1.00 M? with a voltage reading around 500V/Confirm test voltage with a meter. Set a volt meter to the 1000V range and set it to DC.Place one probe into the Neutral on the Metrel and the other into the LN socket on the METREL.//Press the green button / again to re-run the test. Your voltage on the volt meter should match the voltage on the Metrel +/- 10% /The calibration verification is complete if all tests match the expected results. If results dont match expected parameters then notify the Production Manager ASAP.",Q:\Procedures\Assembly\272AS Validating The METREL tester.docx,"test, metrel, green, plug, box",Validation procedure to ensure METREL tester calibration is accurate.
273AS METREL Export Database to Excel - Instructions.docx,Backing up database as EXCEL documentOpen Metrel application and then Open the latest Metrel database backup/Select all nodes on the left holding SHIFT/CTRL/Select Menu -> Export -> Pro Export -> Complete data/Select all Structure objects/Select all Measurements/Select Export and save item to Q drive Metrel folder (Q:\ASSEMBLY\Metrel tester\2022 Database\)/,Q:\Procedures\Assembly\273AS METREL Export Database to Excel - Instructions.docx,"select, metrel, export, database, complete",Exporting test result data from METREL to Excel for documentation.
274AS PRONTO ERROR These zones have not been picked or confirmed when Despatching.docx,These zones have not been picked or confirmed when DespatchingIn this example Sales Order 545563 will not Despatch due to the following error/Go to WMS  Detailed Order ProcessingFind Sales orderClick Tag -> Tag actions -> Un-release taggedSelect the Order and click Un-Release All/Confirm? -> YesUnpick Order: change to Y/Items from this Sales Order are now Un-picked and will be put into 00000000 put away location./Go to Manual Putaway under the scanner or under PRONTO -> WAREHOUSE MANAGEMENT  SYSTEM -> Custom RF Menu -> Putaway Put away all components from the sales order into a location such as YASSEMB/Go to Sales Order Edit and Find the sales orderGo Extra -> Z Maint Options -> Finish OrderYou may need to change status back before being able to re-print order/Now you will need to re-allocate all order items to the location you put the items away into.Go back to WMS  Detailed Order Processing and Find your Sales OrderClick Reallocate Change To Location 1: to your putaway location. For example YASSEMBReallocate all lines/Re-pick orderDespatch orderComplete the Work Order linked to this Sales Order the next day ,Q:\Procedures\Assembly\274AS PRONTO ERROR These zones have not been picked or confirmed when Despatching.docx,"order, sales, location, change, away",Fix for Pronto error involving unconfirmed zones during dispatch.
276AS CARSUPBX Wire Length Cut Sheet.xlsx,,Q:\Procedures\Assembly\276AS CARSUPBX Wire Length Cut Sheet.xlsx,,
276AS_1 Carsupbx Wire Length Cut Sheet.docx,"Description: Length and diagrams for the various wires required for Caravan Supply BoxKitLength Wire SizeColourASSY-LM-AB1234A-1,2,3,4 19cm 2.5mm²Black           B-1,2,3,4 19cm 2.5mm²Red         ",Q:\Procedures\Assembly\276AS_1 Carsupbx Wire Length Cut Sheet.docx,"19cm, description, length, diagrams, various",Wire length reference sheet for CARSUPBX — measurements for cuts.
277AS_1 Equipment Test Tag Procedure.docx,"Instructions;Note; The retest date for an item depends on its situation.If it is fixed in place or not to be moved e.g. computers, extension leads to machines / computers, wall mounted fans/ heaters, it must be retested at a ONE yearly interval.If it is portable e.g. power tool or loose extension lead, it must be retested at a SIX monthly interval. Extension Leads and Power BoardsConnect the extension lead or power board to the tester using the red adaptor connector as per the photos.//Press the button with the                 power board symbol on it, see photo.R CONT, R INS   and L  L and N  N will be tested. A PASS for each these tests will show a ( tick beside the test conducted. A ( tick in the bottom right hand side of the screen shows an overall PASS.Fill out required info on test tag and adhere to the plug end.Record data on list.Double Insulated tools Double insulated tools will have the        symbol on the casing./Connect the double insulated tool to the tester as per the photo./Press the button with the         double insulated symbol on it, see photo.R INS and It (sub) will be tested. When R INS and the open circuit symbol                  flash, press the         button again.When It (sub) and the open circuit symbol               flash, press the         button again.A PASS for each these tests will show a ( tick beside the test conducted. A ( tick in the bottom right hand side of the screen shows an overall PASS.Fill out required info on test tag and adhere to the plug end.Record data on list.Earth Test Any item that has a fixed lead and a metal base e.g. a fan, will require an earth connection to the tester.Connect the earth probe to the P1 position at the back of tester.Touch the probe to a metal surface on the item./Press the button with the          earth symbol on it, see photo.R CONT, R INS and I LEAK (sub) will be tested. When R INS and the open circuit symbol                  flash, press the           button again.When I LEAK (sub) and the open circuit symbol                 flash, press the              button again.A PASS for each these tests will show a ( tick beside the test conducted. A ( tick in the bottom right hand side of the screen shows an overall PASS.Fill out required info on test tag and adhere to the plug end.Record data on list.3 Phase Test For any 3 phase item an adaptor is required.  There are two, one for 20A and one for 30A plugs.Plug required adaptor into the tester.  Plug the items lead into the adaptor.Connect the earth probe to the P1 position at the back of tester.Touch the probe to a metal surface on the item./Press the button with the          earth symbol on it, see photo.R CONT, R INS and I LEAK (sub) will be tested. When R INS and the open circuit symbol                  flash, press the           button again.When I LEAK (sub) and the open circuit symbol    flash, press the              button again.A PASS for each these tests will show a ( tick beside the test conducted. A ( tick in the bottom right hand side of the screen shows an overall PASS.Fill out required info on test tag and adhere to the plug end.Record data on list.",Q:\Procedures\Assembly\277AS_1 Equipment Test Tag Procedure.docx,"symbol, press, button, test, pass",Test tag procedure for equipment safety and compliance checks.
278AS KINGSING Cable Stripping Machine Configuration Document V2.docx,"KINGSING KS-W664 KS2020-7366 Cable Stripping MachineCONFIGURATION DOCUMENT V1.0Main machine configuration Hidden menu settings (Factory setup). These settings should never need to be changed apart from initial machine configuration.Log into Manufacturer with password: 3333 Press the logo displayed on the top left to get into the secret menu.Manufacturer supplied settings (not quite perfect for Assembly):/Firstflex adjusted settings (Assembly defaults): /Cable Setting parametersNote that if the above settings dont match, you may get different results with the below programs.Program INDEX:/Program 1: SMECY04/6.0YEL OUTSIDE/ //Program 2: SMECY04/6.0YEL INSIDE/ //Program 3: SMECY04/16YEL OUTSIDE/ //Program 4: SMECY04/16YEL INSIDE/ //Program 11: ON3/1.5YEL OUTSIDE// / Program 12: ON3/2.5BK OUTSIDE/ //Program 16: ML03/4.0BKG2 OUTSIDE/ //",Q:\Procedures\Assembly\278AS KINGSING Cable Stripping Machine Configuration Document V2.docx,"program, settings, outside, smecy04, machine",Configuration steps for the KINGSING cable stripper (v2).
278AS KINGSING Cable Stripping Machine Configuration Document.docx,"KINGSING KS-W664 KS2020-7366 Cable Stripping MachineCONFIGURATION DOCUMENT V1.0Main machine configuration Hidden menu settings (Factory setup). These settings should never need to be changed apart from initial machine configuration.Log into Manufacturer with password: 3333 Press the logo displayed on the top left to get into the secret menu.Manufacturer supplied settings (not quite perfect for Assembly):/Firstflex adjusted settings (Assembly defaults): /Cable Setting parametersNote that if the above settings dont match, you may get different results with the below programs.Program INDEX:/Program 1: / //Program 2: / //Program 3:/ //Program 4:/ //Program 11:// / Program Program 12: / //Program 16:/ //",Q:\Procedures\Assembly\278AS KINGSING Cable Stripping Machine Configuration Document.docx,"program, settings, menu, cable, manufacturer",Alternate version of KINGSING cable stripper configuration guide.
279AS SM2.docx,"Product code: SM2 Description: Sitemate Adaptor 2mASSEMBLY INSTRUCTIONSLay the main body housing on the bench and insert the 2 YELLOW gaskets into the housing as shown in the photo.Apply the SM2 label to the back of the main body housing ensuring it is the correct way up (molded hinge section on right hand side), straight and within the molded lip.Add batch number to label.Not straight,remove and reapplyInsert and secure the nylon support glands into the main body housing top and bottom. Do not over tighten as this will deform the gasket, see photo ×Deformed gasket,Undo gland nut and retighten.If the cable does not have the sheath stripped form the ends use the Rotary Blade Cable Stripping machine (refer to SWP28) to do so. Note, only trained staff are to use this machine.Check the cable layout to determine which end will have the plug connected. Refer to diagram.This end for the plug.From the intended plug end measure 600mm then remove 150mm of sheath. See diagram.Insert the intended plug end of the cable through the nylon support gland starting from the bottom of the box and out the top.Position the sheath inside the gland so it is just visible inside the box. See photo. Position the cable so the wires run through the box in alignment (left example in photo) rather than twisted (right example in photo). This will aid installing the RCBO. Tighten the glands and separate the earth wire (as in left example in photo).(×Cut the brown (phase) and neutral (blue) wires in the middle of the box and apply the 1.5mm Corter terminals as shown. Ensure the cable is stripped sufficiently long enough that copper is just visible at the tip of the Corter.NO copper should be visible from under the plastic section of the Corter.Note if too long, the excess copper can be trimmed off.××(×Too short,no copper visible.Re strip.Too long,too much copper visible.Trim off excessCorrect length,copper just visible.Copper showing from under plastic.Remove Corter and correct.Apply the 1.5mm Corter terminals to all ends of the wires as shown. Check there is no damage to any of the insulation around the wires before proceeding. Terminate the 10A RCBO into the box, ensuring the wires are connected to the correct terminal. Torque to 1.5N.Ensure the Corters are completely inserted, refer photos. (×Not completely insertedConnect the plug and connector and insure cable clamp is locked on the sheath. Torque to 0.8N.Once terminated  place the top of the body housing (including the clear cover  make sure the cover hinge is on the correct side) to the base and screw them together (ensure the yellow gasket is not damaged when screwing together). Tighten the screws on the 4 corners first using the electric torque screwdriver (torque setting 4). Follow number sequence as shown. Ensure screws are driven down tightly against box.×Not driven down tightly against box.Once the product is assembled,  test to AS/NZS 3760 using the Omega GT XA, (refer to 216AS Testing Procedure)Pick the correct packing box based on the product made. Pack the SM2 in to the box including the SM2 instruction sheet.SM2 to be packed in bulk????",Q:\Procedures\Assembly\279AS SM2.docx,"box, copper, cable, photo, visible",Another SM2 reference — possibly format or revision variation.
279AS SMTL38.05.docx,"Product code: SMTL38.05Description: TUFFLITE 38W 5M IP65/ASSEMBLY INSTRUCTIONSLIGHT BARLay light assembly on bench.Unhook the catches along the light cover and flip it back.Unlock the supports from the LED panel and remove, check the micro switch is set to 4000K.Remove the plastic bag containing the fixture plates and screws. This will be attached to the outer packing once completed.Remove the gland from the end of the main compartment.At the other end of the compartment, drill a hole sufficient to fit a 20mm gland using the moulded circle as a guide.Fit both ends with 20mm glands.CABLEDetermine which end of cable will be the connector end.Measure 1450mm from this end, cut the cable and mark each side of the cut approx. 100mm back from edge to identify these as being the ends which will be inside the light compartment.Strip back the inner and outer sheaths of all four ends using the rotary stripping machine (programs 9 and 10).TERMINAL CONNECTING WIRESCut 300mm of red, black and green/yellow.Strip both ends of each.Affix corters to ONLY ONE end of each.Insert the bare end of each into the MIDDLE terminal of the Wagos.LIGHT ASSEMBLYFeed the marked end of the SHORTER of the two sections of cable through the gland and pull through till it passes the second lock support for the LED panel.Temporarily tighten the gland.Feed the marked end of the LONGER of the two sections of cable through the other gland and pull through till it meets the other section.Tighten the gland. THE INTENDED CONNECTOR / PLUG ENDS…Un-bind the braiding of the earth wires then twist together.Affix a corter the heat shrink.Strip back the insulation on the live and neutral wires and affix corters.Connect the connector and plug.Release the gland on the connector end and adjust the exposed cable so there is 300mm from the end of the connector to the gland.Tighten the gland.THE ENDS INSIDE LIGHT COMPARTMENT…Note; No corters required.Un-bind the braiding of the earth wires then twist together.Trim the end of the wire then heat shrink while leaving approx. 10mm of wire exposed at the end. Strip back the insulation on the live and neutral wires.Connect all the wires inside the light compartment to the corresponding Wago connectors./Connect the live, neutral and earth wires from the wagos to the terminal affixed to the LED panel./Replace the LED panel and lock the supports.Close the light cover.Affix a Sitemate label on the back of the light housing.Test and tag.Pack back in original box by cutting openings in the ends to allow cable to protrude./",Q:\Procedures\Assembly\279AS SMTL38.05.docx,"end, gland, light, ends, cable",Document referencing SMTL38.05 — may relate to a specific product model.
280AS_1  Laser Etching Procedure.docx,"/LASER Etching an imageEnsure the LASER safety glasses are available.Be aware of the safety warnings.Be aware of the emergency stop button on the LASER control box below the workstation./Connect the laptop to the LASER.Start the EzCad2 program, ( note, program will start in demo if laptop is not connected to the LASER.)On the LASER control unit press the POWER button to turn it on.Turn the key to turn the LASER ON.Import file.Position item to be etched under the LASER head.Use the height indicator tool for correct height positioning of the head.Adjust to suit.//Use the trace option to check the etching location on the item.WARN ANY PEDESTRIANS OR OTHER STAFF IN THE GENERAL AREA AROUND THE LASER WORK STATION of the danger when etching.PUT ON THE LASER SAFETY GLASSES and Start the etching process.Once finished switch off LASER and turn off LASER control unit.",Q:\Procedures\Assembly\280AS_1  Laser Etching Procedure.docx,"laser, etching, turn, safety, start",Step-by-step guide to use laser etching equipment for marking items.
312 AS Carsup Leads Procedure.docx,,Q:\Procedures\Assembly\312 AS Carsup Leads Procedure.docx,,
313 Assembly Procedures Staff Sign Off - Template.docx,,Q:\Procedures\Assembly\313 Assembly Procedures Staff Sign Off - Template.docx,,
314 Assembly Procedures Staff Sign Off.docx,,Q:\Procedures\Assembly\314 Assembly Procedures Staff Sign Off.docx,,
315 Assembly Procedures Staff Sign Off-Complete.pdf,,Q:\Procedures\Assembly\315 Assembly Procedures Staff Sign Off-Complete.pdf,,
389 Laser Image Printing settings.docx,,Q:\Procedures\Assembly\389 Laser Image Printing settings.docx,,
416 PRONTO - Item Entry for Special Builds.docx,,Q:\Procedures\Assembly\416 PRONTO - Item Entry for Special Builds.docx,,
417 PRONTO - Item stuck in 00LINK location.docx,,Q:\Procedures\Assembly\417 PRONTO - Item stuck in 00LINK location.docx,,
418 PRONTO - Work Order will not Complete and Update.docx,,Q:\Procedures\Assembly\418 PRONTO - Work Order will not Complete and Update.docx,,
419 PRONTO ERROR Work Order hours over reported OR Incorrect qty reported.docx,,Q:\Procedures\Assembly\419 PRONTO ERROR Work Order hours over reported OR Incorrect qty reported.docx,,
420 PRONTO ERROR Work Order will not Complete and Update.docx,,Q:\Procedures\Assembly\420 PRONTO ERROR Work Order will not Complete and Update.docx,,
448 TABLE OF CONTENTS - ASSEMBLY.docx,,Q:\Procedures\Assembly\448 TABLE OF CONTENTS - ASSEMBLY.docx,,
449 TABLE OF CONTENTS - SITEMATE.docx,,Q:\Procedures\Assembly\449 TABLE OF CONTENTS - SITEMATE.docx,,
460 wire cutting length chart.docx,,Q:\Procedures\Assembly\460 wire cutting length chart.docx,,
BCW Cable Cut Procedure.docx,,Q:\Procedures\Assembly\BCW Cable Cut Procedure.docx,,
Campsafe 20M Procedure.docx,,Q:\Procedures\Assembly\Campsafe 20M Procedure.docx,,
Carsup10 meter Leads Procedure.docx,,Q:\Procedures\Assembly\Carsup10 meter Leads Procedure.docx,,
DSL Cupboard Door Switch.docx,,Q:\Procedures\Assembly\DSL Cupboard Door Switch.docx,,
MGBFK Flashing Kitset Procedure.docx,,Q:\Procedures\Assembly\MGBFK Flashing Kitset Procedure.docx,,
Thumbs.db,,Q:\Procedures\Assembly\Thumbs.db,,
~$0AS Assembly Target Incentive.docx,,Q:\Procedures\Assembly\~$0AS Assembly Target Incentive.docx,,
~$0AS_1 CARSUPBXW Procedure.docx,,Q:\Procedures\Assembly\~$0AS_1 CARSUPBXW Procedure.docx,,
~$2AS SML Lead Procedure.docx,,Q:\Procedures\Assembly\~$2AS SML Lead Procedure.docx,,
~$4AS_1 Live Testing of Electrical Products.docx,,Q:\Procedures\Assembly\~$4AS_1 Live Testing of Electrical Products.docx,,
~$5AS SMLA4M Assembly Procedure.docx,,Q:\Procedures\Assembly\~$5AS SMLA4M Assembly Procedure.docx,,
~$5AS_7 CARSUPBX Procedure.docx,,Q:\Procedures\Assembly\~$5AS_7 CARSUPBX Procedure.docx,,
~$AFT 214AS Live Testing of Electrical Products.docx,,Q:\Procedures\Assembly\~$AFT 214AS Live Testing of Electrical Products.docx,,
~$ocedure Template.doc,,Q:\Procedures\Assembly\~$ocedure Template.doc,,
Path link,,Path,,
Campsafe.pdf,,Q:\Procedures\Assembly\signed off procedures\Campsafe.pdf,,
Carsupada.pdf,,Q:\Procedures\Assembly\signed off procedures\Carsupada.pdf,,
Thumbs.db,,Q:\Procedures\Assembly\signed off procedures\Thumbs.db,,
Path link,,Path,,
264 Indent Product Pricing.doc,"INDENT PRODUCT PRICINGFREIGHT  (Mode of Transport)AIRFREIGHT / INT COURIER / SEAFREIGHT-Obtain a Freight Cost from our Purchasing Dept (once you have Cubics and Weights)-Attach photocopy of ALL Freight Rates page and workings, etc.WEIGHT INCL. PACKAGINGEX-WORKS/ORIGIN CHARGES (IF NOT F.O.B)SEA FREIGHT CHARGESAIR FREIGHT CHARGESLOCAL/DESTINATION CHARGESTOTAL FREIGHT CHARGESTKD,CMI,,HENRYADD: $60 FOR TAXES AND DUTIES CHARGED ON GOODSGET FREIGHT CHARGESADD: $60 FOR TAXES AND DUTIES CHARGED ON GOODSGET FREIGHT CHARGESWORKINGS  (Check Mark up % with Sales Manager)PRODUCT   COST IN FOREIGN$÷ BYEXCHANGE RATE+ FREIGHTPER METROR UNITx 5%LOCAL FREIGHTx MARK UP%  (35%  to 100%)DEPENDINGON PRODUCTVALUESELL PRICETO DISTRIBUTORSELL PRICETO END USER(6% to 50%)SINGLE LINE PRODUCTSAUDUSDEUROGBPAS PER PHILSEXCHGERATESFREIGHTCHARGES(÷) METRESOR UNITSMARTY ORFRED TOCOMPLETENOTE  These columns 5 must be filled outnn",Q:\Procedures\Customer Services\264 Indent Product Pricing.doc,"freight, taxes, duties, product, mark",Pricing strategy or tracking doc for indent (special-order) products.
317 back order procedures.docx,,Q:\Procedures\Customer Services\317 back order procedures.docx,,
322 Booking Returns Procedure.docx,,Q:\Procedures\Customer Services\322 Booking Returns Procedure.docx,,
323 Booking Urgent Couriers.docx,,Q:\Procedures\Customer Services\323 Booking Urgent Couriers.docx,,
327 Cancelling an Order.docx,,Q:\Procedures\Customer Services\327 Cancelling an Order.docx,,
337 Customer Services - working from home guidelines.docx,,Q:\Procedures\Customer Services\337 Customer Services - working from home guidelines.docx,,
338 DAMAGED IN TRANSIT PROCESS.docx,,Q:\Procedures\Customer Services\338 DAMAGED IN TRANSIT PROCESS.docx,,
350 Courier Cut Off Times.doc,"COURIER CHECK TIMESHere is the new check times for the couriers and trucksCourierCheck TimeAsk Hona(Backed up by Frank)Pick up TimesGBS12:00pm12:00am-1:00pmAfter 1:00Mainfreight1:30pm1:00pm-3:00pmAfter 2:30Owens2:00pm2:00pm-3:30pmAfter 3:30NZ Couriers3:30pm3:30pm-4:50pmUp to 5:00NOTE: The cut off times are a general guide, after the cut off times it is essential that we communicate with Hona and Frank to see how busy they are.  Frank will help Hona monitor the work load and assist with prioritizing when necessary. ",Q:\Procedures\Customer Services\350 Courier Cut Off Times.doc,"times, hona, frank, check, 00pm",Cut-off times for scheduling and booking outgoing courier services.
378 INDENT XL SPREADSHEET.xlsx,,Q:\Procedures\Customer Services\378 INDENT XL SPREADSHEET.xlsx,,
379 Industrial Lead Procedure.docx,,Q:\Procedures\Customer Services\379 Industrial Lead Procedure.docx,,
390 lead document.docx,,Q:\Procedures\Customer Services\390 lead document.docx,,
391 Lead Quote Procedure - Draft.docx,,Q:\Procedures\Customer Services\391 Lead Quote Procedure - Draft.docx,,
405 Order Entry Procedure August 2014.docx,,Q:\Procedures\Customer Services\405 Order Entry Procedure August 2014.docx,,
407 Phone Transfer.docx,,Q:\Procedures\Customer Services\407 Phone Transfer.docx,,
456 Transferring from 100 codes.docx,,Q:\Procedures\Customer Services\456 Transferring from 100 codes.docx,,
651P - Backorder Prodecure.docx,"Creating the Backorder In Pronto: Sales orders ( Full Order EntryEnter (past todays date)Type in the Customer CodeEnter, enterType in the customers order numberIf the “duplicate customer reference” warning pops up, check to make sure the backorder hasnt already been entered. Press OK past warning.Enter, enter.Check the delivery address is correct.Enter down to the Expected Date field Put in the date that the customer will be getting the goods (same as P/O date)EnterPut in Quote Number or Enter Past if there is no quote.Enter Press LinesType in the item code, enter. Type in the quantity, enter.If “stock warning” comes up, press OK or enter past it.If Shipped Backorder Quantity” comes up, changed shipped to 0 and change B/O to the quantity on the Backorder.Check the price in Pronto matches the price on the customer order  change if incorrect.Enter until the next line comes upIf there is stock in Pronto, it will prompt you to choose a lot number. Press Exit Enter a note line - Type N and press enterType “BO” in the notes and press enter. It will automatically put in *Backorder* for you.If the item is cable follow steps 19 and 20.the below steps, For all other items go to step 21.Enter another note linePut in metre runsEnter a charges line - Type C and press enterType field  enter the number that corresponds to the freight written on the sales order.0  Customer Collect, 1  Freight Free, 2  Freight Charge $9.50, 4  Freight Charge SpecialYou can also click on the magnifying glass to bring up the options. Enter until you are taken back to the Sales Order Entry screen.Press Esc.Check all lines are correct, then press QuitWrite the Pronto generated sales order number on the order sheetChange status to Backorder, if not alreadyFinish the orderIf “Deallocate Stock” comes up, put in Y and enterLinking the Backorder In Pronto: Sales orders ( Order Edit/Maintenance ( Sales order editPress FindType in the number handwritten on the sheetEnter twice (past suffix box)Press ExtraPress Link to Purchase OrderPress EntryEnter twice (past suffix box)Put in corresponding line number on your sales order (Usually 1) Enter acrossPut in the Firstflex PO number Enter acrossPut in PO Suffix if needed (AA, AB) otherwise Enter acrossPut in line number corresponding to the POEnter 3 times across to XDock qty (Past special buy, status)Put in the quantity going on B/O. EnterPress Esc to see finished linkPress Esc to return to main sales order ScreenPrinting the BackorderIn Pronto: Sales Orders ( Order Edit/Maintenance ( Sales Order EditOnly do steps 1-3 if you are not on the main screen of the sales orderPress FindType in the Pronto generated sales order numberEnterPress StatusEntered Desired Status field  change to 30 Enter, enter.Print Now? = YEnter, enter.The Order Status should say “Picking Slip printedPress Status againEntered Desired Status field  change to 11 (backorder) Enter, enter.OK to deallocate stock = YEnter, enterCancelling a BackorderIn Pronto: Sales Orders ( Order Edit/Maintenance ( Cancel OrderMake sure you have a signed backorder cancellation form Doc #213A before startingPut in Sales Order NumberEnter EnterPress Remove OrderPress Yes or EnterPut in the reason code EnterEnter",Q:\Procedures\Customer Services\651P - Backorder Prodecure.docx,"enter, order, sales, press, backorder",Steps for handling backorders in the system — includes updates and notifications.
701S Internal Sales Precedures.doc,,Q:\Procedures\Customer Services\701S Internal Sales Precedures.doc,,
701s Internal Sales Procedures.docx,"Receiving incoming callsInternal salesTechnical support/quotesShane / Greg / Ali / Tyler / BDMs/Dan, Marty, (Technical Support)If the phone is ringing more than 3 TIMES, then it is the responsibility of all office staff to answer it. If you are already on a call, then you may have to put your caller on hold and answer the incoming call.When answering an incoming call, the standard greeting is “Welcome to Firstflex ………………… speaking.”If the call is a sales enquiry, then transfer the call to Internal Sales team. If they are all on calls then the following sequence applies:Tell the caller that the sales team are all busy with calls at present and ask the caller if they wish to hold. (Transfer the caller when the line is free).If the caller has been on hold for one minute, then say it looks like sales might be a while so you will get them to return the call as soon as possible. (Take down company, contact name and phone number) or ask if they wish to keep holding.If the caller is asking for a staff member by name, then something along the lines of “I think_is here, Ill see if I can track him/her down for you…. who can I say is calling?”If the caller is asking for a particular person but that person is busy/unavailable/out of the office, then TELL the caller what time/day that particular person is due back. Then:Ask the caller if someone else in sales can help.Offer to take a message and have the particular person return their call when they are available/back in the office.Offer the particular persons mobile number only if asked for but advice first if person is unavailable due to being in a meeting and give time details for when they will be available.If you are unsure which department the caller needs to talk to then try the General Manager or the Sales Manager.Any request to answer surveys or request for privileged company information are to be directed to the Managing Director. If the Managing Director is unavailable, then the Sales & Marketing Director will take the call and deal with it in an appropriate manner.As this is the companys main point of contact answer phone in a CLEAR POSITIVE voice: External = “Welcome to Firstflex_speaking.” Internal =_speaking.” If you are unsure if its an internal or external call, answer using external greeting. Order EnquiryDistributor Price/Availability EnquiryCheck quantity required of each item to:Give accurate availability.Determine if special pricing may be applicable due to quantity or dollar value, then see the QUOTES PROCEDURE Page 8The Sales Manager will make a decision if we are to offer a variation from standard price, backed up by General Manager (Refer Quote Regime, Page 7). (If you need some time advise the customer you will call them back). If we are OUT of stock, DONT say this straight away! Tell the customer you will check stock in the warehouse and call them straight back. This will give you time to look at alternative solutions or ask our team what else we could offer. Offer alternatives that are in stock or suit required delivery or application. If unsure on any Technical Issues you need to discuss with either Reps/Marty/Dan/Shane /I.S team.If not ordering by Firstflex part number, ask for information on the application of cable (i.e., voltage/temperature/installed conditions etc.)If the customer is unsure, offer some alternatives or get them to check (you could also offer to talk to the end user for technical details). If you are unsure of what suits the application or delivery, make yourself some time by saying you will check stocks or with the technical department and call them back. If product is not a stocked item or a special application, refer to the quotes department for price and availability.If product is a stocked item for standard sale check required delivery date & method: Collect (check with Warehouse and allow time to suit Firstflex).By whom: Branch staff / end user (name) / customer arranged courier (name, address)OvernightAdvise freight charges and note on sales order.If this is faster than standard means charge freight (or part of).3-5 Days Truck FreightAdvise freight charges and note on sales order.If this is faster than standard means charge freight (or part of).Standard MeansAdvise freight charges and note on sales order.The following distributors require us to have a hardcopy priced order before we send goods. The prices must match prior to sending. Ideal/: If Standard freight is not added to purchase order, then notification is not required when adding freight cost to Pronto Packing Slip. Orders via EDI and emailPowerbase/Others: If Standard freight is not added to purchase order, then notification is not required when adding freight cost to Pronto Packing Slip.J.A.Russell/Radcliffes group are now on an E.D.I System and need to show correct prices. If freight is not added to order, then we must add the freight cost to the E.D.I freight line. No notification is required for customer. If prices do not match, then contact must be made with the branch to amend pricing.Corys Electrical if Standard freight is not added to purchase order, then notification is required when adding freight cost to Pronto Packing Slip. If prices do not match, contact must be made with the branch to amend pricing. The branch must send an updated order BEFORE processing the order. End User Price/Availability EnquiryGet full company name and address.Contact name, phone and fax (write on order/enquiry sheet).Advise technical and availability as per distributor enquiry.For pricing other than trade price refer enquiry to quote department.Try to obtain which distributor the end user deals with where possible.All cash sale to be paid at time of collection. No exceptions without approval from the General Manager or Sales Manager.SamplesAny samples sent use sample account when processing. Note who sample is for amended address accordingly. Data Books/Catalogues/Price ListsAdvise warehouse team and give them all relevant information as to where to send.Track and Trace/P.O.D.The Internal Sales department will explain to the customer that we will get an answer from the freighting company involved and will advise them A.S.A.P., but the response can be delayed (up to 2 hours).When goods have not arrived, we need to do all we can to sort this problem out for the CUSTOMER.Printed CablesAll requests for printed cables will need a emailed confirmation from the customer prior to printing. Once entered the packing slip can go out to the warehouse. Beware of OD cable; it can be too small or too big for print machine. (NOTE Range for Printing is 3mm  45mm). Printing 100m+ is free. $1.50 p/m otherwiseSupplier Rules for Indent Orders/Back OrdersSUPPLIERSTANDARD (no stock on order)SPECIAL REQUESTSUPER SPECIAL REQUESTHenry CablesAlways check system to see if stock is on order. Check with Purchasing team for any issues.The standard duration to receive the order is 12 weeks from time or order.Always ask the customer when they require the goods by. 30 days manufacturing and 30 days sea freight total = 60 days.If air freight required, its 30 days manufacturing and 7-10 days air freight total=37 - 40 days.Obtain freighting prices from Purchasing prior to order.14 days manufacturing and 30 days sea freight total = 44 days.If air freight required, its 14 days manufacturing and 7-10 days air freight total=21  24 days.Obtain freighting prices from Purchasing prior to order.CMIAsk the Purchasing team when the cut-off date is to place the order with CMI. And ask when the delivery date will be.If required we can get an urgent sea freight shipment to speed up the delivery, enquire with the Purchasing team.Obtain freighting prices from Purchasing prior to order.Air freight from CMI takes approximately 7 days from time of order.Obtain freighting prices from Purchasing prior to order.TKD60 days from time of orderNOTE: double check quote to make sure cable is ex stock.10  14 days air freight.Obtain freighting prices from Purchasing prior to order.HelukabelCheck to see if product is ex stock, Germany or Singapore. And discuss shipment options with purchasing team as there are multiple methods of shipping this cable.10- 14 days Air freight ex Germany. 7  10 days Air freight ex Singapore.Obtain freighting prices from Purchasing prior to order.Request for Return / CreditCustomer to send there return request via email. I.S to print off their copy, print off relevant invoice/s. process a GRA if return excepted. Send our copy of GRA to customer with return freight tickets if applicable. Copy of paperwork to be sent to Inwards goods. Credit will be issues once returns processed and checked off at inwards goods. credit will be completed by accounts.Request for Return of Problem/Faulty Product PolicyIf it sounds like the wrong cable is being used for the application the Technical Manager needs to talk to the end user/installer to determine how the cable is being used and recommend a better solution.  If it is a basic product/manufacturing fault, then Firstflex will send and charge a replacement immediately. Firstflex will check the replacement prior to sending to make sure this replacement does not have the same fault. A request for supplier credit will be sorted by Purchasing.Firstflex will send distributor “Customer Return Credit Advice” so faulty product can be returned. (No re-stocking fee, subject to inspection)When the faulty product is returned to Firstflex the product is to be assessed by Dan or assembly team and if found to be faulty then a credit will be given. If the product has been used incorrectly then contact the distributor by phone and also in writing and state our findings.Indent OrdersAny Indent Products brought in especially for a Customer CANNOT be cancelled or credited once ordered. Any requests will need to be referred to the Sales Manager or General Manager on form 213A Customer Backorder Cancellation Advice.BuildsCustom builds cannot be returned.Remember  A BRAND IS A PROMISE KEPT GRA Restocking feesNo Restocking FeeOur FaultFaulty product (subject to inspection)Ordered incorrect product but re-ordered within the month.Arranged by a Firstflex staff member due to special circumstances.Damaged in transit.Reasonable explanation by customer.Agree to make up Stock Order to at least the Value of Credit (TBC) by Marty10% Restocking FeeReturned within 1 - 3 month.50m & 100m reels (normally standard stock items) and accessories.15  20% Restocking FeeReturned within 4 months. Marty to Sign OffSubject to discussion with the parties involved i.e., Left over from job.Cancellation of Job/ProjectSpecs have Changed.GOODS We Will Not Accept BackShort lengths (not at sellable length.)Indent.Poor condition of product i.e., dirty, scuffed etc.Accessories under the value of $25 (C146 SERIES NOT INCLUDED)Items we no longer stock e.g. GCCON, ML, HOFreight / shipping protocolOrders under $200 nett then charge freight according to our charge out rate:North Island = $9.50South Island = $9.50Orders over $200 then freight free via standard means. (Unless otherwise arranged by sales team). For orders shipped direct to end user/customer then freight will apply if cost is more than shipping to branch placing the order.Standard freight methods by area.AUCKLAND METROFor items under 25 kg via NZ CouriersFor items over 25 kg via Transfreight  NORTH ISLAND (OTHER THAN AUCKLAND METRO)For items under 25 kg via NZ CouriersFor items over 25 kg via Mainfreight.SOUTH ISLANDFor items under 25kg via NZ CouriersFor items over 30 kg via Owens (Standard Means 2-3 Days)For items over 30 kg via Owens SSR (1-2 Days) You need to get a QuoteOUTSIDE STANDARD PARAMETERSFor any situations outside of these parameters or if you are unsure, then refer to the Sales supervisor or Manager. For local Auckland urgent orders use Sub60. For the balance of the country use Stuck (Sub60s urgent service).PUTTING ORDERS ON HOLDIf you are holding an order for a customer, follow these steps:Change the expected delivery date to order despatch date (if applicable)Order status to be 20Order to be released on due dateOrders to be checked ever few days with relevant parties involved.Track n Trace / Late Delivery Enquiries ProcedureIf goods sent from Firstflex do not arrive to the customer on time or have been lost or damaged in transit the following procedure should take place.Take down the O/N number from the wholesaler along with contact name and missing items.Enquire through the freight companys web sites to see if items have been signed for as sometimes goods will have been delivered to the branch and already signed off.Constant updates with our customer are a necessity, to let them know we are following up. Phone our customer immediately after talking to the Freight Company and with updates of information until the problem is resolved. If we are required to send out goods to replace damaged or lost goods, see the Internal Sales Manager/supervisor for further action.If the issue is not solved by the freight companys customer services contact, then the Firstflex Internal Sales team shall ring/email the freight company representative and ask him to sort out the problem.If a credit for freight or damaged goods is required than the enquiry is to be handed over to the Internal Sales team for the claim to be processed. The claim supervisor is to check with the admin team to make sure the credit has paid for by the freight company. Our Firstflex Motto:“People want you to do what you say you will do when you say you will do it.” (Under promise and over deliver)",Q:\Procedures\Customer Services\701s Internal Sales Procedures.docx,"freight, order, days, customer, sales","Full guide on internal sales team workflows, responsibilities, and processes."
703(A)S Eftpos Receipts Procedure.docx,"For internal control reasons, use of the Eftpos machine is currently limited to Fred, Rissie, Greg, Marty and Cath.If a customer pays by Eftpos and;We have overcharged them in error or,They return goods and need a refund,The refund function can only be done by the Admin manager (Cath) as it requires a passcode.We do not carry cash on site, therefore never offer or accept the “Cash out” function.If the machine starts to print red ink through the receipt, it means the paper roll is running out.  Please replace the roll and let the Admin manager know if more need to be ordered.For “over the phone” sales, enter the card details directly into the machine as per the instructions below.  DO NOT write the card details down  we are not permitted to store card information.  In the rare event the machine is not working or login fails, the card info can be written down to enter later when the machine comes back on line.  The piece of paper that has the card info written down on then has to be shredded in the office shredder (upstairs office).For any technical difficulties using the machine, the Eftpos helpdesk contact is 0800 338 767 option 2.For the full machine manual, please see the Admin manager, but for everyday transactions and functions, please follow the steps below;FOR CARD PRESENT TRANSACTIONS (the cardholder is on the premises).Enter the amount of the Invoice.Select Purchase.Customer presents card, selects account, and enters their PIN.A merchant receipt will print after the transaction is processed. Attach this to a copy of the invoice and put in the Admin tray so that they can process the receipt.The terminal will offer the option of printing a customer receipt.FOR CARD NOT PRESENT TRANSACTIONS (the cardholder is on the phone).Enter the amount of the invoiceSelect Purchase.Menu  Select Manual Card EntrySelect Phone Order.Type in the credit card number and press Enter.Type in the CVV number and press Enter.A merchant receipt will print after the transaction is processed. Attach this to a copy of the invoice and put in the Admin tray so that they can process the receipt.",Q:\Procedures\Customer Services\703(A)S Eftpos Receipts Procedure.docx,"card, machine, enter, receipt, admin",Alternate or duplicate version of the EFTPOS receipt entry guide (703A).
724S Backorders from an EDI Order.docx,"BACKORDERS FROM AN EDI ORDER  ***NEEDS TO BE UNPDATED***When an order is received through EDI and flagged “insufficient stock” (see example below) review the lines in Order Edit/Maintenance to find which item is short. Print the order from the JA Russell webportal or V-EDI and advise the customer. Ask them if they want it put on backorder or offer a suitable alternative. If there are multiple lines on the order and the customer wants to put the item on backorder, cancel this line using “R” when in the Order Edit/Maintenance screen and process the balance of the order as normal.Process the rest of the order as normal if it has multiple lines. If the order was just for that one item, cancel the order.The item will be treated under the normal backorder process (Document 722S). A new sales order will be created in Pronto using the same purchase order number.",Q:\Procedures\Customer Services\724S Backorders from an EDI Order.docx,"order, item, backorder, edi, process",Explains how to process and monitor backorders originating from EDI transactions.
728S Buddy System Procedure.docx,"MartyBack-upFredDanBack-upChrisBruceBack-upLippy (or Richard C for Sitemate enquiries)TimBack-upGregMorganBack-upFred Richard MBack-upShaneSpencer Back-upShaneElderBack-upAliFredBack-up GregGregBack-upFredShane             Back-upGregAliBack-upShaneIf your back up is absent use their back upIf the person is away, their back up will need to check their emails. Reps are supplied with a work phone which receive emails. If an urgent email/inquiry comes through, ring your back up or forward the email/inquiry and ask them to sort it out.For email replies from suppliers, it is important that we pass onto the covering person (back up)Remember: Ask for help from one of the team if you get swamped.Good Communication is as stimulating as black coffee, and just as hard/",Q:\Procedures\Customer Services\728S Buddy System Procedure.docx,"email, richard, emails, inquiry, person",Outlines mentorship or training responsibilities under the buddy system.
758O SSR services.doc,"Owens Delivery Services and S.S.RPlease keep on hand regarding quoting for urgent jobs prices.Christchurch:Overnight delivery, Normal rates + $100 SSR fee for areas 1-2. Area 3 will be delivered using a truck hire rate. Please ask for these prices when required from myself or our Customers Services team.Charge to Customer $125Saturday delivery, Normal rates + $100 SSR for areasCharge to Customer $1252 Day delivery, Normal Rate + $50 SSR Fee to ensure next day and early as possible deliveryCharge to Customer $752 Day delivery, Normal RateRest of the South Island: Saturday delivery, Normal rates + $100 SSR for areasCharge to Customer $1252 Day delivery, Normal Rate + $50 SSR Fee to ensure next day and early as possible deliveryCharge to Customer $753 Day delivery, Normal RateDRUM NEEDS TO BE AT OWENS AUCKLAND DEPOT BEFORE 2:30 TO BE LOADED ON FIRST RUNMAINFREIGHT SSR Saturday delivery, Normal rate + $100Charge to Customer $125PLEASE CONTACT OWENS WHEN YOU HAVE AN SSR (09) 589 2400Christchurch Area 1  Addington, Avonhead, Broomfield, Bryndwr, Burnside, Christchurch City, Fendalton, Hei Hei, Hillmorton, Hoon Hay, Hornby, Ilam, Islington,Masham, Merivale, Middleton, Prebbleton, Oakland, Riccarton, Russley, Sockburn, Somerfield, Spreydon,Sydenham, Upper Riccarton,Westlake, Wigram ParkArea 2  Airport, Aranui, Avondale, Avonside, Beckenham, Bishopdale, Broadfield, Bromley, Burwood, Casebrook, Cashmere, Dallington,Ferrymead, Halswell,Harewood, Hillsborough, Huntsbury, Ladbrooks, Linwood, Mairehau, Marshlands, Murray Ainsley, North Linwood, Opawa, Papanui, Phillipstown, Redwood,Richmond, Shirley, St.Albans, St.Martins, Templeton, Wainoni, Waltham, Westmoreland, Windsor, Woolston, YaldhurstArea 3 Avoca Valley, Balmoral Hill, Belfast, Bexley, Brooklands, Burnham, Chaneys, Clarksville, Clifton, Coutts Island, Eyreton, Flaxton,Governers Bay, Greenpark, Halkett, Heathcote, Heathcote Valley, Kaiapoi, Kainga, Lincoln, Lyttleton, McCormacks Bay, Moncks Bay, Motukarara, Mt.Pleasant, New Brighton, North Beach, Ohapuku, Ohaka, Ouruhia, Parklands, Redcliffs, Richmond Hill, Rolleston, Scarborough, South brighton,Southshore,Spencerville, St.Andrews Hill, Styx, Sumner, Tai Tapu, Taylors Mistake, Teddington, Waimairi Beach, Weedons, West Melton, Wetheral, Wilsons Siding",Q:\Procedures\Customer Services\758O SSR services.doc,"delivery, normal, ssr, day, customer",Details services offered or managed under the SSR label — may involve reporting or scheduling.
905G Security Camera Procedure.doc,"SECURITY CAMERA Full Users Manual Available  See Dan(Note: you need to use the cctv mouse that is stored in the server room)Turn on mouse-underneath off/on  make sure you turn it offTo view footage Right Click  this opens Main MenuEnter/Select Login (Firstflex)Enter password (54321)Click EnterSelect SearchClick on time line  (yellow = monitored activity)Fast forward using arrowsClick Play to return to normal speed*CLICK STOP TO CHANGE CAMERASRECORDING FROM CAMERA TO USBBottom Right / Click on Icon = File List Select Camera = TOP 1 2 3 4 etcTick EventsClick Save Icon (Bottom Right)Select stick (USB) (NOTE: USB Stick is already connected and is attached in behind the screen).  Replace if you remove it.Click BackupRight Click to EXITOR VIA MAIN MENU / BACKUPANY PROBLEMS WITH ANY OF THE CAMERAS OR THE SYSTEMContact: Andrew WaughCornerstone Security Ltd69 Ina Ville DrivePukekohe, 2120ph: 027 270 8705 / 09 238 6878",Q:\Procedures\Customer Services\905G Security Camera Procedure.doc,"click, camera, select, right, mouse",Duplicate or alternate version of the security camera procedure document.
~$2 Backorder Form.doc,,Q:\Procedures\Customer Services\~$2 Backorder Form.doc,,
~$ck order form'.doc,,Q:\Procedures\Customer Services\~$ck order form'.doc,,
Path link,,Path,,
406 Order Entry Procedures Staff Sign Off.docx,,Q:\Procedures\Customer Services\Order Entry\406 Order Entry Procedures Staff Sign Off.docx,,
726S Tristar - Entering Order Procedure.docx,"Select Sales Orders ( Full Order Entry Enter (Past todays date)Put in Customer Code Enter twicePut in Customer PO / Order Number Note: Sometimes a “duplicate customer reference” warning comes up. This is mostly because the sales order has been split to send the items we do have. Double check you are not doubling up before pressing ok past warning. Enter twiceCheck the address is the same Enter 11 Times to the Quote number (if needed). Enter the quote number and press enterPress LinesPut in the code for the itemEnter across, put in the quantity Note 1: Stock warning may come up, press okay and enter past itNote 2: If “Shipped Backorder Quantity” comes up, change the shipped quantity to 0 and change the B/O quantity to the amount you are needing to bring in Enter across to the price  If needed, enter the quoted price on the purchase order. Enter to the end until you are at the next line. Note: If you have entered in a product that needs a lot number and there is stock in the system, it may ask you to allocate stock. Just press ExitType N and Press enterType “Coming from Tristar” and press enter If product is cable and needs to be on drum lengths, Enter those using the above steps and press enterPress C and press enter Put in the number that corresponds to the type of freight written on the sales orderEnter until the lines come up again and press EscCheck the line are all correct, then press QuitWrite the Picking Slip number on the customers purchase order Change the status to On Hold, press enterEnter WB (Warehouse Bulk) Select FinishPrinting the Picking Slip Select Sales Orders ( Sales order EditSelect Find and enter in your Picking Slip Number Change the status to 30 and enter all the way through. This will print your picking slip Go back in to your status and change this back to 30  Enter twice, Enter “N” Note: This should now have your order set at “Ready for Picking” Check all your details on the Picking Slip are correct  You will need to hand write on the Picking Slip the quantity you are wanting Attached this to the original Order that you have been givenHand on to the Stock controller in charge of ordering this stock to come in to Firstflex.",Q:\Procedures\Customer Services\Order Entry\726S Tristar - Entering Order Procedure.docx,"enter, press, order, picking, number",Step-by-step process for entering orders into the Tristar system.
760O Order Entry Procedure.docx,,Q:\Procedures\Customer Services\Order Entry\760O Order Entry Procedure.docx,,
761O Order Processing Procedures.docx,,Q:\Procedures\Customer Services\Order Entry\761O Order Processing Procedures.docx,,
762O Corys Web Portal Procedure.docx,,Q:\Procedures\Customer Services\Order Entry\762O Corys Web Portal Procedure.docx,,
764O SSR Services.docx,,Q:\Procedures\Customer Services\Order Entry\764O SSR Services.docx,,
765O V-EDI Procedure in Pronto.docx,,Q:\Procedures\Customer Services\Order Entry\765O V-EDI Procedure in Pronto.docx,,
765O V-EDI Procedure in Pronto.pub,,Q:\Procedures\Customer Services\Order Entry\765O V-EDI Procedure in Pronto.pub,,
770O - Releasing of Forward Order.docx,,Q:\Procedures\Customer Services\Order Entry\770O - Releasing of Forward Order.docx,,
~$9O V-EDI Procedure in Pronto.docx,,Q:\Procedures\Customer Services\Order Entry\~$9O V-EDI Procedure in Pronto.docx,,
Path link,,Path,,
101HS Health and Safety Manual Procedure.docx,"Worksite Hazard and Incident Management:1. The premises of Firstflex are to be inspected on a monthly basis for any hazards, including, but not limited to: potential trip, slip and fall hazards, electrical, height safety and fire compliance including egresses and exits [See Appendix 13  Site Inspection Form]2. Aisle Inspection to be carried out in the warehouse every Wednesday with inspection report emailed to all H&S   team members.3. Prior to commencement of any significant work, hazards and potential hazards are discussed, with procedures being adopted and documented to mitigate these hazards.  This includes:3.1. Staff being advised of all safety requirements.  These will include any that are specific to a particular site.3.2. Staff being advised of all personal protective equipment and clothing requirements.3.3. Personal protective equipment is provided to all employees and all employees are trained in its use.4. Updates on safety requirements for all mechanical engineering staff, are carried out at toolbox meetings which are conducted prior to work starting and as issues arise.5. Staff, contractors and other visitors are briefed and also alerted to site specific hazards and to general safety requirements through visual signage erected on site.6. Areas where machinery is being used should be restricted to authorised personnel only.  Appropriate signage and hazard tape used where appropriate.7. Visitors to the workshop must wear a high visibility vest.Health & Safety MeetingsHealth & Safety team meetings are held bi-monthly.   Meetings are compulsory for key staff and a minimum of one management representative must be present.  The meeting agenda includes:? Updates to Firstflexs Health & Safety policies and procedures,? Accident incident review,? Hazard Management, including site specific issues,? Key issues from toolbox meetings,? Re-Occurring Incidents,? Off-site issues if any; and? Staff concerns and suggestions in regard to health & safety.Procedures will be amended and manual documentation will be updated where required as a result of outcomes of the monthly health & safety meetings.Staff are further notified through a group meeting or hard copy memo of any changes or updates to Firstflex Cables Health & Safety policies and procedures and associated changes to Health & Safety documentation.Toolbox MeetingsHealth & safety is also an important part of onsite toolbox meetings.  At toolbox meetings a review of accidents/ incidents, hazards and general staff concerns are covered.  In the same manner as above, procedures are amended and manual documentation is updated where required.Toolbox meetings can be a regular scheduled occurrence if the industry or business requires this approach or a more informal process (in addition to the scheduled health & safety meeting) used whenever the team discusses health & safety issues.The specific function of the toolbox meeting is to assist with health & safety specific to the current work that team members are working on.  During this meeting, the team will review, plan and implement and actions relating to health & safety including, but not limited to the following:? Accidents/ incidents, including serious harm, near misses, and associated trends? Regular site inspections,? Hazard assessments, including new hazards and a review of the hazard register,? Personal protective equipment,? Contractor work, including any new contractors that have come onto site,? Any other issues arising from the work being performed, and? Health & Safety training where required,? Progress of work and specific tasks,? Health & Safety, specifically hazards, accidents/ incidents and PPE requirements; and? Mitigation of risks identified in the aboveAll of the above is recorded in the toolbox meeting minutes (Appendix 6.1) and any information that is relevant to either the site or staff in general, is communicated via general memorandum or staff email.  Appropriate action is taken immediately if required and review takes place at the next toolbox or health & safety meeting.Key issues from toolbox meetings should be reported in the next Health & Safety Meeting.Refer to Firstflex Health and Safety Manual for full dutiesOriginal Copy approved byH&S___________________GM______________________MD_______________________",Q:\Procedures\Health and Safety\101HS Health and Safety Manual Procedure.docx,"safety, health, toolbox, staff, site",Health and safety manual outlining core workplace policies and practices.
104HS Hi-Vis Vest Procedure.docx,"All Internal employees and visitors who enter the warehouse must wear a PINK high visibility vest if they are going outside of the YELLOW taped area.The PINK vest indicates to the Warehouse and Assembly team that the person wearing the PINK vest is not familiar with that area and caution should be taken.This YELLOW taped area is located in front of the winders to the fire exit door.The PINK high visibility vests are located on the coat stand by the main Warehouse door.Employees and visitors within the YELLOW taped area, assembly area and upstairs are not required to wear a high visibility vest.All employees entering the Hi-Vis area, with or without a customer, must advise the Forklift drivers and obey the 3 meter rule.                                              Coat Stand                                                   ",Q:\Procedures\Health and Safety\104HS Hi-Vis Vest Procedure.docx,"area, pink, vest, taped, warehouse",PPE protocol for ensuring proper use of hi-vis safety vests.
347 New Employee Firstflex Health and Safety Manual 26 April 2023.pdf,,Q:\Procedures\Health and Safety\347 New Employee Firstflex Health and Safety Manual 26 April 2023.pdf,,
398 Firstflex Health and Safety Manual 26 April 2023.pdf,,Q:\Procedures\Health and Safety\398 Firstflex Health and Safety Manual 26 April 2023.pdf,,
Thumbs.db,,Q:\Procedures\Health and Safety\Thumbs.db,,
Path link,,Path,,
348 Firstflex Tagout Log sheet.xlsx,,Q:\Procedures\Health and Safety\Safe Working Procedure (Task Analysis)\348 Firstflex Tagout Log sheet.xlsx,,
Path link,,Path,,
SW00 Table of Contents.docx,,Q:\Procedures\Health and Safety\Safe Working Procedure (Task Analysis)\SWP 2023\SW00 Table of Contents.docx,,
SWP01 Bench Grinder_2.docx,,Q:\Procedures\Health and Safety\Safe Working Procedure (Task Analysis)\SWP 2023\SWP01 Bench Grinder_2.docx,,
SWP02 Angle Grinder_2.docx,,Q:\Procedures\Health and Safety\Safe Working Procedure (Task Analysis)\SWP 2023\SWP02 Angle Grinder_2.docx,,
SWP03 Circular Saw_2.docx,,Q:\Procedures\Health and Safety\Safe Working Procedure (Task Analysis)\SWP 2023\SWP03 Circular Saw_2.docx,,
SWP04 Drill Press_2.docx,,Q:\Procedures\Health and Safety\Safe Working Procedure (Task Analysis)\SWP 2023\SWP04 Drill Press_2.docx,,
SWP05 Drop Saw_2.docx,,Q:\Procedures\Health and Safety\Safe Working Procedure (Task Analysis)\SWP 2023\SWP05 Drop Saw_2.docx,,
SWP06 Portable Drill_2.docx,,Q:\Procedures\Health and Safety\Safe Working Procedure (Task Analysis)\SWP 2023\SWP06 Portable Drill_2.docx,,
SWP07 Jig Saw_2.docx,,Q:\Procedures\Health and Safety\Safe Working Procedure (Task Analysis)\SWP 2023\SWP07 Jig Saw_2.docx,,
SWP08 Heat Gun_2.docx,,Q:\Procedures\Health and Safety\Safe Working Procedure (Task Analysis)\SWP 2023\SWP08 Heat Gun_2.docx,,
SWP09 Impulse Heat Sealer_2.docx,,Q:\Procedures\Health and Safety\Safe Working Procedure (Task Analysis)\SWP 2023\SWP09 Impulse Heat Sealer_2.docx,,
SWP10 Compressor_2.docx,,Q:\Procedures\Health and Safety\Safe Working Procedure (Task Analysis)\SWP 2023\SWP10 Compressor_2.docx,,
SWP11 Oscillating Multi Tool_2.docx,,Q:\Procedures\Health and Safety\Safe Working Procedure (Task Analysis)\SWP 2023\SWP11 Oscillating Multi Tool_2.docx,,
SWP12 Leaf Blower_1.docx,,Q:\Procedures\Health and Safety\Safe Working Procedure (Task Analysis)\SWP 2023\SWP12 Leaf Blower_1.docx,,
SWP13 Forklift_ Man Up Battery Chargers_2.docx,,Q:\Procedures\Health and Safety\Safe Working Procedure (Task Analysis)\SWP 2023\SWP13 Forklift_ Man Up Battery Chargers_2.docx,,
SWP14 Forklift_Bendi and Man Up_2.docx,,Q:\Procedures\Health and Safety\Safe Working Procedure (Task Analysis)\SWP 2023\SWP14 Forklift_Bendi and Man Up_2.docx,,
SWP15 Bench Grinder Linisher_1.docx,,Q:\Procedures\Health and Safety\Safe Working Procedure (Task Analysis)\SWP 2023\SWP15 Bench Grinder Linisher_1.docx,,
SWP16 Roller Door Operation_2.docx,,Q:\Procedures\Health and Safety\Safe Working Procedure (Task Analysis)\SWP 2023\SWP16 Roller Door Operation_2.docx,,
SWP17 Portable Sander_2.docx,,Q:\Procedures\Health and Safety\Safe Working Procedure (Task Analysis)\SWP 2023\SWP17 Portable Sander_2.docx,,
SWP18 Naturally Venting Aging Oven_2.docx,,Q:\Procedures\Health and Safety\Safe Working Procedure (Task Analysis)\SWP 2023\SWP18 Naturally Venting Aging Oven_2.docx,,
SWP19 Manual Handling_2.docx,,Q:\Procedures\Health and Safety\Safe Working Procedure (Task Analysis)\SWP 2023\SWP19 Manual Handling_2.docx,,
SWP20 Use of Ladders_2.docx,,Q:\Procedures\Health and Safety\Safe Working Procedure (Task Analysis)\SWP 2023\SWP20 Use of Ladders_2.docx,,
SWP21 Lockout and Tag Out_2.docx,,Q:\Procedures\Health and Safety\Safe Working Procedure (Task Analysis)\SWP 2023\SWP21 Lockout and Tag Out_2.docx,,
SWP22 Loading and Unloading_2.docx,,Q:\Procedures\Health and Safety\Safe Working Procedure (Task Analysis)\SWP 2023\SWP22 Loading and Unloading_2.docx,,
SWP23 Office Safety_2.docx,,Q:\Procedures\Health and Safety\Safe Working Procedure (Task Analysis)\SWP 2023\SWP23 Office Safety_2.docx,,
SWP24 Site Traffic Management_2.docx,,Q:\Procedures\Health and Safety\Safe Working Procedure (Task Analysis)\SWP 2023\SWP24 Site Traffic Management_2.docx,,
SWP25 Racking Working Load Signs_2.docx,,Q:\Procedures\Health and Safety\Safe Working Procedure (Task Analysis)\SWP 2023\SWP25 Racking Working Load Signs_2.docx,,
SWP26 MEK (Methyl Ethyl Ketone)_2.docx,,Q:\Procedures\Health and Safety\Safe Working Procedure (Task Analysis)\SWP 2023\SWP26 MEK (Methyl Ethyl Ketone)_2.docx,,
SWP28 Rotary Blade Cable Stripping Machine_2.docx,,Q:\Procedures\Health and Safety\Safe Working Procedure (Task Analysis)\SWP 2023\SWP28 Rotary Blade Cable Stripping Machine_2.docx,,
SWP29 Cable Winding Process_2.docx,,Q:\Procedures\Health and Safety\Safe Working Procedure (Task Analysis)\SWP 2023\SWP29 Cable Winding Process_2.docx,,
SWP30 Strapping Machine_2.docx,,Q:\Procedures\Health and Safety\Safe Working Procedure (Task Analysis)\SWP 2023\SWP30 Strapping Machine_2.docx,,
SWP31 Pallet Wrapper_2.docx,,Q:\Procedures\Health and Safety\Safe Working Procedure (Task Analysis)\SWP 2023\SWP31 Pallet Wrapper_2.docx,,
SWP32 Battery Powered Cable Cutter_2.docx,,Q:\Procedures\Health and Safety\Safe Working Procedure (Task Analysis)\SWP 2023\SWP32 Battery Powered Cable Cutter_2.docx,,
SWP33 Automatic Cutting and Stripping Machine_2.docx,,Q:\Procedures\Health and Safety\Safe Working Procedure (Task Analysis)\SWP 2023\SWP33 Automatic Cutting and Stripping Machine_2.docx,,
SWP34 Automatic Ferrule Machine_2.docx,,Q:\Procedures\Health and Safety\Safe Working Procedure (Task Analysis)\SWP 2023\SWP34 Automatic Ferrule Machine_2.docx,,
SWP35 Pressure Washer_1.docx,,Q:\Procedures\Health and Safety\Safe Working Procedure (Task Analysis)\SWP 2023\SWP35 Pressure Washer_1.docx,,
SWP36 Line Trimmer_1.docx,,Q:\Procedures\Health and Safety\Safe Working Procedure (Task Analysis)\SWP 2023\SWP36 Line Trimmer_1.docx,,
SWP37 Dremel_1.docx,,Q:\Procedures\Health and Safety\Safe Working Procedure (Task Analysis)\SWP 2023\SWP37 Dremel_1.docx,,
SWP38 Equipment Test Tag Procedure_1.docx,,Q:\Procedures\Health and Safety\Safe Working Procedure (Task Analysis)\SWP 2023\SWP38 Equipment Test Tag Procedure_1.docx,,
SWP39 Diesel Fuel Handling_1.docx,,Q:\Procedures\Health and Safety\Safe Working Procedure (Task Analysis)\SWP 2023\SWP39 Diesel Fuel Handling_1.docx,,
SWP40 Chemical Spraying_1.docx,,Q:\Procedures\Health and Safety\Safe Working Procedure (Task Analysis)\SWP 2023\SWP40 Chemical Spraying_1.docx,,
SWP41 Pallet Wrapping Process_1.docx,,Q:\Procedures\Health and Safety\Safe Working Procedure (Task Analysis)\SWP 2023\SWP41 Pallet Wrapping Process_1.docx,,
SWP42 Live Testing of Electrical Products_1.docx,,Q:\Procedures\Health and Safety\Safe Working Procedure (Task Analysis)\SWP 2023\SWP42 Live Testing of Electrical Products_1.docx,,
SWP43 LASER Etching Procedure_1.docx,,Q:\Procedures\Health and Safety\Safe Working Procedure (Task Analysis)\SWP 2023\SWP43 LASER Etching Procedure_1.docx,,
~$P01 Bench Grinder_2.docx,,Q:\Procedures\Health and Safety\Safe Working Procedure (Task Analysis)\SWP 2023\~$P01 Bench Grinder_2.docx,,
~$P06 Portable Drill_2.docx,,Q:\Procedures\Health and Safety\Safe Working Procedure (Task Analysis)\SWP 2023\~$P06 Portable Drill_2.docx,,
~$P08 Heat Gun_2.docx,,Q:\Procedures\Health and Safety\Safe Working Procedure (Task Analysis)\SWP 2023\~$P08 Heat Gun_2.docx,,
~$P09 Impulse Heat Sealer_2.docx,,Q:\Procedures\Health and Safety\Safe Working Procedure (Task Analysis)\SWP 2023\~$P09 Impulse Heat Sealer_2.docx,,
~$P20 Use of Ladders_2.docx,,Q:\Procedures\Health and Safety\Safe Working Procedure (Task Analysis)\SWP 2023\~$P20 Use of Ladders_2.docx,,
~$P29 Cable Winding Process_2.docx,,Q:\Procedures\Health and Safety\Safe Working Procedure (Task Analysis)\SWP 2023\~$P29 Cable Winding Process_2.docx,,
~$P32 Battery Powered Cable Cutter_2.docx,,Q:\Procedures\Health and Safety\Safe Working Procedure (Task Analysis)\SWP 2023\~$P32 Battery Powered Cable Cutter_2.docx,,
~$P33 Automatic Cutting and Stripping Machine_2.docx,,Q:\Procedures\Health and Safety\Safe Working Procedure (Task Analysis)\SWP 2023\~$P33 Automatic Cutting and Stripping Machine_2.docx,,
~$P37 Dremel_1.docx,,Q:\Procedures\Health and Safety\Safe Working Procedure (Task Analysis)\SWP 2023\~$P37 Dremel_1.docx,,
~$P38 Equipment Test Tag Procedure_1.docx,,Q:\Procedures\Health and Safety\Safe Working Procedure (Task Analysis)\SWP 2023\~$P38 Equipment Test Tag Procedure_1.docx,,
~$P42 Live Testing of Electrical Products_1.docx,,Q:\Procedures\Health and Safety\Safe Working Procedure (Task Analysis)\SWP 2023\~$P42 Live Testing of Electrical Products_1.docx,,
Path link,,Path,,
SWP01RF Bench Grinder_1.docx,,Q:\Procedures\Health and Safety\Safe Working Procedure (Task Analysis)\SWP Refresher\SWP01RF Bench Grinder_1.docx,,
SWP02RF Angle Grinder_1.docx,,Q:\Procedures\Health and Safety\Safe Working Procedure (Task Analysis)\SWP Refresher\SWP02RF Angle Grinder_1.docx,,
SWP03RF Circular Saw_1.docx,,Q:\Procedures\Health and Safety\Safe Working Procedure (Task Analysis)\SWP Refresher\SWP03RF Circular Saw_1.docx,,
SWP04RF Drill Press_1.docx,,Q:\Procedures\Health and Safety\Safe Working Procedure (Task Analysis)\SWP Refresher\SWP04RF Drill Press_1.docx,,
SWP05RF Drop Saw_1.docx,,Q:\Procedures\Health and Safety\Safe Working Procedure (Task Analysis)\SWP Refresher\SWP05RF Drop Saw_1.docx,,
SWP06RF Portable Drill_1.docx,,Q:\Procedures\Health and Safety\Safe Working Procedure (Task Analysis)\SWP Refresher\SWP06RF Portable Drill_1.docx,,
SWP07RF Jig Saw_1.docx,,Q:\Procedures\Health and Safety\Safe Working Procedure (Task Analysis)\SWP Refresher\SWP07RF Jig Saw_1.docx,,
SWP08RF Heat Gun_1.docx,,Q:\Procedures\Health and Safety\Safe Working Procedure (Task Analysis)\SWP Refresher\SWP08RF Heat Gun_1.docx,,
SWP09RF Impulse Heat Sealer_1.docx,,Q:\Procedures\Health and Safety\Safe Working Procedure (Task Analysis)\SWP Refresher\SWP09RF Impulse Heat Sealer_1.docx,,
SWP10RF Compressor_1.docx,,Q:\Procedures\Health and Safety\Safe Working Procedure (Task Analysis)\SWP Refresher\SWP10RF Compressor_1.docx,,
SWP11RF Oscillating Multi Tool_1.docx,,Q:\Procedures\Health and Safety\Safe Working Procedure (Task Analysis)\SWP Refresher\SWP11RF Oscillating Multi Tool_1.docx,,
SWP12RF Leaf Blower_1.docx,,Q:\Procedures\Health and Safety\Safe Working Procedure (Task Analysis)\SWP Refresher\SWP12RF Leaf Blower_1.docx,,
SWP13RF Forklift_ Man Up Battery Chargers_1.docx,,Q:\Procedures\Health and Safety\Safe Working Procedure (Task Analysis)\SWP Refresher\SWP13RF Forklift_ Man Up Battery Chargers_1.docx,,
SWP14RF Forklift_Bendi and Man Up_1.docx,,Q:\Procedures\Health and Safety\Safe Working Procedure (Task Analysis)\SWP Refresher\SWP14RF Forklift_Bendi and Man Up_1.docx,,
SWP15 Bench Grinder Linisher_1.docx,,Q:\Procedures\Health and Safety\Safe Working Procedure (Task Analysis)\SWP Refresher\SWP15 Bench Grinder Linisher_1.docx,,
SWP16 Roller Door Operation_1.docx,,Q:\Procedures\Health and Safety\Safe Working Procedure (Task Analysis)\SWP Refresher\SWP16 Roller Door Operation_1.docx,,
SWP17RF Portable Sander_1.docx,,Q:\Procedures\Health and Safety\Safe Working Procedure (Task Analysis)\SWP Refresher\SWP17RF Portable Sander_1.docx,,
SWP18RF Naturally Venting Aging Oven_1.docx,,Q:\Procedures\Health and Safety\Safe Working Procedure (Task Analysis)\SWP Refresher\SWP18RF Naturally Venting Aging Oven_1.docx,,
SWP19RF Manual Handling_1.docx,,Q:\Procedures\Health and Safety\Safe Working Procedure (Task Analysis)\SWP Refresher\SWP19RF Manual Handling_1.docx,,
SWP20RF Use of Ladders_1.docx,,Q:\Procedures\Health and Safety\Safe Working Procedure (Task Analysis)\SWP Refresher\SWP20RF Use of Ladders_1.docx,,
SWP21RF Lockout and Tag Out_1.docx,,Q:\Procedures\Health and Safety\Safe Working Procedure (Task Analysis)\SWP Refresher\SWP21RF Lockout and Tag Out_1.docx,,
SWP22RF Loading and Unloading_1.docx,,Q:\Procedures\Health and Safety\Safe Working Procedure (Task Analysis)\SWP Refresher\SWP22RF Loading and Unloading_1.docx,,
SWP23RF Office Safety_1.docx,,Q:\Procedures\Health and Safety\Safe Working Procedure (Task Analysis)\SWP Refresher\SWP23RF Office Safety_1.docx,,
SWP24 RFSite Traffic Management_1.docx,,Q:\Procedures\Health and Safety\Safe Working Procedure (Task Analysis)\SWP Refresher\SWP24 RFSite Traffic Management_1.docx,,
SWP25RF Racking Working Load Signs_1.docx,,Q:\Procedures\Health and Safety\Safe Working Procedure (Task Analysis)\SWP Refresher\SWP25RF Racking Working Load Signs_1.docx,,
SWP26RF MEK (Methyl Ethyl Ketone)_1.docx,,Q:\Procedures\Health and Safety\Safe Working Procedure (Task Analysis)\SWP Refresher\SWP26RF MEK (Methyl Ethyl Ketone)_1.docx,,
SWP28RF Rotary Blade Cable Stripping Machine_1.docx,,Q:\Procedures\Health and Safety\Safe Working Procedure (Task Analysis)\SWP Refresher\SWP28RF Rotary Blade Cable Stripping Machine_1.docx,,
SWP29RF Cable Winding Process_1.docx,,Q:\Procedures\Health and Safety\Safe Working Procedure (Task Analysis)\SWP Refresher\SWP29RF Cable Winding Process_1.docx,,
SWP30RF Strapping Machine_1.docx,,Q:\Procedures\Health and Safety\Safe Working Procedure (Task Analysis)\SWP Refresher\SWP30RF Strapping Machine_1.docx,,
SWP31RF Pallet Wrapper_1.docx,,Q:\Procedures\Health and Safety\Safe Working Procedure (Task Analysis)\SWP Refresher\SWP31RF Pallet Wrapper_1.docx,,
SWP32RF Battery Powered Cable Cutter_1.docx,,Q:\Procedures\Health and Safety\Safe Working Procedure (Task Analysis)\SWP Refresher\SWP32RF Battery Powered Cable Cutter_1.docx,,
SWP33RF Automatic Cutting and Stripping Machine_1.docx,,Q:\Procedures\Health and Safety\Safe Working Procedure (Task Analysis)\SWP Refresher\SWP33RF Automatic Cutting and Stripping Machine_1.docx,,
SWP34RF Automatic Ferrule Machine_1.docx,,Q:\Procedures\Health and Safety\Safe Working Procedure (Task Analysis)\SWP Refresher\SWP34RF Automatic Ferrule Machine_1.docx,,
SWP35RF Pressure Washer_1.docx,,Q:\Procedures\Health and Safety\Safe Working Procedure (Task Analysis)\SWP Refresher\SWP35RF Pressure Washer_1.docx,,
SWP36RF Line Trimmer_1.docx,,Q:\Procedures\Health and Safety\Safe Working Procedure (Task Analysis)\SWP Refresher\SWP36RF Line Trimmer_1.docx,,
SWP37RF Dremel_1.docx,,Q:\Procedures\Health and Safety\Safe Working Procedure (Task Analysis)\SWP Refresher\SWP37RF Dremel_1.docx,,
Path link,,Path,,
310 Appendix 10 - Task Analysis Worksheet MASTERCOPY TEMPLATE a.docx,,"Q:\Procedures\Health and Safety\Safe Working Procedure (Task Analysis)\Tasks, risk analysis\310 Appendix 10 - Task Analysis Worksheet MASTERCOPY TEMPLATE a.docx",,
316 Auto Winder 15 Nov 19.pdf,,"Q:\Procedures\Health and Safety\Safe Working Procedure (Task Analysis)\Tasks, risk analysis\316 Auto Winder 15 Nov 19.pdf",,
325 Cable Counting Machine 25 May 20.pdf,,"Q:\Procedures\Health and Safety\Safe Working Procedure (Task Analysis)\Tasks, risk analysis\325 Cable Counting Machine 25 May 20.pdf",,
393 Man-Up Cage 14 Sep 2020.docx,,"Q:\Procedures\Health and Safety\Safe Working Procedure (Task Analysis)\Tasks, risk analysis\393 Man-Up Cage 14 Sep 2020.docx",,
446 Strapping Machine 15 Nov 19.pdf,,"Q:\Procedures\Health and Safety\Safe Working Procedure (Task Analysis)\Tasks, risk analysis\446 Strapping Machine 15 Nov 19.pdf",,
459 Winder Chain Hoist 16 Dec 19.pdf,,"Q:\Procedures\Health and Safety\Safe Working Procedure (Task Analysis)\Tasks, risk analysis\459 Winder Chain Hoist 16 Dec 19.pdf",,
Thumbs.db,,"Q:\Procedures\Health and Safety\Safe Working Procedure (Task Analysis)\Tasks, risk analysis\Thumbs.db",,
Path link,,Path,,
345 Firstflex - Safe Working Zones.pdf,,Q:\Procedures\Health and Safety\Traffic Management Plan\345 Firstflex - Safe Working Zones.pdf,,
349 Firstflex TMP.pdf,,Q:\Procedures\Health and Safety\Traffic Management Plan\349 Firstflex TMP.pdf,,
351 FIRSTFLEX TRAFFIC MANAGEMENT PLAN.pdf,,Q:\Procedures\Health and Safety\Traffic Management Plan\351 FIRSTFLEX TRAFFIC MANAGEMENT PLAN.pdf,,
453 TMP ACKNOWLEDGEMENT FORM.docx,,Q:\Procedures\Health and Safety\Traffic Management Plan\453 TMP ACKNOWLEDGEMENT FORM.docx,,
454 TMP ACKNOWLEDGEMENT FORM.pdf,,Q:\Procedures\Health and Safety\Traffic Management Plan\454 TMP ACKNOWLEDGEMENT FORM.pdf,,
455 Traffic Management - Truck drivers forms 2024.pdf,,Q:\Procedures\Health and Safety\Traffic Management Plan\455 Traffic Management - Truck drivers forms 2024.pdf,,
Thumbs.db,,Q:\Procedures\Health and Safety\Traffic Management Plan\Thumbs.db,,
Path link,,Path,,
Path link,,Path,,
Path link,,Path,,
1027IT - Nextvoice phone setup.docx,"Instructions below. Please let me know how you get on.In Admin Portal:1. Go to Hardphones >> Add device MAC/2. Go to the user you want to add the device to: User  >> Devices >> Add hardphone and select the MAC address. ConfirmOn the Grandstream Device:1. Browse to the IP address of the unit2. Go to Settings/Maintenance >> UpgradeSet the following:""Upgrade via"" - set to HTTPS""Config Server Path"" - set to prov.nextvoice.io/fw/grandstream/These devices will need to be manually set up as we do not have their templates for auto provisioning. To do this you will need to add a sip device to the extension and then grab the SIP username and password from that(Please see screenshots below). For device type you can just select custom settings or any available grandstream.The sip server IP is: 131.203.179.118 Let me know if you need a hand :)///",Q:\Procedures\Information technology\1027IT - Nextvoice phone setup.docx,"device, add, grandstream, sip, set",Setup instructions for the Nextvoice phone system.
1029IT - Technical Explanation of the Pricing Sheets.docx,"Technical Explanation of the Pricing SheetsWhat Does It Do?The 4-supplier template takes the pricing sheets from the suppliers and uses them to update Pronto according to certain rules.Formatting the Data for ProntoFirst, it creates a format that matches the raw data so the results sheet is, in essence, a copy of that raw data, ready to upload back into the same screen.This is seen in column A, which directly pulls the data:='raw pronto'!A2Handling Blank ValuesSome columns need to return blanks instead of zeros:=IF('raw pronto'!B2=0,"""",'raw pronto'!B2)Supplier 1 Code Handling for X ArticlesAny X article should use the supplier of the normal article. X codes represent the same product but are separated to avoid interfering with reordering.=IF(IF(LEFT(A2,1)=""X"",'raw pronto'!J2,VLOOKUP(MID(A2,1,99),'raw pronto'!A:J,10,FALSE))=0,"""",IF(LEFT(A2,1)=""X"",'raw pronto'!J2,VLOOKUP(MID(A2,1,99),'raw pronto'!A:J,10,FALSE)))Looking Up the Supplier and Standardizing X or ASSY ArticlesThe supplier is identified, and then the article is found on the vendor sheets. If it is an X article or an ASSY article, the standard (non-X) article is found.If this formula is too complex, a helper worksheet could be used to combine data from each vendor, along with a helper column that assigns the standard article for every item.=LET( lookupValue, IF( LEFT($A2,1)=""X"", RIGHT($A2, LEN($A2) - 1), IF(RIGHT($A2,4)=""ASSY"", LEFT($A2, LEN($A2) - 4), $A2) ), result, IF( J2=""HENRYCAB"", IF(COUNTIF('raw HC'!$A:$A, lookupValue) > 0, VLOOKUP(lookupValue, 'raw HC'!$A:$M, 11, FALSE), 0), IF( J2=""RAMRATNA"", IF(COUNTIF('raw RR'!$A:$A, lookupValue) > 0, VLOOKUP(lookupValue, 'raw RR'!$A:$N, 11, FALSE), 0), IF( J2=""DOMINION"", IF(COUNTIF('raw DC'!$A:$A, lookupValue) > 0, VLOOKUP(lookupValue, 'raw DC'!$A:$Z, 9, FALSE), 0), IF( J2=""TKDKABEL"", IF(COUNTIF('raw TKD'!$A:$A, lookupValue) > 0, VLOOKUP(lookupValue, 'raw TKD'!$A:$O, 9, FALSE)/1000, 0), VLOOKUP($A2, 'raw pronto'!$A:$O, 15, FALSE) ) ) ) ), IFERROR(ROUND(result, 4), 0))This process repeats for Supplier 2 and Supplier 3.Looking Up TKD Part NumbersOn the TKD sheet, the system looks up internal part numbers on the TKD codes sheet. This is a query that can be refreshed.=IFERROR(VLOOKUP([@[TKD Part Number (txt)]]&"""",'TKD codes'!E:F,2,FALSE),"""")Formatting Codes to Match TKD's FormatThe system converts internal codes to match the TKD format by trimming and removing unnecessary parts:=LEFT(B2, FIND("" "", B2 & "" "") - 1)Ensuring internal codes are properly trimmed:=TRIM([@[stock_code]])White bookSimialrly to the last sheet this brings the raw data from pronto onto a front sheetFormulas like this=Data!AJ1And converts the current buy price and currency rate to a replacement cost=IF(F2=0,"""",(F2/H2 (1+I2%) (1+J2%)))If it is an X article it pulls the trade price of th non X article=IF(LEFT(A2,1)=""X"",0,Data!AE1)It looks up rebate from the rebate sheet=IFERROR(VLOOKUP(C3,Rebate!A:B,2,FALSE),"""")Column Y will have the final results in it but it needs to initially present us with the current listed prices so it gives us prices from the pronto sheet(data) and if it is an x article it looks up the non x articles data (as that wouldnt have list proices)=IFERROR(IF(AND(LEFT(A4,1)=""X"",Data!Y3=0),XLOOKUP(MID(A4,2,99)&W4,Data!A:A&Data!W:W,Data!$Y:$Y,"""",0),Data!Y3),0)Now BB onwards we aggregate stock by the products stock brand / genericBB looks up the generic=IFERROR(VLOOKUP(A2,generics!$C:$D,2,FALSE),A2)We do the sum if based on the generic to give the numbers that will calculate aversge costs=IFERROR(IF(BB5="""","""",SUMIF(BB:BB,BB5,BC:BC)),"""")Calculate the cost average=IFERROR(IF(LEFT(A5,1)=""X"",IF(BB4=BB5,BF4,IFERROR(INDEX(BD:BD,MATCH(MID(A5,2,99),A:A,FALSE))/INDEX(BE:BE,MATCH(MID(A5,2,99),A:A,FALSE)),"""")),IF(BB4=BB5,BF4,IFERROR(BD5/BE5,""""))),"""")Now we calculate price tiers based on the minimum margin (AR) the cost (BF) and slowly increasing it and defaulting to the replacement if there is nothing with tiers based on how many price steps there are (BN)=IFERROR($BF6/(1-($AR6)/100),IFERROR(K6/(1-($AR6)/100),""""))=IFERROR($BF4/(1-($AR4+2 $BN4)/100),IFERROR(K4/(1-($AR4+2 $BN4)/100),""""))I need to know the no of unpublished items so I know how many teirs are unpublished, unpublished is over 4999=IF(AND(A2=A1,D2=D1,W1>4999),BW1,IF(W2>4999,COUNTIFS($A:$A,A2,$D:$D,D2)-BV2+1,""""))I assign a minimum grade (looking it up on the minimum price sheet=IFERROR(VLOOKUP(CG2,'Minimum Price'!$A$1:$B$12,2,FALSE),"""")And calculate a floor for the product based on preplacement cost=IFERROR(K2 1/(1-VLOOKUP(CG2,'Minimum Price'!$A$1:$B$35,2,FALSE)),"""")And calculate a max of that to get it at the generic level=IF(BB2="""","""",MAXIFS($CD$2:$CD$20000,$BB$2:$BB$20000,BB2))And put it all together in the final price=IFERROR(ROUND(IF(Y2+0=0,"""",IF(BO2=0,Y2,IF(BW2="""",Y2,MAX(MIN(CE2,IF(A2=A1,CC1,Y2)),IF(CA2=""N"",OFFSET(BO2,0,COUNTIFS($A:$A,A2,$D:$D,D2)-BV2),IF(AND(CC1<BO2,A2=A1,D2=D1),CC1,CB2)))))),2),"""")That value is them pasted to the Y column and we upload the price file",Q:\Procedures\Information technology\1029IT - Technical Explanation of the Pricing Sheets.docx,"raw, iferror, data, false, vlookup",Detailed breakdown of how pricing sheets are constructed and calculated.
1032IT - CRM description.docx,Click OrganizationsSelect the organization you want to update.The organization details will appear  Scroll to the bottom of the details and click the edit option next to description./,Q:\Procedures\Information technology\1032IT - CRM description.docx,"click, organization, details, organizationsselect, want",Describes how the CRM system is structured and used internally.
346 FirstFlex Cables Limited - FortiClient VPN - 3rd Party Access.pdf,,Q:\Procedures\Information technology\346 FirstFlex Cables Limited - FortiClient VPN - 3rd Party Access.pdf,,
Label Printing.docx,,Q:\Procedures\Information technology\Label Printing.docx,,
MP3 split.docx,,Q:\Procedures\Information technology\MP3 split.docx,,
Troubleshooting Jabra Headset Connection Issues.docx,,Q:\Procedures\Information technology\Troubleshooting Jabra Headset Connection Issues.docx,,
~$ change the  4th line on the drum lables.docx,,Q:\Procedures\Information technology\~$ change the  4th line on the drum lables.docx,,
Path link,,Path,,
1000IT - Setting up Call forwarding for your phone when you are away.docx,,Q:\Procedures\Information technology\BAU Procedures\1000IT - Setting up Call forwarding for your phone when you are away.docx,,
1011IT - Access from Overseas.docx,,Q:\Procedures\Information technology\BAU Procedures\1011IT - Access from Overseas.docx,,
1012IT - Customer Budget process.docx,,Q:\Procedures\Information technology\BAU Procedures\1012IT - Customer Budget process.docx,,
1016IT - Product Budget process.docx,,Q:\Procedures\Information technology\BAU Procedures\1016IT - Product Budget process.docx,,
1017IT Safe Software requests.docx,,Q:\Procedures\Information technology\BAU Procedures\1017IT Safe Software requests.docx,,
1019IT - Uniview Settings.docx,,Q:\Procedures\Information technology\BAU Procedures\1019IT - Uniview Settings.docx,,
1030IT  - IT Induction Process.docx,,Q:\Procedures\Information technology\BAU Procedures\1030IT  - IT Induction Process.docx,,
922IT - Hotspoting internet conection.docx,,Q:\Procedures\Information technology\BAU Procedures\922IT - Hotspoting internet conection.docx,,
923IT - Installing Office.docx,,Q:\Procedures\Information technology\BAU Procedures\923IT - Installing Office.docx,,
925IT - ODBC Setup.docx,,Q:\Procedures\Information technology\BAU Procedures\925IT - ODBC Setup.docx,,
926IT - Uploading a file to Catsy.docx,,Q:\Procedures\Information technology\BAU Procedures\926IT - Uploading a file to Catsy.docx,,
951IT - Nextvoice DND Settings.docx,,Q:\Procedures\Information technology\BAU Procedures\951IT - Nextvoice DND Settings.docx,,
954IT - VPN Access.docx,,Q:\Procedures\Information technology\BAU Procedures\954IT - VPN Access.docx,,
964IT - AirServer Instructions.docx,,Q:\Procedures\Information technology\BAU Procedures\964IT - AirServer Instructions.docx,,
965IT - MS Teams Meeting.docx,,Q:\Procedures\Information technology\BAU Procedures\965IT - MS Teams Meeting.docx,,
966IT - Mobile Phone Backup.docx,,Q:\Procedures\Information technology\BAU Procedures\966IT - Mobile Phone Backup.docx,,
967IT - Q Drive Folder Permission.docx,,Q:\Procedures\Information technology\BAU Procedures\967IT - Q Drive Folder Permission.docx,,
968IT - Assigning M365 Licenses.docx,,Q:\Procedures\Information technology\BAU Procedures\968IT - Assigning M365 Licenses.docx,,
969IT - Collects Tablet Information.docx,,Q:\Procedures\Information technology\BAU Procedures\969IT - Collects Tablet Information.docx,,
971IT - Setting up Pronto Printing.docx,,Q:\Procedures\Information technology\BAU Procedures\971IT - Setting up Pronto Printing.docx,,
972IT Convert Speach to text.docx,,Q:\Procedures\Information technology\BAU Procedures\972IT Convert Speach to text.docx,,
997IT - Unzipping files.docx,,Q:\Procedures\Information technology\BAU Procedures\997IT - Unzipping files.docx,,
998IT - Email Policy.docx,,Q:\Procedures\Information technology\BAU Procedures\998IT - Email Policy.docx,,
999IT - Revoke and re-register MFA.docx,,Q:\Procedures\Information technology\BAU Procedures\999IT - Revoke and re-register MFA.docx,,
~$0IT - Initial Laptop Build Process.docx,,Q:\Procedures\Information technology\BAU Procedures\~$0IT - Initial Laptop Build Process.docx,,
~$0P - Initial Laptop Build Process.docx,,Q:\Procedures\Information technology\BAU Procedures\~$0P - Initial Laptop Build Process.docx,,
~$5IT - ODBC Setup.docx,,Q:\Procedures\Information technology\BAU Procedures\~$5IT - ODBC Setup.docx,,
~$9IT - Revoke and re-register MFA.docx,,Q:\Procedures\Information technology\BAU Procedures\~$9IT - Revoke and re-register MFA.docx,,
~$xIT - Customer Budget process.docx,,Q:\Procedures\Information technology\BAU Procedures\~$xIT - Customer Budget process.docx,,
Path link,,Path,,
1023IT -List price Generator.docx,,Q:\Procedures\Information technology\Excel Templates\1023IT -List price Generator.docx,,
918IT - Creating Barcodes.docx,,Q:\Procedures\Information technology\Excel Templates\918IT - Creating Barcodes.docx,,
976IT - Quotes Calculator Procedure.docx,,Q:\Procedures\Information technology\Excel Templates\976IT - Quotes Calculator Procedure.docx,,
Path link,,Path,,
1001IT - Firstflex excel crash.docx,,Q:\Procedures\Information technology\Fixing Issues\1001IT - Firstflex excel crash.docx,,
1002IT Pauls computer portability.docx,,Q:\Procedures\Information technology\Fixing Issues\1002IT Pauls computer portability.docx,,
1003IT - IT Data Leakage response Plan.docx,,Q:\Procedures\Information technology\Fixing Issues\1003IT - IT Data Leakage response Plan.docx,,
1004IT NoControl error for Login.docx,,Q:\Procedures\Information technology\Fixing Issues\1004IT NoControl error for Login.docx,,
1005IT Slow Outlook fixes.docx,,Q:\Procedures\Information technology\Fixing Issues\1005IT Slow Outlook fixes.docx,,
1006IT - Desktop (Grandstream) phone stops working.docx,,Q:\Procedures\Information technology\Fixing Issues\1006IT - Desktop (Grandstream) phone stops working.docx,,
1007IT - Items Stuck in 00link location.docx,,Q:\Procedures\Information technology\Fixing Issues\1007IT - Items Stuck in 00link location.docx,,
1008IT - Lenovo PC external screens not working.docx,,Q:\Procedures\Information technology\Fixing Issues\1008IT - Lenovo PC external screens not working.docx,,
1009IT - Product stuck in putaway & due out.docx,,Q:\Procedures\Information technology\Fixing Issues\1009IT - Product stuck in putaway & due out.docx,,
1010IT - Solutions to Opening Excel in a new Session.docx,,Q:\Procedures\Information technology\Fixing Issues\1010IT - Solutions to Opening Excel in a new Session.docx,,
1011IT - Unreleasing orders.docx,,Q:\Procedures\Information technology\Fixing Issues\1011IT - Unreleasing orders.docx,,
1012IT - Fixing a payment batch fail.docx,,Q:\Procedures\Information technology\Fixing Issues\1012IT - Fixing a payment batch fail.docx,,
339 Draft -NZC printer trouble shooting.docx,,Q:\Procedures\Information technology\Fixing Issues\339 Draft -NZC printer trouble shooting.docx,,
590 Releasing a Suspended AP batch.docx,"How to release/resume a Suspended AP Invoice batch/To release a suspended AP batch, go to Accounts payable, Supplier Transactions, Additional Supplier Transactions, Resume Suspended Supplier InvoiceThe screen will be blank, but select “In Progress”The following screen pops up;/Now select “Suspend”The following screen pops up;/If the batch looks to be the one youre needing released, put a Y in the box, then Enter.Now press ESCClick on Select, then OKThe next screen takes you straight into the batch where you were last entering a transaction, the screen looks blank but press ESC to take you out of the last entry and then the rest of your batch will appear above that line.If all looks ok as you left it, find where your last entry was to see what invoices still need entering, check your payment due dates etc and then Post the batch.If you want to make sure youve captured everything correctly, check the entries in the supplier to see that theyve posted.",Q:\Procedures\Information technology\Fixing Issues\590 Releasing a Suspended AP batch.docx,"batch, screen, supplier, select, suspended",How to release an AP (Accounts Payable) batch that has been suspended or flagged.
913IT - Add Enter Key to RF Gun.docx,,Q:\Procedures\Information technology\Fixing Issues\913IT - Add Enter Key to RF Gun.docx,,
914IT - Fix Duplicate Lot Locations.docx,,Q:\Procedures\Information technology\Fixing Issues\914IT - Fix Duplicate Lot Locations.docx,,
915IT- Cost Recalculation.docx,,Q:\Procedures\Information technology\Fixing Issues\915IT- Cost Recalculation.docx,,
934IT - Slow Zebra Scanner Fix.docx,,Q:\Procedures\Information technology\Fixing Issues\934IT - Slow Zebra Scanner Fix.docx,,
947IT - Work Order will not Complete.docx,,Q:\Procedures\Information technology\Fixing Issues\947IT - Work Order will not Complete.docx,,
953IT - Items Stuck in ZINVOICE location.docx,,Q:\Procedures\Information technology\Fixing Issues\953IT - Items Stuck in ZINVOICE location.docx,,
955IT - Zones not confirmed.docx,,Q:\Procedures\Information technology\Fixing Issues\955IT - Zones not confirmed.docx,,
960IT - Power query excessive cache.docx,,Q:\Procedures\Information technology\Fixing Issues\960IT - Power query excessive cache.docx,,
996IT - set up quote types.docx,,Q:\Procedures\Information technology\Fixing Issues\996IT - set up quote types.docx,,
~$4IT - Slow Zebra Scanner Fix.docx,,Q:\Procedures\Information technology\Fixing Issues\~$4IT - Slow Zebra Scanner Fix.docx,,
Path link,,Path,,
995IT - Installing Office 365.docx,,Q:\Procedures\Information technology\Office 365\995IT - Installing Office 365.docx,,
Path link,,Path,,
324 Buddy-Userguide.pdf,,Q:\Procedures\Information technology\Phone System\324 Buddy-Userguide.pdf,,
364 gxp21xx_user_guide.pdf,,Q:\Procedures\Information technology\Phone System\364 gxp21xx_user_guide.pdf,,
Thumbs.db,,Q:\Procedures\Information technology\Phone System\Thumbs.db,,
Path link,,Path,,
1013IT - Document Delivery maintainance.docx,,Q:\Procedures\Information technology\Pronto Admin\1013IT - Document Delivery maintainance.docx,,
1015IT - Printer setup true forms.docx,,Q:\Procedures\Information technology\Pronto Admin\1015IT - Printer setup true forms.docx,,
1025IT Creating a new employee for works orders.docx,,Q:\Procedures\Information technology\Pronto Admin\1025IT Creating a new employee for works orders.docx,,
1028IT - RF User Create - Firstflex.docx,,Q:\Procedures\Information technology\Pronto Admin\1028IT - RF User Create - Firstflex.docx,,
1031IT - User setup - On Premise.docx,,Q:\Procedures\Information technology\Pronto Admin\1031IT - User setup - On Premise.docx,,
917IT - Creating an RF user.docx,,Q:\Procedures\Information technology\Pronto Admin\917IT - Creating an RF user.docx,,
928IT - Pronto User Setup.docx,,Q:\Procedures\Information technology\Pronto Admin\928IT - Pronto User Setup.docx,,
932IT - Setting Priority Order Printing.docx,,Q:\Procedures\Information technology\Pronto Admin\932IT - Setting Priority Order Printing.docx,,
933IT - Setting up WMS Pickers.docx,,Q:\Procedures\Information technology\Pronto Admin\933IT - Setting up WMS Pickers.docx,,
948IT - Copy Live to Test.docx,,Q:\Procedures\Information technology\Pronto Admin\948IT - Copy Live to Test.docx,,
949IT - Alert Maintainance.docx,,Q:\Procedures\Information technology\Pronto Admin\949IT - Alert Maintainance.docx,,
950IT -Mass Update Adresses.docx,,Q:\Procedures\Information technology\Pronto Admin\950IT -Mass Update Adresses.docx,,
952IT - Pronto DR Recovery Procedure.docx,,Q:\Procedures\Information technology\Pronto Admin\952IT - Pronto DR Recovery Procedure.docx,,
956IT - Maintaining item hierarchy.docx,,Q:\Procedures\Information technology\Pronto Admin\956IT - Maintaining item hierarchy.docx,,
963IT - Maintain Adresses.docx,,Q:\Procedures\Information technology\Pronto Admin\963IT - Maintain Adresses.docx,,
974IT - Pronto User Removal.docx,,Q:\Procedures\Information technology\Pronto Admin\974IT - Pronto User Removal.docx,,
994IT - User Home Directory Problem.docx,,Q:\Procedures\Information technology\Pronto Admin\994IT - User Home Directory Problem.docx,,
Path link,,Path,,
1000IT - Quote batch update.docx,,Q:\Procedures\Information technology\Pronto General\1000IT - Quote batch update.docx,,
1020IT - Upload Running Quotes.docx,,Q:\Procedures\Information technology\Pronto General\1020IT - Upload Running Quotes.docx,,
1022IT - Vendor cost update process.docx,,Q:\Procedures\Information technology\Pronto General\1022IT - Vendor cost update process.docx,,
916IT - Create labels.docx,,Q:\Procedures\Information technology\Pronto General\916IT - Create labels.docx,,
919IT - Cross Docking of Lot Tracked Items.docx,,Q:\Procedures\Information technology\Pronto General\919IT - Cross Docking of Lot Tracked Items.docx,,
921IT - Holding and releasing stock.docx,,Q:\Procedures\Information technology\Pronto General\921IT - Holding and releasing stock.docx,,
927IT - Pickface replenishment.docx,,Q:\Procedures\Information technology\Pronto General\927IT - Pickface replenishment.docx,,
929IT - Replenishment process.docx,,Q:\Procedures\Information technology\Pronto General\929IT - Replenishment process.docx,,
930IT - Rundown instructions.docx,,Q:\Procedures\Information technology\Pronto General\930IT - Rundown instructions.docx,,
931IT - Serial Number Workings.docx,,Q:\Procedures\Information technology\Pronto General\931IT - Serial Number Workings.docx,,
935IT - Stock take mass entry.docx,,Q:\Procedures\Information technology\Pronto General\935IT - Stock take mass entry.docx,,
936IT - Stocktake reports.docx,,Q:\Procedures\Information technology\Pronto General\936IT - Stocktake reports.docx,,
938IT - Stocktake variance reports.docx,,Q:\Procedures\Information technology\Pronto General\938IT - Stocktake variance reports.docx,,
941IT - WMS Internal sales Notes.docx,,Q:\Procedures\Information technology\Pronto General\941IT - WMS Internal sales Notes.docx,,
942IT - WMS Releasing orders to picking.docx,,Q:\Procedures\Information technology\Pronto General\942IT - WMS Releasing orders to picking.docx,,
943IT - WMS RF picking.docx,,Q:\Procedures\Information technology\Pronto General\943IT - WMS RF picking.docx,,
944IT - WMS RF stocktake old.docx,,Q:\Procedures\Information technology\Pronto General\944IT - WMS RF stocktake old.docx,,
945IT - WMS Rolling stocktake Process.docx,,Q:\Procedures\Information technology\Pronto General\945IT - WMS Rolling stocktake Process.docx,,
946IT - Move Items by Location.docx,,Q:\Procedures\Information technology\Pronto General\946IT - Move Items by Location.docx,,
961IT - Printing Quotes.docx,,Q:\Procedures\Information technology\Pronto General\961IT - Printing Quotes.docx,,
962IT - Pronto - Return Authorisation Process.docx,,Q:\Procedures\Information technology\Pronto General\962IT - Pronto - Return Authorisation Process.docx,,
970IT Pick Pool Assignment Warehouse dependent.docx,,Q:\Procedures\Information technology\Pronto General\970IT Pick Pool Assignment Warehouse dependent.docx,,
992IT - Run-Up & Down Instructions V1.01.docx,,Q:\Procedures\Information technology\Pronto General\992IT - Run-Up & Down Instructions V1.01.docx,,
993IT - EDI delivery date rules.docx,,Q:\Procedures\Information technology\Pronto General\993IT - EDI delivery date rules.docx,,
994IT - Pronto - Sales Configurator Setup V1.04.docx,,Q:\Procedures\Information technology\Pronto General\994IT - Pronto - Sales Configurator Setup V1.04.docx,,
Path link,,Path,,
924IT - ODBC Driver Load.docx,,Q:\Procedures\Information technology\Reporting\924IT - ODBC Driver Load.docx,,
925IT - ODBC Setup.docx,,Q:\Procedures\Information technology\Reporting\925IT - ODBC Setup.docx,,
939IT - Updating Yellowfin KPI.docx,,Q:\Procedures\Information technology\Reporting\939IT - Updating Yellowfin KPI.docx,,
940IT - Copper price alert update.docx,,Q:\Procedures\Information technology\Reporting\940IT - Copper price alert update.docx,,
957IT - Power BI setting up refresh.docx,,Q:\Procedures\Information technology\Reporting\957IT - Power BI setting up refresh.docx,,
958IT - Power BI Sharepoint Setup.docx,,Q:\Procedures\Information technology\Reporting\958IT - Power BI Sharepoint Setup.docx,,
959IT - Power BI Simplified Training Document.docx,,Q:\Procedures\Information technology\Reporting\959IT - Power BI Simplified Training Document.docx,,
975IT - Power BI Training.docx,,Q:\Procedures\Information technology\Reporting\975IT - Power BI Training.docx,,
Path link,,Path,,
987IT - Netsuite setup.docx,,Q:\Procedures\Information technology\Reporting\Netsuite ODBC\987IT - Netsuite setup.docx,,
~$7IT - Netsuite setup.docx,,Q:\Procedures\Information technology\Reporting\Netsuite ODBC\~$7IT - Netsuite setup.docx,,
Path link,,Path,,
1026IT - GL Streaming Updates.docx,,Q:\Procedures\Information technology\Suporting Docs\1026IT - GL Streaming Updates.docx,,
404 Note - VPN issue with SSL.docx,,Q:\Procedures\Information technology\Suporting Docs\404 Note - VPN issue with SSL.docx,,
500 Pronto Chart of Accounts.xlsx,,Q:\Procedures\Information technology\Suporting Docs\500 Pronto Chart of Accounts.xlsx,,
973IT - Purchasing Process.pdf,,Q:\Procedures\Information technology\Suporting Docs\973IT - Purchasing Process.pdf,,
978IT -Visio Process Diagrams.docx,,Q:\Procedures\Information technology\Suporting Docs\978IT -Visio Process Diagrams.docx,,
979IT - sales_configurator_education_guide_720 (1).pdf,,Q:\Procedures\Information technology\Suporting Docs\979IT - sales_configurator_education_guide_720 (1).pdf,,
980IT - Sales Price Setting.pdf,,Q:\Procedures\Information technology\Suporting Docs\980IT - Sales Price Setting.pdf,,
981IT - Sales Configurator Setup V1.04.xlsx,,Q:\Procedures\Information technology\Suporting Docs\981IT - Sales Configurator Setup V1.04.xlsx,,
982IT - Replenishment Process.pdf,,Q:\Procedures\Information technology\Suporting Docs\982IT - Replenishment Process.pdf,,
983IT - Local Purchasing.pdf,,Q:\Procedures\Information technology\Suporting Docs\983IT - Local Purchasing.pdf,,
984IT - Gearmage Setup.docx,,Q:\Procedures\Information technology\Suporting Docs\984IT - Gearmage Setup.docx,,
985IT - Digital Strategy Interconnecting Diagram.pdf,,Q:\Procedures\Information technology\Suporting Docs\985IT - Digital Strategy Interconnecting Diagram.pdf,,
986IT - Firstflex RF Guns velocity profile.pdf,,Q:\Procedures\Information technology\Suporting Docs\986IT - Firstflex RF Guns velocity profile.pdf,,
Thumbs.db,,Q:\Procedures\Information technology\Suporting Docs\Thumbs.db,,
Path link,,Path,,
1014IT - Phone Setup Process.docx,,Q:\Procedures\Information technology\User entry or Exit\1014IT - Phone Setup Process.docx,,
1021IT - User Exit Process.docx,,Q:\Procedures\Information technology\User entry or Exit\1021IT - User Exit Process.docx,,
920IT - Set up printers.docx,,Q:\Procedures\Information technology\User entry or Exit\920IT - Set up printers.docx,,
977IT - Initial Laptop Build Process 2024.docx,,Q:\Procedures\Information technology\User entry or Exit\977IT - Initial Laptop Build Process 2024.docx,,
988IT - FirstFlex Cables Limited - FortiClient VPN - 3rd Party Access.pdf,,Q:\Procedures\Information technology\User entry or Exit\988IT - FirstFlex Cables Limited - FortiClient VPN - 3rd Party Access.pdf,,
989IT - FirstFlex Cables Limited - User Exit Process.pdf,,Q:\Procedures\Information technology\User entry or Exit\989IT - FirstFlex Cables Limited - User Exit Process.pdf,,
990IT - IT Induction.pptx,,Q:\Procedures\Information technology\User entry or Exit\990IT - IT Induction.pptx,,
991IT - New User Checklist.xlsx,,Q:\Procedures\Information technology\User entry or Exit\991IT - New User Checklist.xlsx,,
Thumbs.db,,Q:\Procedures\Information technology\User entry or Exit\Thumbs.db,,
~$7IT - Initial Laptop Build Process 2024.docx,,Q:\Procedures\Information technology\User entry or Exit\~$7IT - Initial Laptop Build Process 2024.docx,,
~$7IT - Initial Laptop Build Process.docx,,Q:\Procedures\Information technology\User entry or Exit\~$7IT - Initial Laptop Build Process.docx,,
Path link,,Path,,
853M New Product Screening Process.docx,"Objective:  To effectively screen new product opportunities to decide if they are worth introducing to the product mix.Action Steps:Ask the following screening questions about the product, to determine where it fits on a scale from 1 being definitely NO and 5 being definitely YES.REAL - Is there a real market for this product? Questions below focus on the Market.Screening QuestionsCommentsScale 1 to 5Is there a need or desire for the product?Can the customer buy it direct?Is the size of the potential market adequate?Will the customer buy the product?Are there subjective barriers to purchasing it?Is there a clear concept?Can the product be made?Could it be created with available technology and materials, or would it require a breakthrough of some sort?If it can be created, can it be produced and delivered cost effectively or would it be so expensive that potential customers would shun it?Will the final product satisfy the market?WIN  Can we gain and maintain a competitive edge? Questions below focus on being competitiveScreening QuestionsCommentsScale 1 to 5Can the product be competitive?Are there any features and benefits?Does it have a competitive advantage?Can someone elses offering provide customers with the same results or benefits?Can the advantage be sustained?How will competitors respond?If we were going to attack our own product, what vulnerabilities would we find?  How can we reduce them?Would the product survive a sustained price war?Can our company be competitive?Do we have superior resources?Do we have appropriate management?Does the Company have direct or related experience with the market?Are the Companys development-process and skills appropriate for the scale and complexity of the project?Does the project both fit the company culture and have a suitable champion?Can we understand and respond to the market?WORTH IT  Will the expected payoff be worth the risks involved? Questions below focus on risks vs. payoffs.Screening QuestionsCommentsScale 1 to 5Will the product be profitable at an acceptable risk?Are the forecasted returns greater than costs?Are risks acceptable?Effort / Return RatioHow will small changes in price, market share, and launch timing affect cash flows and break-even points?Does launching the product make strategic sense?Does the product or service fit our overall growth strategy?Will it enhance the companys capabilities by for example, driving expansion of manufacturing, human capital, logistics, or other functions?Will it have a positive or negative impact on brand equity?Will it cannibalize or improve sales of the companys existing products?Will it enhance or harm relationships with stakeholders?Does the project create opportunities for follow-on business or new markets that would not be possible otherwise?Is the product suitable for its intended environment e.g. UV, chemicals etc. Has it been used by other distributors overseas, what was their feedback. Will the product be perceived as low, mid, or high end? Is it an old copy, good mid-range  or new and innovativeOutcome from screening exercise / decision to proceed or not.38 QuestionsTotal score out of a possible 190 =% = Total score Divided by 190 x 100 =",Q:\Procedures\Marketing\853M New Product Screening Process.docx,"product, market, company, does, screening",Evaluation checklist for reviewing and approving new product introductions.
854M Stock Deletion Procedure.doc,"When a stock item is to be deleted or has been changed to become an indent item the form: 417 Stock Deletion FORM Checklist needs to be completed. (See below example)The process needs to be managed by the Product Manager of the respective product, to ensure the form is passed on and signed off by all relevant team members in the process.  Once the process is complete, the Product Manager will mark on the form COMPLETE, and file an electronic copy in Q: PRODUCT MANAGEMENT / STOCK DELETIONSNaming the file: Deletion or Indent / Product Code / Date ",Q:\Procedures\Marketing\854M Stock Deletion Procedure.doc,"product, form, stock, process, complete",Step-by-step process for removing discontinued or obsolete stock from the system.
~$4M Stock Deletion Procedure.doc,,Q:\Procedures\Marketing\~$4M Stock Deletion Procedure.doc,,
Path link,,Path,,
1. Create Alternative Stock Code Procedure.docx,"Create Alternative Stock CodeThis is used where we are superseding a product with another and we want to:Transfer demand to alternativeAllow us to sell existing stockAllow us to quote on existing stock etcFirst, change Condition of ItemCode to be replaced:/Next, create alternative code  eg ML04/50BK replaced with ML04/50BKG2:In Inventory Maintenance, Select Extra at bottom right of screen./Then Select Alternatives./Select Item Alternatives/Enter ItemCode of Alternative product.Select EntryTab once to Item and enter code.Tab to line 2, then ESC twice to exit and the change will be saved./Once all Alternative codes are entered, run How To Run a Batch Sequence Update Min Max process.Then run the HOW TO RUN THE DRP FORECASTER process.",Q:\Procedures\Purchasing\1. Create Alternative Stock Code Procedure.docx,"select, alternative, run, create, item",Steps for creating alternative stock codes for items in the system.
408 Price Change Procedure.docx,,Q:\Procedures\Purchasing\408 Price Change Procedure.docx,,
652P - Running the DRP Forecaster.docx,"Updating the Min & Max ValuesIn Pronto: Administration ( System Administration ( Batch Queue Administration ( Submit SequencesClick on/ Select UPDMINMAXPress SubmitEnter 4 times (Past batch queue, time to start, OK, OK)Go into Microsoft OutlookWait for the Pronto XI Batch System email to come throughOnce email has come through, delete and return to ProntoCreating the Forecasting Report In Pronto: DRP  Distribution Requirements Planning ( User DRP Programmes ( Create ForecastsEnter twice or Press OK twice until report starts building ( Past Method H, Action)Note: The report will take 3 minutes or so to build. There is usually around 360 pages once finished.  Press Esc once finishedPress OK or EnterProcessing the ReportIn Pronto: DRP  Distribution requirements planning ( DRP ProcessingEnter 15 times (Through all defaults that come up) until the report starts buildingNote: There might be a warning that comes up “Delete Snapshot Files” This is OK to enter past, it is a default warning that comes up sometimes.Esc out of the report once finished Press OK",Q:\Procedures\Purchasing\652P - Running the DRP Forecaster.docx,"report, pronto, drp, come, press",Explains how to use the DRP (Distribution Requirements Planning) forecasting tool.
653P - Creating a manual purchase order.docx,"Import Purchase Orders In Pronto: Purchase Orders ( Enter Purchase OrdersType in the supplier codeEnter to the Due field in the Dates sectionType in the due date as per the shipment schedule. See doc #667PEnter to the order terms fieldType in the order terms as per the supplier sheet. See doc #666PEnter to the freight type in the Delivery Instructions sectionPut in corresponding letter for the freight. A for Airfreight or S for Sea freightEnterClick on Pay termsEnter to the Expected Date of Payment fieldType in the payment date as per the currency on supplier sheet. See doc#666PEnterClick on LinesType in item codeEnter across to orderedType in the quantity you are orderingContinue entering until a new line appears Follow steps 14-17 if you are wanting more than 1 item on the P/OPress EcsPress QuitStatus should default to PPress OKPress Print Order & FinishEnter 3 times to finish printing the order (Past ask spool or print, enter print date, report finished)Local Purchase OrdersIn Pronto: Purchase Orders ( Enter Purchase OrdersType in the in supplier codeEnter to the Due field in the Dates sectionEnter the due date as a week from todayEnter to the freight type in the Delivery Instructions sectionEnter L for Local freightEnterClick on Pay termsEnter to the Expected Date of Payment fieldEnter payment date as 20th month followingEnterClick on LinesEnter the item codeEnter across to ordered and enter the quantity you are orderingContinue entering until a new line appearsFollow steps 14-17 if you are ordering more than 1 itemPress EcsPress QuitStatus should default to PPress OKPress Print Order & FinishEnter 3 times to finish printing the order (Past ask spool or print, enter print date, report finished)",Q:\Procedures\Purchasing\653P - Creating a manual purchase order.docx,"date, order, purchase, print, enter",Manual purchase order creation process — includes item selection and approvals.
654P - Creating a reorder purchase order .docx,Ensure you have run the forecaster first - see doc #652PIn Pronto: Purchase orders ( File Maintenance/Reorder ( Reorder/Replenishment ( Re-order all itemsThe Reorder All Items box will appear. EnterClick on Add LinesEnter down to the Supplier field and type in the supplier codeClick on OK. The Reorder Report  Options box should appear.Click on OK. The processing options box should appear. Click on OK until the report starts building (Past action)Close the report once it has finishedThe Report Progress box will say Report Completed. Click OKAll the items should now be showing in the reorder screen (if any)Only do steps below if there are items on the screen after running the report.Press POEnter down to supplier Type in the supplier codeEnter until processing options come up Enter again or Press OK until report/PO is created (Past action)Exit out of the report/PO once it is madeEnter or Press OK (Past report completed)All the items should be removed from the main screen you are returned to.,Q:\Procedures\Purchasing\654P - Creating a reorder purchase order .docx,"report, reorder, supplier, box, items",Procedure for setting up automated reorder POs based on stock thresholds.
655P - Creating a new product code.docx,"Open 2 sessions in pronto. Have one on a similar product so you can copy the structure/format/specs, and the other to create your new code.In Pronto: Inventory ( Maintain Inventory ( Inventory Maintenance/EnquiryPress EntryEnter the code you are wanting for the new productEnterEnter the description of the new productEnter (past APN Number)Enter the group (usually same as example)EnterEnter the letter for item type (S  Stocked, I  Indent, M  Manufactured, use the magnifying glass if you need to)Enter twice (past condition)Enter the letter for ABC Class if required, otherwise enter pastEnter down to the Traceability field and enter N if the new code will NOT be lot tracked.EnterEnter the sort code  (usually same as example  can also be nothing)Enter down to the On Price Book field and change to N Enter, enter. The Supplier for Item screen should appearIn the other pronto session, press Suppliers to see the same screen and copy specsSupplier field  enter the suppliers nameEnterSupplier Item Code: field  enter the suppliers item codeEnterSupplier Item Desc: field  enter the suppliers description of the product (shouldnt really differ from ours)EnterSupplier Priority field - change to 1Enter down to the Est. Lead Time: field and enter the shortest lead time for that productEnterEnter the longest lead time for that productEnter until you are back to the start of entering a new supplier. Press Ecs.  The Item Price Maintenance screen should appear.In the other pronto session, press Prices to see the same screen and copy specsEnter until the Warehouse Detail screen appearsIn the other pronto session press Whse to see the same screen and copy specsEnter until you are taken back to entering a new warehousePress Esc. The Global Trade Item Number Maintenance screen should appearPress Esc twiceYou should now be able to see your new code in inventory",Q:\Procedures\Purchasing\655P - Creating a new product code.docx,"enter, supplier, screen, item, field",Guide for creating a new SKU/product entry with attributes and codes.
656P - Shipment Detail Meanings.docx,0,Q:\Procedures\Purchasing\656P - Shipment Detail Meanings.docx,nan,Explains each field or code found in shipment documentation or reports.
657P - Creating a shipment.docx,"Overseas ShipmentsEnsure all lot numbers have been generated on all purchase orders before creating a shipment (see Doc #659P). Goods must be confirmed as on board before creating a shipment unless you have the commercial invoice/packing list and goods are booked for mentioned vessel or airline.All information needed to create a shipment should be on the import order status if moving via Tristar. The word prompts do not correspond with the data needed - see Doc #656P for shipment detail/vessel payment meanings.In Pronto, select Purchase Orders ( Shipment Processing ( Shipment CreateShipment Field: Type in SH and press enter. This will generate a shipment number for you - note it down on the paperwork.Supplier: enter the supplier codeEnterDeparture Port: enter the port where the goods are leaving from  use the magnifying glass if neededEnterArrival Port: should default as NZ. If not, enter it manually.EnterDeparture Date: enter the date the date goods are leaving the country of origin (it will be on the import order status if moving by Tristar) Enter, EnterExp. Arrival Date: enter the date the customer can expect the goods (should be the same as the purchase order date, approx. 10 days after the ship arrives into NZ)Enter down to Vessel/Carrier Name field and enter the name of the vessel/ship EnterVoyage/Flight Number: enter ETA date of when goods will arrive in the warehouse (3 - 4 days after the vessel arrives into NZ)EnterShipping Company: enter the packages arrivingEnter, enter (we usually dont get the consignment number until 2 weeks before the shipment is due into NZ so the shipment is updated once we receive it)Kg: enter the total Kgs for the shipmentEnter down to LC Number and type in the supplier codeEnter, enterEnter the expected payment date - this will be in pay terms in header on the P/O, should be written on the import order status somewhere, or you can check the currency pay terms on the supplier sheet (doc #666P).Enter 3 times (Past entry method  P, Method  S,)Put in the P/O NumberEnter twice across  The P/O lines should come upPress All in TransitPress yes to confirmPress Quit. (It will take you back to enter another P/O. If there is more than one P/O on this shipment, repeat steps 24-28 for every P/O).Press Esc key 3 times and you should see your newly created shipment.Local Shipments Only create a shipment once goods have arrived, the invoice has been received and you are ready to book it inIn Pronto, select Purchase Orders ( Shipment Processing ( Shipment CreateShipment Field: Type in SH and press enter. This will generate a shipment number for you - note it down on the paperwork.Supplier: enter the supplier codeEnterDeparture Port: NZEnterArrival port should default as NZ. If not, enter it manuallyEnterDeparture Date: The day before the goods arrived into the warehouseEnter, enterExp. Arrival Date: Enter todays date or the date you are booking the goods inEnter down to Vessel/Carrier Name field and enter Local EnterVoyage/Flight Number: Enter the date the goods physically arrived into the warehouseEnter down to LC Number and enter the supplier code.Enter, enterExpected Payment Date: Enter date as 20th of the month following the invoice date.Enter 3 times (Past entry method  P, Method  S,)Put in the P/O NumberEnter twice across  The P/O lines should come upPress All in TransitPress Yes to confirmPress Quit (it will take you back to enter another P/O. If there is more than one P/O on this shipment repeat steps 20-24 for every P/O).Press Esc key 3 times and you should see your newly created shipment.",Q:\Procedures\Purchasing\657P - Creating a shipment.docx,"enter, shipment, date, goods, number",Step-by-step process to set up a new outgoing shipment in the system.
658P - Creating a per shipment list.docx,"Select Purchase Orders ( User Purchase Order Programmes ( Purchase Order Receipts Using Shipment NoEnter the shipment no. (The SH number you noted down when creating a shipment)Enter, enter - all the lines on every P/O on the shipment should come upClick on the Export tab in the top bar of ProntoAn excel spreadsheet will open in the bottom task bar of your computer, click into it to open itInsert a row above the column titles Put in the SH number, then the supplier name, then the ETA date into the warehouse. (E.g. SH1813 Henry Cables ETA W/House 2 Nov 19)Make it bold an increase the size to 20Click page layout ( margins ( narrow - this inserts the page breaks/ print areaResize the columns to fit onto the pageSave the spreadsheet as follows; File \ Save as \ Browse \ Q:Drive \ Sallys Folder \ 01 Shipment details by boat.Change the file type to Excel Workbook (*.xlsx)Save the file as Supplier name, SH number, the month of arrival, then the year  (E.g. HENRYCAB SH1813 NOV 19)",Q:\Procedures\Purchasing\658P - Creating a per shipment list.docx,"shipment, file, purchase, number, excel",How to create a list of items for an individual shipment.
659P - Allocating and Printing Lot Numbers.docx,"Allocating Lot NumbersKeep the packing list from the supplier next to you while you do this as you will need to refer to it. Some items on a P/O are not lot tracked, they are bin allocated or are a 100/50 code that dont have either.Always allocate/create the Lot numbers BEFORE putting the P/Os on a shipmentIn Pronto, select Purchase Orders ( Maintain Purchase Orders Press FindType in the purchase order number Enter, enter Press LinesOn the packing list from your supplier, find the first line from your purchase orderPress Trace. A Lot number will automatically generate for youEnter across to the Received Qty. field. It will default to the amount ordered on the purchase orderFollow steps 8  9 if the “Received Qty” is the exact run you are getting and only needs one lot number (e.g. 1000m coming on 1 x 1000m drum).Enter 4 times (Past Use by/Pack, receipt, cartons, comments)Press Esc and the completed Lot Numbers will show Follow steps 10  15 if the “received Qty” requires more than one run and requires two or more lot numbers (e.g. 1000m coming on 2 x 500m drums).Change the received qty to the correct run qtyEnter 4 times (Past Use by/Pack, receipt, cartons, comments)Another Lot Number will generateEnter across to Received QtyChange to the correct run againEnter 4 times (Past Use by/Pack, receipt, cartons, comments)Do steps 12-14 as many times as needed until all the metres have been allocated a Lot number (e.g. 2000m will need 4 x Lot numbers for each 500m drum)Press ESC and the completed Lot numbers will showHighlight the line(s) on the packing that have been allocated a LN so you know it has been done.Follow steps 1-17 for every line on every P/O going onto the shipment.Printing Lot NumbersSingle Lot NumbersSelect Purchase Orders ( Maintain Purchase OrdersPress FindType in the P/O NumberEnter twice (Past second column  Used for AAs)Press LinesPress Trace on the product lien you wantUse the up and down arrow keys or click onto the line/lot number you want to print.Press Print Lot LabelIt should print out at the lot label printer.Multiple/All Lot NumbersNote: You can only print all of them at once, once all P/Os are added to a shipmentSelect Purchase Orders ( Shipment Processing ( Maintain Shipment DetailsPress FindType in the Shipment number SHEnterPress Print LabelsEnter twice (past start stock code, end stock code). The labels should all start printing at the lot label printer.",Q:\Procedures\Purchasing\659P - Allocating and Printing Lot Numbers.docx,"lot, purchase, number, press, past",Procedure for assigning and printing lot numbers for new stock items.
660P - Creating the monthly incoming shipment list.docx,"Go onto the Pronto home screenPress F11Enter or click on OK  - It should display all of the shipments in ProntoPress the export tab in the top bar of ProntoAn excel spreadsheet will open in the bottom task bar of your computerClick into the spreadsheetMaximise the screenPress Sort and Filter in the top right cornerPress FilterLittle drop down boxes will come up on the headingsClick on the P/Order ETA drop down boxTake out/unclick all the years you do not require i.e. only leave the year you need tickedOnce selected click OKPress sort and filter againClick custom sortClick the sort by dropdown box and select P/Order ETA, Sort on  Values, Order  Oldest to NewestClick OKStart at the top shipment and highlight/scroll down to delete until the month you require for the shipment list is showing in the P/Order ETAOnce all the shipments you want removed are highlighted, press delete button in the top right hand corner of the task barPress OK past the alert to delete entire sheet rowRemove any shipments that are showing coming in AFTER the month you require (still be careful around the end of the month as the ETAW/house can be in the month you want but the P/O date in the next month)Change all the black headings/column titles as follows;Shipment LC Number:SupplierShipment Vessel Name:VesselShipment Shipping Company:PackingShipment Weight:WeightShipment Voyage Number:ETA W/HouseShipment Consignment No.:Cons #Right click on your mouse and insert a row above the black headingsPut in the title as “Shipments (the month) (the year)” E.g. Shipments October 2019Make the heading big and boldClick Page Layout and change the orientation of the page to landscapeChange margins to NarrowAdjust all columns side to side to fit on page nicelyYou can now start moving the shipments around so ETA W/house column is all in order or arrival.The finished shipment list should look like the below:Save the New Incoming Shipment List:Press File \ Save as \ Browse \ Q:Drive \ Sally Folder \ Shipments due mthly \ (year)shipments due monthlyChange the type to excel workbook (*.xlsx)Save the file name as: (Month in numbers) Shipments (Month Name)(Year) e.g. 10 Shipments October 2019",Q:\Procedures\Purchasing\660P - Creating the monthly incoming shipment list.docx,"shipments, month, shipment, order, sort",Instructions for building the monthly report listing incoming shipments.
661P - Credit Request Procedure.docx,"Creating the Purchase ReturnMake sure the purchase order has been booked in before doing this -  See Doc # 662P or 663PIn Pronto, select Purchase Orders ( Enter Purchase Orders Put in the supplier code you are requesting a credit fromEnterChange the order type to “R” (Return)EnterPut in the original P/O Number of where the goods came onEnterEnter again unless the original purchase order had a suffix e.g. AA. If it does, enter the suffix and press enter.Enter 4 times (Past Warehouse, Del Instructions, ordered, action)Change the due date to the next payment date for that supplier. If local will be 20th following month, if overseas check supplier sheet - See doc #666PEnter 4 times (Past Order terms, buyer name, notes)Put in appropriate letter L  Local, A  Airfreight, S  SeafreightEnterPress PaytermsEnter 3 times (Past shipping terms, payment, no. of days from receipt)Put in the next payment date for that supplier againPress OK/EnterPress LinesPart return of the original order - It will bring up all the lines that were on the original orderFind the line of the item you are requesting a credit forPress Edit QtyChange the action to Q (Should default)EnterPut in the qty/amount you are wanting a credit forEnter twice (Past Base Qty)In reason, enter the return reason code  use the magnifying glass if neededEnter - it will come up with the original lot numbers for that item. If goods are not lot tracked, go to step 28.Press Remove, then Yes to remove all Lot Numbers not involved with the return. Press continue Press Return Edit - a Purchase Return will be createdMake sure all codes, quantities and totals are correct in the newly generated returnPress QuitKeep default status as R, EnterPress Print order & FinishEnter 3 times (Past Create spool file: N, print date: Todays Date, report finished)Completing the returnIn Pronto, select Purchase Orders ( Maintain Purchase OrdersPress FindType in the Original P/O numberEnter twice (Past suffix column)The original P/O should be showing, and underneath it should be the “Ready to Return” orderPress UpdateEnter 7 times (Past transaction date, yes trans date warning, release items to SO, serial numbers, yes, action, report completed)The status on the order should have changed from Ready to Return to Goods ReturnedPress StatusPress Finished OrderPress Yes past the pop-up (This takes the items immediately out of stock even if we dont have the credit to support it)The status should have changed from Goods returned to complete return",Q:\Procedures\Purchasing\661P - Credit Request Procedure.docx,"return, past, purchase, date, original",Covers how to initiate and process credit requests related to orders or returns.
662P - Booking in a shipment.docx,"Imported GoodsEnsure you have both Tax Invoices and/or the total costs before booking in (GST invoices + Freight charges)In Pronto, select Purchase Orders ( Shipment Processing ( Goods Received by ShipmentType in the SH Shipment number of what you are booking inEnter - it will bring up that particular shipments detailsPress Goods RecdEnter 6 times (Past receiving warehouse, received date, inwards no., serial numbers, put stock on hold, OK)Press Ship Receive*If the shipment has goods that are lot tracked, a pop-up will come up asking to “review fully entered Lots/Serials”. It will have defaulted to Y  Change to N! If you continue through on Y, you will have to enter through every single lot no# on the shipment. Enter for OK.*Press AllPress YesPress Quit (if the Multiple currency rates found  Apply single rate box pops up, change to “Y” if not defaulted, then enter past OK)The shipment charges box will appearEnter twice (Past freight currency, freight amount)Enter all applicable shipment charges - Import, customs, admin, entry and port fees (some shipments wont have all 5 charges). The charges are on the tax invoices - if you dont have the invoice but know the cost,  double check against invoice charges by carrier as per document 672PLocal freight field: enter the cost to deliver to us e.g. Mainfreight, Toll, DHL, FedEx etc.Freight & Carta field: enter 5L. This ensures all packaging, labelling and other costs are spread equally through the shipment.Enter 7 times to calculate duty (Past shipment charge x 3, admin account, create charges order, final currency rate)Put N in calculate dutyEnter twice (Past access tariff codes)Put a Y in all charges entered/Press enterThe status on the shipment should have changed to Goods Received  Fully.Press ReportEnter 4 times (Past report format, full item description, OK, action)The In Progress report will start buildingOnce the report is complete, print 2 x copies and click out of the reportEnter (Past OK)Click on Update (You cannot use key quick select as there are two options with U)Enter twice (Past transaction date, yes warning)Change release items to SO to YEnter 3 times to recost sales orders  (Past print customer info, serial numbers)Change recost sales orders to YEnter 6 times (Past OK x 4, batch control totals for batch)The All Received report will start buildingPrint the “All Received” report twice and click out.Enter (Past OK)Note: You might have to enter more than once if there are a lot of backorders.This automatically releases Backorders to Status 30 (Ready for Picking). All the Backorders that were filed with the shipment can now be given to Order Entry for processing.The status should have also changed from Goods Received + Goods Updated  Fully.Locals ShipmentsEnsure all purchase order costs (including additional freight) are done before booking in a shipmentSelect Purchase orders ( Shipment Processing ( Goods received by shipmentType in the SH Shipment number of what you want to book inEnterIt will bring up that particular shipments detailsPress Goods RecdEnter 6 times (Past receiving warehouse, received date, inwards no., serial numbers, put stock on hold, OK)Press Ship ReceivePress AllPress YesPress QuitThe shipment charges will come upEnter twice (Past freight currency, freight amount)As Local shipments have no overseas charges skip past these as per below.Enter 6 times (Past import fees, custom fees, admin fees, entry fees, destination por, local freight I)In freight & carta, type in 5L. This is to make sure all packaging, labelling and other costs are spread equally through the shipment.Enter 6 times (Past shipment charge x 3, admin account, create charges order, final currency rate)Put N in calculate dutyEnter twice (Past access tariff codes)Put a Y in all charges enteredPress enterThe status on the shipment should have changed to Goods Received  Fully.Press ReportEnter 4 times (Past report format, full item description, OK, action)The In Progress report will start buildingOnce the report is complete, print 2 x copies and click out of the reportEnter (Past OK)Click on Update (You cannot use key quick select as there are two options with U)Enter twice (Past transaction date, yes warning)Change release items to SO to YEnter 3 times (Past print customer info, serial numbers)Change recost sales orders to YEnter 6 times (Past OK x 4, batch control totals for batch)The All Received report will start buildingPrint the “All Received” report twice and click out.Enter (Past OK)This automatically releases Backorders to Status 30 (Ready for Picking). All the Backorders that were filed with the shipment can now be given to Order Entry for processing.The status should have also changed from Goods Received + Goods Updated  Fully.",Q:\Procedures\Purchasing\662P - Booking in a shipment.docx,"past, enter, shipment, received, charges",Procedure for logging a received shipment into inventory.
663P - Booking in Consumable Items.docx,"In Pronto, select Purchase Orders ( Goods received by orderPress FindType in the purchase order number of the goods you are booking inEnter twice (Past suffix column)Press Goods ReceiptEnter (Past receiving warehouse)Press AllPress YesPress QuitEnter (Past received date)Put in the tax invoice number in the delivery docket boxEnter 3 times (Past receive options, OK)Press Esc to go to the Pronto Xi Main Home screenEnter twice (Past transaction date, transaction warning)Change the default letter in release items to SO to YEnter 10 times (Past print customer info, serial numbers, start/order shipment, end order shipment, start warehouse, end warehouse, OK, action- I, report completed",Q:\Procedures\Purchasing\663P - Booking in Consumable Items.docx,"past, press, goods, warehouse, order","Covers how to receive and log consumable stock (e.g., tape, packaging) into the system."
664P - Sending Goods to Another Supplier.docx,"Creating the Sales Order Sales Orders ( Full Order EntryCheck the date is correct. EnterCustomer field = Supplier Warehouse codeEnterThe Customer Status pop up box appears. OKType field = T (Transfer)Enter The Delivery Address pop up box will appear - check the delivery address is correctEnterFrom Warehouse field = W1 Enter Click on OKCheck the Delivery Date is todays dateLines (quick key = L)Type in the item codeEnter Type in the quantityEnter OK? field = YEnterRepeat steps 14  19 until all items have been entered.Press Esc and it should show all the lines you have enteredQuit (quick key = Q)Customer Ref field = P/O Number EnterSelect Status field = TP (Transfer to pick)  EnterNote down the order number Finish the order (quick key = F)Printing the Sales Order  Sales Orders ( Order Edit/ Maintenance ( Sales Order EditFind (quick key = F)Type in the order number you noted down previouslyEnter, Enter Status (quick key = U)Enter Desired Status field = 35 Enter, Enter Print Now? = Y. Enter. Enter (picking slip printed, File sent to Despatch IT)The status on the order should now be Transfer pick slip PPhotocopy the Picking Slip. Give the original Picking Slip to assembly to pick & pack. Ask them to give it back the picking slip once goods are ready to go. On the copy, put the copy stamp, the date and time you gave the picking slip to be picked so you have a record and can follow up if it hasnt been done.Despatching the Goods  Sales Orders ( Despatch/Delivered Edit/ConfirmNote: You must have the original Picking Slip back & signed before continuingType in the Picking Slip no.EnterEnter. Make sure the order is highlighted Complete (quick key = C)Deliver Goods? = Y Enter. The Dispatch Details screen will pop up.Enter 5 times to the Packages field Type in the No. of packages you are sending (should be on the returned picking slip)Enter. Click OKPrint Despatch = Y. EnterPrint Invoice = N. Enter. EnterThe delivery docket will print at Order Entry printer. Photocopy the delivery docket and the original P/Slip. Put the Del doc on top of the P/Slip and give to order entry to send out. On our copies put the copy stamp and the date & time the paperwork was given to Order Entry in case anything happens.",Q:\Procedures\Purchasing\664P - Sending Goods to Another Supplier.docx,"enter, order, slip, picking, field",Sending goods from internal inventory to a different supplier for fulfillment or return.
665P - Transferring Items Between Warehouses.docx,"This is to ensure there is enough stock in W1 to create the works order for the finished productEnsure you have booked in the purchase order / shipment with the moulding code before doing this and before creating the works order  see document 662PSelect Inventory ( Inventory Transactions ( Issue/Adjust Inventory Direct ( Transfer items (direct)Enter twice (Past transaction date, transaction date warning  Yes)Put in item code of what you are wanting to transfer EnterReference = mould code P/O numberEnterReason Code = SUPP TRANEnterPut in the W/house code which you are transferring fromEnterPut in the amount/qty that you are wanting to transferEnter twice (Past UOM  Should default)Put in the W/house code which you are transferring toEnter twice (Past OK)",Q:\Procedures\Purchasing\665P - Transferring Items Between Warehouses.docx,"code, inventory, past, order, twice",How to transfer inventory from one warehouse location to another in the system.
666P - Supplier Sheet.xlsx,,Q:\Procedures\Purchasing\666P - Supplier Sheet.xlsx,,
667P - Shipping Schedule Sheet.xlsx,,Q:\Procedures\Purchasing\667P - Shipping Schedule Sheet.xlsx,,
668P - How to Book a Shipment for Delivery.docx,"Go onto the Mainfreight/Owens Web portalhttps://www.mainchain.net/Monster.aspx?WindowIframe_home&b=Home.aspxType in the username and passwordClick on Login. You will be taken to the Home page.Click on the Actions tabClick on Freeman Web NZ. The Select a Profile box will appearClick on Order Entry  METRO AUCKLAND. Click OKYou will be taken to the main Consignment screen (see picture below).Entering a new consignmentUnder Sender click on the Code drop box and select where the goods are being picked up from.Tab to the Receiver ref field and enter the SH number (SHXXX).Tab to the Sender ref field and enter the Consol number (you will find this on the invoice)Tab to the Num field and enter the number of itemsTab to the Description field and type in Packaging of Electrical GoodsClick on the Pack Type drop down box and select PLTTab to the M3 field and enter the cubic metres.Tab to the Kgs field and enter the weight in kgs. TabExpand the Additional Detail field by clicking on the down arrows.Click on the calendar icon and select the date you want the shipment deliveredYou cannot select more than 4 days in advanceCheck delivery date is not the weekend or a public holidayClick on the Quote tab to generate the freight estimate.Click on Print Quote, print 1 copies then close the PDF / web page. Click on Print Preview and select A4 Documents in the pop up box. A consignment note will be generated.Print 1 copy of the consignment note then close the PRD / web pageClose the pop up box and click Save & Exit.Write the Mainfreight consignment number and delivery date on the delivery docket and consignment quoteScan the delivery docket to yourself, then email to the Mainfreight contact. Re-iterate the delivery date, consignment number and collection place in the email.Attach all paperwork to the shipment paperwork.Once confirmation has been received, file paperwork in the tray awaiting delivery. ",Q:\Procedures\Purchasing\668P - How to Book a Shipment for Delivery.docx,"click, field, delivery, consignment, select",Step-by-step process for booking a product shipment for delivery.
669P - Approving Tristar Tax Invoices.docx,"There are 2 types of invoices - a Tax Disbursement Invoice (GST) and a Tax invoice GST is charged on the Tax Disbursement invoice and ALWAYS goes with the customs certificateRefer to the Shipment Charges spreadsheet (document 693P) to colour code the chargesThe Tax Disbursement invoice usually has an Admin Fee and an entry feeCheck the GST amount on Tax Disbursement Invoice Select Purchase Orders ( Shipment Processing ( Maintain Shipment detailsPress FindType in the SH numberEnter - the shipment details will showLook at the value in the foreign currency (USD,EURO etc)Locate the exchange rate used on the customs certificateDivide the foreign value by the exchange rate on the custom cert e.g. 245231.38 ÷ 0.63Check the value on your calculator and compare it to the Subtotal on your Tax disbursement invoiceIf the amount on the calculator is close to the subtotal, it is acceptable. What happens when the amounts differ??Put an approved for payment stamp on bottom line with small signaturePut shipment number in the right hand corner as a reference for the accounts teamOn the Tax Invoice / Tax Disbursement Invoice, highlight the charges with their appropriate colour  refer to document 693P for the colour code chart.Once all charges are colour coded, add up the totals for each colour.Write the category and total for each colour (e.g. Admin Fee $20.00) as per the following examples.",Q:\Procedures\Purchasing\669P - Approving Tristar Tax Invoices.docx,"tax, invoice, colour, disbursement, shipment",Instructions for reviewing and approving tax invoices from Tristar.
670P - How to Export Goods.docx,"Creating the Commercial Invoice Ensure you have weight and dimensions of the item you are sending before starting.Q: Drive \ AA General Info \ Commercial Invoices & Proforma InvoiceSelect the supplier you are sending goods toClick on date modified to put all the invoices in date created order.Click into the most recent commercial invoice to open it.Click File.Click Save As.Click Browse - it should come up where all the other invoices for that supplier are saved.Save as a new invoice and change the date at the end to todays date.Update the following fields:Date of Export:enter todays date.International Waybill No:enter the Toll Air Waybill NumberFull Description of Goods:specifically what you are sending.Quantity: the quantity being sentUnit: the unit measure e.g. metre, each etc. Unit Value:the buy price for that item.Total Weight:the total weight of all goods being sent.Dimensions:the total cubic metres or dimensions of all goods being sent.Date:enter todays date (bottom right corner).SavePrint 3 x copies on Firstflex letterheadGet the sender of the goods to sign each of the 3 original copies.Photocopy 1 of the originals for our ref.Completing the Toll Airway Bill  see example belowBox 1:Check the AWB# matches that on the commercial invoice you created.Box 2:Tick Charge Sender.Box 4:Sign write todays date.Box 5:Write the company name, address, city, country, postcode and phone number.Box 7:Tick Permanent Export and Charge Sender.Box 8:Service Type = Economy Door to Door.Description of Contents = description of goods being sent e.g. Electrical Goods (Samples)Size & Weight = write the total quantity, weight and dimensionsPhotocopy the completed Airway Bill for our reference.Packing and distributing the goods Put a lock re-sealable bag on the box. If you are using a satchel, there is already one provided.Put the original AWB and the 3 original commercial invoices in the lock re-sealable bag on the box or satchel.If on the box, tape down all sides of the lock re-sealable bag.Write in vivid clearly on the box or satchel the WB# and the ultimate destination.Ring Toll on 0800 231531 and book a collection.Write down the booking ref and track until goods have arrived at the destination.  ",Q:\Procedures\Purchasing\670P - How to Export Goods.docx,"box, date, goods, commercial, write","Detailed steps for exporting goods, including documentation and compliance checks."
672P - Tax Disbursement charges by carrier.xlsx,,Q:\Procedures\Purchasing\672P - Tax Disbursement charges by carrier.xlsx,,
673P - Changing header details on a quotation request.docx,"Overseas OrdersSelect Purchase Orders ( Maintain Purchase Orders The new quotation requests will be on the bottom lines of the screenPress HeaderPress CorrectPut in the PO Number in the Tender No. to matchEnter down to Due Date and enter as per the shipment schedule - see document 667PEnter down to Terms and enter the terms as per shipping terms on supplier sheet - see document 666PEnter 3 times down to freight type box (Past officer, notes)Put in corresponding letter to freight A for Airfreight or S for Sea freightPress OKPress Pay termsEnter down 3 times to expected date of payment (Past shipping terms, payment, no. of days from receipt)Put in payment date as per currency from supplier sheet. See doc#666PEnterNote: A warning may come up if your payment date is greater than 120 days into the future. If this comes up. Double check your payment date and press OK.Local OrdersSelect Purchase Orders ( Maintain Purchase Orders The new quotation requests will be on the bottom lines of the screenPress HeaderPress CorrectPut in the PO Number in the Tender No. to matchEnter twice to due date (Past action)Change due date to two weeks from todayEnter 7 times down to freight type box (Past currency, initial rate, final rate, terms, officer, notes)Put in corresponding letter to freight L for LocalPress OKPress Pay TermsEnter down 3 times to expected date of payment (Past shipping terms, payment, no. of days from receipt)Put in payment date as 20th month followingEnter",Q:\Procedures\Purchasing\673P - Changing header details on a quotation request.docx,"date, payment, terms, past, freight",Covers how to edit quotation request headers — likely for corrections or custom notes.
674P - Changing the Quotation to a purchase order.docx,"Some overseas suppliers require a quote before sending the purchase order. Check on your supplier process - see documents 675P to 690PThe tender number must be in and must match the PO numberIn Pronto, select Purchase orders ( Maintain Purchase Orders Press StatusPress On OrderPress OKNote: The purchase order number should be the same as the original quote number. This is why we need to match the tender number to the PO number, and is especially important for suppliers who need a quote first.",Q:\Procedures\Purchasing\674P - Changing the Quotation to a purchase order.docx,"number, purchase, quote, tender, match",Explains how to convert a sales quotation into a formal purchase order.
675P - Ram Ratna Process.docx,"Run the DRP Forecaster (procedure 652P)Create a quotation request form from the reorder (procedure 654P)Check all Below Minimum Stock alerts are on the quotation requestChange all important header info on the quotation (procedure 673P)Email quote to the Ram Ratna contact (refer to the Supplier spreadsheet 666P)When you receive the quote confirmation, change pricing on our purchase order (it must be within a 10% variance for increases)Change the quotation request to a Purchase Order (procedure 674P)Email the amended purchase order to Ram Ratna and await the proforma invoice.When you receive the proforma invoice, check all lines and prices match those on our purchase orderOnce checked, sign, date stamp and Firstflex Stamp as an indication of acceptanceEmail signed proforma invoice to Ram Ratna and copy in Rita/Tristar, advising the ETD target boat (refer to the shipping schedule spreadsheet 667P)Put an alert in your Outlook calendar to follow up 1 week before ship departs and file the paperwork in the shipment drawerWhen you receive the commercial invoice and packing list, check thoroughly to ensure all details match including the colours. Change the lengths on the purchase order so they match the invoice (if they vary by more than 10%, see management)Once everything is matching to the cent, allocate lot numbers (procedure 659P) to find the codes on their packing list, look at the size on their packing list and our supp. desc. on the purchase orderOnce you have confirmation the order is onboard, create the shipment (procedure 657P)Create the per shipment list (procedure 658P)Organise full payment with the accounts team so the B/L can be released and ask them to email you the remittance Email the remittance to the Ram Ratna contact and ask them to release B/L and send you the tracking no. for the original documents.Once received originals, sort all first originals and sent directly to TriStar with trackingAdvise TriStar the originals are on the wayOnce shipment is almost due to arrive into NZ, Tristar will send through the Tax Disbursement and Tax invoices. (refer to procedure 669P)Once the shipment has arrived into NZ, TriStar will send through a Delivery OrderBook shipment for delivery (procedure 668P)Once the shipment is in the warehouse and inwards have signed off book in the shipment (procedure 662P)",Q:\Procedures\Purchasing\675P - Ram Ratna Process.docx,"procedure, shipment, purchase, order, tristar",Workflow or approval path when dealing with supplier Ram Ratna.
676P- Scame Process.docx,"Run the DRP Forecaster (procedure 652P)Create a quotation request form from the reorder (procedure 654P)Check all Below Minimum Stock alerts are on the quotation request Change all important header information on the quotation (procedure 673P) Change the quotation request to a purchase order (procedure 674P)Print and scan purchase order to emailVisually check if anything stands out Email the purchase order to Scame and CC in Tristar, advising the ETD target boat (refer to the shipping schedule spreadsheet 667P)When you receive the confirmation, check all details are correct and file it in the shipment drawer Put an alert in your outlook calendar to follow up 1 week before ship departsWhen you receive the commercial invoice and packing list, check thoroughly to ensure all details match. If you dont receive the commercial invoice or packing list, contact ScameOnce all details match, wait for Tristar to confirm the order is on board Once you have confirmation the order is onboard, create the shipment (procedure 657P)Create the per shipment list (procedure 658P)When the shipment is almost due to arrive into NZ, Tristar will send through the Tax Disbursement and Tax Invoices (refer to procedure 669P to deal with these)Once the shipment has arrived into NZ, TriStar will send through a Delivery OrderBook shipment for delivery (procedure 668P)Once shipment is in the warehouse and inwards have signed off, book in the shipment (procedure 662P) ",Q:\Procedures\Purchasing\676P- Scame Process.docx,"procedure, shipment, order, tristar, quotation",Scame-specific process — may involve tailored import/export documentation.
677P- TKD Process.docx,"Run the DRP Forecaster (procedure 652P)Create a quotation request form from the reorder (procedure 654P)Check all Below Minimum Stock alerts are on the quotation requestChange all important header information on the quotation (procedure 673P) must be over 3500 Euros for FOB shipment (if under see management)Print and scan quotation email Email quote to the TKD contact (refer to the Supplier spreadsheet 666P)We will receive an offer back - triple check all lengths, stock names, codes and Lead time against our P/O supplier codes, amend the pricingOnce everything matches change the quotation to a purchase order (procedure 674P)Email the amended purchase order back to TKD and CC in Tristar, advising the ETD target boat (refer to the shipping schedule spreadsheet 667P)When you receive the confirmation, check all details are correct and file it in the shipment drawer Put an alert in your outlook calendar to follow up 1 week before the shipment departs When you receive the commercial invoice and packing list, check thoroughly to ensure all details match. If you dont receive the commercial invoice or packing list, contact TKDAllocate the Lot numbers (procedure 659P)Once you have confirmation the order is onboard, create the shipment (procedure 657P)Create the per shipment list (procedure 658P)When the shipment is almost due to arrive into NZ, Tristar will send through the Tax Disbursement and Tax Invoices (refer to procedure 669P to deal with these)Once the shipment has arrived into NZ, TriStar will send through a Delivery OrderBook shipment for delivery (procedure 668P)Once shipment is in the warehouse and inwards have signed off, book in the shipment (procedure 662P)",Q:\Procedures\Purchasing\677P- TKD Process.docx,"procedure, shipment, quotation, check, receive","Instructions tied to TKD-related operations, likely involving specific clients or logistics."
678P - Peshavaria Process.docx,"Run the DRP Forecaster (procedure 652P)Create a quotation request form from the reorder (procedure 654P)Forward orders 6 months in advanceCheck all Below Minimum Stock alerts are on the quotation requestChange all important header info on the quotation (procedure 673P)Order must be over $3000 USDIf under see management to increase order or accept $150 USD small order feePrint the quotation request and scan it to your email.Email the quote to your Peshavaria contact (refer to the Supplier spreadsheet 666P)Once you receive confirmation, check the pricing and MOQ (these should all be correct)Add the charges onto the quotation as per the email (e.g. bank fees, -1 discount fee)Once all of the paperwork matches, change the quotation to a purchase order (procedure 674P)Print and scan the purchase order to emailGo back into the purchase order remove the -1 discount charge so it doesnt affect the General LedgerEmail the amended purchase order to Peshavaria and copy in Tristar, advising the ETD target boat (refer to the Shipping Schedule spreadsheet 667P) and await Proforma invoiceEnsure the dates coincide with the dates on the confirmationOnce you receive proforma, check all details are correct. Sign, date stamp and FirstFlex stamp as an acknowledgement of acceptance Email the signed Proforma to Peshavaria and copy in Tristar - reiterate target boat and confirm payment date.Create a shipment against the proforma invoice so it can be paid (procedure 657P)12 weeks in advance for 2.5 % discountCreate the per shipment list (procedure 658P)Organise full payment with the accounts team on the Proforma invoice and ask for Remittance via email. Once received remittance; forward on to Peshavaria contact for their information.Put an alert in you outlook calendar to follow up 1 week before the shipment departsWhen you receive the commercial invoice and packing list, check thoroughly to ensure all details match Once confirmed on board request tracking number for original Docs been sent.Once received originals, sort all first originals and send directly to TriStar with trackingAdvise TriStar the originals are on the way.When the shipment is almost due to arrive into NZ, Tristar will send through the Tax Disbursement and Tax invoices (procedure 669P)Once the shipment has arrived into NZ, TriStar will send through a Delivery OrderBook shipment for delivery (procedure 668P)Once shipment is in the warehouse and inwards have signed off book the shipment in (procedure 662P)",Q:\Procedures\Purchasing\678P - Peshavaria Process.docx,"procedure, shipment, order, tristar, quotation",Custom procedures for dealing with Peshavaria — likely vendor or export-focused.
679P - Partner in Export Process.docx,"Run the DRP Forecaster (procedure 652P)Create a quotation request form from the reorder (procedure 654P)Check all Below Minimum Stock alerts are on the quotation request Change all important header info on the quotation (procedure 673P) Change the quotation request to a purchase order (procedure 674P)Order must be over £1000 GBP, if under see managementAdd £12 bank fee to the bottom of the purchase order Print purchase order and email it to your selfVisually check if anything stands out Email the purchase order to PartExp and copy in Tristar, advising the ETD target boat (refer to the shipping schedule spreadsheet 667P)Send P/O to PartExp contact- See supplier sheet Doc #666P, CC in Tristar, advise ETD target boat as per shipping schedule doc #667POnce you get the order confirmation back; check it matches. If not make necessary amendments to matchIf you had to change; send amended P/O back for their reference. If it was all OK, reply with thanks.Put back in shipment drawer Out an alert in outlook calendar to follow up 1 week before ship departsIf you havent received the commercial invoice + p/list, follow up where it is Once you receive the C/I and P/List; check everything matches from your P/O to their invoiceCreate shipment, so we have a shipment number to give to accounts See Doc #657POrganise the invoice to be paid by accounts in the same monthCreate the per shipment list  See Doc #658POnce shipment is almost due to arrive into NZ, Tristar will send through the Tax Disbursement and Tax invoices. See Doc #669P to deal with these.Once the shipment has arrived into NZ, TriStar will send through a Delivery OrderBook shipment for delivery  See Doc #668POnce shipment is in the warehouse and inwards have signed off See Doc # 662P to book in the shipment.",Q:\Procedures\Purchasing\679P - Partner in Export Process.docx,"shipment, doc, order, tristar, procedure",Workflow for managing export activities with a partner organization.
680P - Changsha_Hebei Process.docx,"Run the DRP Forecaster (procedure 652P)Create a quotation request form from the reorder (procedure 654P)Check all Below Minimum Stock alerts are on the quotation requestChange all important header info on the quotation (procedure 673P)Change the quotation request to purchase order (procedure 674P)Print and scan P/O to emailVisually check if anything stands out Email purchase order to the Changsha/Hebei and copy in Tristar, advising the ETD target boat (refer to the shipping schedule spreadsheet 667P)When you receive confirmation of the order, put an alert in your Outlook calendar to follow up 1 week before the ship departs and file paperwork in the shipment drawer.When you receive the commercial invoice & packing list, check thoroughly to ensure it matches the purchase order.Change lengths on the purchase order so they match the invoice (if they vary by more than 10%, see management)Once you have confirmation the order is on board, create the shipment (procedure 657P)Create the per shipment list (procedure 658P)Organise full payment with the accounts team so the B/L can be released and ask them to email you the remittance.Email the remittance to Changsha/Hebei contact, asking them to release B/L and send the tracking no. for the original documents.Once received originals, sort all first originals and sent directly to TriStar with the tracking number, advising Tristar they have been sentOnce shipment is almost due to arrive into NZ, Tristar will send through the Tax Disbursement and Tax invoices (refer to procedure 669P)Once the shipment has arrived into NZ, TriStar will send through a Delivery OrderBook shipment for delivery (procedure 668P)Once shipment is in the warehouse and inwards have signed off, book in the shipment (procedure 662P)",Q:\Procedures\Purchasing\680P - Changsha_Hebei Process.docx,"procedure, shipment, order, tristar, purchase",Processing instructions for shipments or orders from Changsha or Hebei suppliers.
681P - Chowsons Taiwan Process.docx,"Note: Chowsons Taiwan and Shanghai are the same process however, Taiwan is Seafreight and Shanghai is Airfreight Run the DRP Forecaster (procedure 652P)Create a quotation request from the reorder (procedure 654P)Check all Below Minimum Stock alerts are on the quotation request.Change all important header info on the quotation (procedure 673P)Change the quotation request to a purchase order (procedure 674P)Print & Scan purchase order to emailEmail the purchase order to the Chowsons contact, copying in Rita/Tristar advising the ETD target boat/ plane as per the shipping schedule spreadsheet 667PWhen you receive the confirmation/proforma invoice, check all items & prices match our purchase order Sign, date stamp and FirstFlex stamp as an indication of acceptance.Email signed proforma invoice to Chowsons and copy in Tristar, reiterating the ETD Target boat/plane.Put in an alert in your Outlook calendar to follow up 1 week before shipment departs and put the paperwork in the shipment drawerWhen you receive the commercial invoice and packing list, check all details to ensure everything matches (follow up if you dont receive it)Create the shipment (procedure 657P)Create the per shipment list (procedure 658P)When the shipment is almost due to arrive into NZ, Tristar will send through the Tax Disbursement and Tax invoices (refer to procedure 669P). Tristar will send through a Delivery Order when the order arrives in NZBook shipment for delivery (procedure 668P)Once shipment is in the warehouse and inwards have signed off book in the shipment (procedure 662P)",Q:\Procedures\Purchasing\681P - Chowsons Taiwan Process.docx,"procedure, shipment, order, tristar, purchase",Guidelines for managing supply or orders sourced from Chowsons Taiwan.
682P - Nidhi Process.doc,"Nidhi Process  Run the DRP Forecaster  See Doc #652PMake the quotation request from the reorder  See Doc #654PCheck all Below Minimum Stock alerts are on the quotation requestChange all important header info on the quotation- See Doc #673P (How to Change) #666P (Supplier Sheet Doc) #667P (Shipping Schedule)Once all looks OK, change the quotation request to a purchase order  See Doc #674PPrint & Scan P/O to emailSend P/O to Nidhi contact. See supplier sheet doc #666P, CC Rita/Tristar, and advise ETD Target boat as per shipping schedule doc #667POnce get back confirmation/proforma. Check items & prices thoroughly (Should all match anyway)Sign, date stamp and FirstFlex stamp as a token of acceptance.Send back signed proforma, CC in Tristar & advise/ reiterate ETD Target boat again.Put in an alert in outlook calendar to follow up 1 week before shipment departs.Put back in Shipment drawer*1 week before ship departs*If you havent got C/I & P/List, follow up on here it isOnce receive P/List & C/I check everything thoroughly and matchesCreate the shipment  See Doc#657PCreate the per shipment list  See Doc #658POnce shipment is almost due to arrive into NZ, Tristar will send through the Tax Disbursement and Tax invoices. See Doc #669P to deal with these.Once the shipment has arrived into NZ, TriStar will send through a Delivery OrderBook shipment for delivery  See Doc #668POnce shipment is in the warehouse and inwards have signed off See Doc # 662P to book in the shipment",Q:\Procedures\Purchasing\682P - Nidhi Process.doc,"doc, shipment, tristar, quotation, send",Alternate version of Nidhi procedure — may be legacy or formatted for different use.
682P - Nidhi Process.docx,"Run the DRP Forecaster (procedure 652P)Create a quotation request from the reorder (procedure 654P)Check all Below Minimum Stock alerts are on the quotation requestChange all important header info on the quotation (procedure 673P)Change the quotation request to a purchase order (procedure 674P)Print & scan purchase order to emailEmail purchase order to the Nidhi contact and copy in Tristar, advising the ETD target boat (refer to the shipping schedule spreadsheet 667P)Once get back confirmation/proforma. Check items & prices thoroughly (Should all match anyway)Sign, date stamp and FirstFlex stamp as a token of acceptance.Send back signed proforma, CC in Tristar & advise/ reiterate ETD Target boat again.Put in an alert in outlook calendar to follow up 1 week before shipment departs.Put back in Shipment drawer*1 week before ship departs*If you havent got C/I & P/List, follow up on here it isOnce receive P/List & C/I check everything thoroughly and matchesCreate the shipment  See Doc#657PCreate the per shipment list  See Doc #658POnce shipment is almost due to arrive into NZ, Tristar will send through the Tax Disbursement and Tax invoices. See Doc #669P to deal with these.Once the shipment has arrived into NZ, TriStar will send through a Delivery OrderBook shipment for delivery  See Doc #668POnce shipment is in the warehouse and inwards have signed off See Doc # 662P to book in the shipment",Q:\Procedures\Purchasing\682P - Nidhi Process.docx,"shipment, doc, procedure, tristar, quotation",Defines how to process Nidhi-related orders — likely with internal routing or coding steps.
683P - Euro2000 Process.doc,"Euro2000 Process  Run the DRP Forecaster- See Doc #652PMake a quotation request form from the reorder- See Doc #654PCheck all Below Minimum Stock alerts are on the quotation request Change all important header info on the quotation- See Doc #673P (How to Change) #666P (Supplier Sheet Doc) #667P (Shipping Schedule)Note: May be Sea or AirfreightChange the quotation request to purchase order- See Doc #674PPrint and scan P/O to emailVisually check if anything stands out Send P/O to Euro2000 contact- See supplier sheet Doc #666P, CC in Tristar, advise ETD target boat as per shipping schedule doc #667P. Ask them to advise weights and dims when readyOnce you get weights and dims back, send them off to TriStar for a quote (Sea + Air)Once TriStar come back with quote, choose whichever is cheaper (usually Sea) providing we dont need anything urgently. (If unsure see management)Once you receive the C/I and P/List; check everything matches from your P/O to their invoiceOnce everything matches to the cent, wait to hear from Tristar if it is confirmed on board Once confirmed on board/plane; create shipment  See Doc #657PCreate the per shipment list  See Doc #658POnce freight is almost due to arrive into NZ, Tristar will send through the Tax Disbursement and Tax invoices. See Doc #669P to deal with these.Once the shipment has arrived into NZ, TriStar will send through a Delivery OrderBook shipment for delivery (Only if Seafreight)  See Doc #668POnce shipment is in the warehouse and inwards have signed off See Doc # 662P to book in the shipment.",Q:\Procedures\Purchasing\683P - Euro2000 Process.doc,"doc, shipment, tristar, quotation, send",Describes handling procedures related to Euro2000 — may include pricing or documentation.
684P - CMI Process .doc,"CMI Process  Run the DRP Forecaster- See Doc #652PMake a quotation request form from the reorder- See Doc #654P(3 month forward orders).Check all Below Minimum Stock alerts are on the quotation request Change all important header info on the quotation- See Doc #673P (How to Change) #666P (Supplier Sheet Doc) #667P (Shipping Schedule) Note: The payment date is as the CMI Payment schedule. (See Dee/ accounts for updates on this). Put the ETA as mid month, and the boat and ETA into NZ will be emailed out by CMI each month.Change the quotation request to purchase order- See Doc #674PPrint and scan P/O to emailVisually check if anything stands out Send P/O to CMI contact  See Supplier sheet doc#666POnce receive confirmation back, check if all accepted and put back in drawerPut an alert in outlook calendar to follow up week before ship departs. (Usually wont have to chase as they send the Invoices + Packing slips automatically)Once you receive the commercial invoice and packing list; check everything matches thoroughly. Break orders if you need to. See Doc #692PAllocate the Lot numbers  See Doc#659PCreate the Shipment  See Doc #657PCreate the shipment list  See Doc #658P3 days before the ship arrives into NZ  if you havent received the Documents incl B/L from their shipping agent, request for it.Once received B/L, forward to TriStarOnce shipment is almost due to arrive into NZ, Tristar will send through the Tax Disbursement and Tax invoices. See Doc #669P to deal with these.Once the shipment has arrived into NZ, TriStar will send through a Delivery OrderBook shipment for delivery  See Doc #668POnce shipment is in the warehouse and inwards have signed off See Doc # 662P to book in the shipment.",Q:\Procedures\Purchasing\684P - CMI Process .doc,"doc, shipment, quotation, send, check",Instructions for managing orders or service workflows for CMI accounts.
685P - Amphenol Process.doc,"Amphenol Process  Run the DRP Forecaster- See Doc #652PMake a quotation request form from the reorder- See Doc #654P(Forward Orders 3 months in advance).Check all Below Minimum Stock alerts are on the quotation request Change all important header info on the quotation- See Doc #673P (How to Change) #666P (Supplier Sheet Doc) #667P (Shipping Schedule)Change the quotation request to purchase order- See Doc #674PPrint and scan P/O to emailVisually check if anything stands out Send to Amphenol contact. See supplier sheet Doc #666POnce you get acknowledgement back, check it is OK and matches and put back in the drawerOn the 1st or 2nd of the month request to get that months orders ready and advise weight, dims, Airway Bill Number and send Invoices & Packing SlipsOnce you receive the C/I and P/List; check everything matches from your P/O to their invoice. Break orders if you need to. See Doc #692PCreate the Shipment  See Doc #657PCreate the shipment list  See Doc #658PForward the weights, dims and Airway bill number to Toll priority and request collection. Put the pick-up address and drop off address. Make sure to note Door to Door Airfreight EconomyThe shipment should then arrive in the next couple of days. Track each day after pickupToll will send through GST and Freight invoice after we receive the goods so you have to ask for pricing before booking inOnce received pricing, and the shipment is in the warehouse and inwards have signed off See Doc # 662P to book in the shipment.",Q:\Procedures\Purchasing\685P - Amphenol Process.doc,"doc, shipment, request, check, quotation","Amphenol-specific business process — may include special terms, SKUs, or shipment flow."
686P - Williams Mining Process.doc,"Williams Mining Process  Run the DRP Forecaster- See Doc #652PMake a quotation request form from the reorder- See Doc #654PCheck all Below Minimum Stock alerts are on the quotation request Change all important header info on the quotation- See Doc #673P (How to Change) #666P (Supplier Sheet Doc) #667P (Shipping Schedule)Change the quotation request to purchase order- See Doc #674PPrint and scan P/O to emailVisually check if anything stands out Send to Williams contact. See supplier sheet Doc #666POnce you get confirmation back, check it is OK and matches and put back in the drawerWhen they have finished production, they will send through the weights, dims, airway bill number and invoice. If they havent, just request for itOnce you receive the C/I and P/List; check everything matches from your P/O to their invoice. Break orders if you need to. See Doc#692PCreate the Shipment  See Doc #657PCreate the per shipment list  See Doc #658PForward the weights, dims and Airway bill number to Toll priority and request collection. Put the pick-up address and drop off address. Make sure to note Door to Door Airfreight EconomyThe shipment should then arrive in the next couple of days. Track each day after pickupToll will send through GST and Freight invoice after we receive the goods so you have to ask for pricing before booking inOnce received pricing, and the shipment is in the warehouse and inwards have signed off See Doc # 662P to book in the shipment.",Q:\Procedures\Purchasing\686P - Williams Mining Process.doc,"doc, shipment, request, quotation, check",Process tailored for Williams Mining — possibly including invoicing or export steps.
687P - Basic Local Process.doc,"Basic Locals Process  Run the DRP Forecaster- See Doc #652PMake a quotation request form from the reorder- See Doc #654PCheck all BMS alerts are on the quotation request Change all important header info on the quotation- See Doc #673PChange the quotation request to purchase order- See Doc #674PPrint and scan P/O to emailVisually check if anything stands out Send P/O to Local contact Keep in a separate pile until you get confirmation of orderOnce you receive confirmation, go through each item on the P/O in inventory and write down the bin location on the purchase orderPhotocopy the P/O with the bin locations and give to the inwards goodsWhen the goods come in, inwards will sign the P/O + P/List ad give to youRequest for the invoice if you do not have itCreate the shipment  See Doc#657P  Locals ONLYBook in the shipment  See doc#662P  Locals ONLY",Q:\Procedures\Purchasing\687P - Basic Local Process.doc,"doc, quotation, locals, request, purchase",Standard operating procedure for general local (non-specialized) order handling.
688P - Medical Process.doc,"Medical Process  Run the DRP Forecaster- See Doc #652PMake a quotation request form from the reorder- See Doc #654PCheck all Below Minimum Stock alerts are on the quotation request Change all important header info on the quotation- See Doc #673PGo into the quote. Manually check over everything and take out or add in items as needed to suit the other item quantities (regarding moulds  Most examples below)CAP16B and STRAP16B go together to make the CAP16. You will need these qtys to match. You will also need to send screws (SCR638PPSS) to make them up.STRAP16B and DOGBON are in the same mould so these qtys need to match.All ETAGS, LGs and UNITAGS will need labels to be sentDSL will need lots of items sent to Medcial.1st group  DOOCAR, DOOCLAM, MSLT, SCR6114PP & LBL7 (These will be sent from our stock to Medical) 2nd Group  DSCOV & DSMB (These get manufactured at Medical. MOQ is 500, so if the DSL qty is less than 500, we get the balance of DSMB & DSCOV sent back to us. After a while our stock of these gets built up and we can send what we have without ordering more) DSLM is also a component, but it is just the code we use to order the DSL on the actual P/O.Correct the P/O to suit the adjustments abovePrint and scan P/O to emailSend P/O to Local contact Go back through order and see if you needed to send anything (e.g. Screws, Labels, Other Components) If there is  Continue on to Step 10If there isnt  Skip to Step 11Identify what you need and send (use ZMONA) - See Doc#664P Part 1Keep in a separate pile until you get confirmation of orderWhen Nau gives back the signed packing slip, create the delivery order and send goods  See Doc#664P Part 2Once you receive confirmation of order from supplier, go through each item on the P/O in inventory and write down the bin location on the purchase orderPhotocopy the P/O with the bin locations and give to the inwards goodsWhen the goods come in, inwards will sign the P/O + P/List and give to youRequest for the invoice if you do not have itCheck everything matches from P/O to invoice. Break if you have to  See Doc#692PCreate the shipment  See Doc#657P  Locals ONLYBook in the shipment  See doc#662P  Locals ONLYNote: If there is CAP16s or DSLs on the order, you will have to do a works order to get the finished product into stock. As you had to send goods to the supplier to do this, you need to make sure there is enough stock in W1 to do the works order.Take the stock you sent out of the warehouse you sent it to, and put it back in to W1  See Doc#665PMake the works order (From Factory MONA) See Doc#224ASBook in the works order  Do complete and updateWrite down all the stock transactions on the shipment reports",Q:\Procedures\Purchasing\688P - Medical Process.doc,"doc, order, stock, need, send",Describes procedures for processing or servicing Medical category customers or goods.
689P - Acron Process.doc,"Acron Process  Create the P/O manually for Acron.Acron:MGB1 x 60 & 54 x MGB2 Note Line: IPS will be sending sheets directNote Line: We will Send MGB2FKs and LBL1 (All 54 each)Note Line: Please send direct to Acron when completeEdit P/O to match adjustmentsPrint + Scan P/O to emailSend P/O to Local contacts Keep in a separate pile until you get confirmation of ordersIdentify what you need to send to Acron and create the picking slip  See Doc#664P Part 1  To ZACROWhen you get signed Packing Slip back from Nau, create Del Doc and dispatch goods  See Doc#664P Part 2Once your order is confirmed, go through each item on the P/O in inventory and write down the bin location on the purchase orderPhotocopy the P/O with the bin locations and give to the inwards goodsWhen you get the invoice or confirmation that IPS have sent the goods to Acron, you need to create the shipment for IPS  See Doc#657PThen book in the IPS shipment  See Doc#662PWhen you get confirmation the goods are ready from Acron, you will need to organize the delivery with urgent couriers  See Doc#695PWhen the goods come in, inwards will sign the P/O + P/List and give to youRequest for the invoice if you do not have itCheck everything matchesCreate the shipment  See Doc#657P  Locals ONLYBook in the shipment  See doc#662P  Locals ONLYOnce the molding (MGB2M) is booked in you will have to do a works order to put the end product (MGB2) in stockFirst you need to put back what you used from W1  See Doc#665PYou will have to also to a stock adjust for the PVC sheets from IPS as we couldnt get a nice decimal place in pronto. Stock adjust in 0.02 into each code.Once everything is in W1, check to double check there are no shortages (you should have none if youve done it right) Create the works order  See Doc#224ASBook in the works order (Simply using Complete and Update) ",Q:\Procedures\Purchasing\689P - Acron Process.doc,"doc, acron, create, ips, order",Custom operational workflow for Acron accounts — may involve supply chain or quotes.
690P - CJL Process.doc,"CJL Process  Run the DRP Forecaster- See Doc #652PMake a quotation request form from the reorder- See Doc #654PCheck all Below Minimum Stock alerts are on the quotation request Change all important header info on the quotation- See Doc #673PPrint and scan P/O to emailSend P/O to Local contactKeep in a separate pile until you get confirmation of orderOnce you receive confirmation, go through each item on the P/O in inventory and write down the bin location on the purchase orderPhotocopy the P/O with the bin locations and give to the inwards goodsYou will need to print labels and get Order Entry to send themWhen you get confirmation the goods are ready, you will need to organise the delivery w/ urgent couriers  See Doc#695PWhen the goods come in, inwards will sign the P/O + P/List ad give to youRequest for the invoice if you do not have itCreate the shipment  See Doc#657P  Locals ONLYBook in the shipment  See doc#662P  Locals ONLY",Q:\Procedures\Purchasing\690P - CJL Process.doc,"doc, quotation, confirmation, bin, need",CJL customer or supplier-specific process flow — likely tied to fulfillment or service.
691P - Electrix_Leisure_TE Connect Process.doc,"Run the DRP Forecaster- See Doc #652PMake a quotation request form from the reorder- See Doc #654PCheck all Below Minimum Stock alerts are on the quotation request Change all important header info on the quotation- See Doc #673P (How to Change) #666P (Supplier Sheet Doc) #667P (Shipping Schedule)Change the quotation request to purchase order- See Doc #674PPrint and scan P/O to emailVisually check if anything stands out Send P/O to Supplier contact  See supplier sheet Doc #666P. Ask them to quote via their courier Door to Door.Once you get confirmation back  Acknowledge confirmation and accept courier charge.Make sure P/O matches, make amendments if necessary (adding the charge), send back and ask for Tracking details, ETD date and Invoice once ready.Put an alert in outlook calendar around 7  14 days for follow up.If you havent received the commercial invoice + p/list, follow up where it isOnce you receive the C/I and P/List; double check everything again that it matches from your P/O to their invoiceCreate shipment See Doc #657PCreate the per shipment list  See Doc #658PThe shipment should then arrive in the next couple of days. Track each day.If the order is over 400NZD, the nominated courier company will send through the GST invoice. Ring and pay by credit card so the goods can be released out for delivery.Note: Sometimes they may just hold the goods without sending a GST invoice, this is why it is important to track each day so you can see any hold ups.Once shipment is in the warehouse and inwards have signed off See Doc # 662P to book in the shipment.",Q:\Procedures\Purchasing\691P - Electrix_Leisure_TE Connect Process.doc,"doc, shipment, quotation, invoice, supplier","Workflow specific to handling products or logistics for Electrix, Leisure, or TE Connect."
692P - Breaking Orders.doc,"Breaking Orders  Please note: You cannot break orders if the P/O is on a shipment or has been paidSelect Purchase Orders ( Maintain Purchase OrdersPress FindType in the P/O numberEnter twice (Past B/O suffix)Press ExtraPress Break OrderThe lines on the P/O will then come up Scroll down (or up) to the line you are wanting to breakPress Item SplitPut in the quantity you are wanting to split off*Remember: Whatever gets item split stays on the original PO number. Everything else gets moved to the next suffix e.g. AA, Ab etc.*If you are wanting to break more than one line follow steps 6-8 until all the lines you want are item splitPress enterThere should be showing stock in Qty 1 column and stock in Qty 2 columnPress QuitEnter 3 times (Past Warehouse, Action/Ship date, expected arrival date)You will now see the two separated P/Os by suffix",Q:\Procedures\Purchasing\692P - Breaking Orders.doc,"item, break, wanting, suffix, orders",Explains how to split or break existing orders — possibly for partial dispatch or tracking.
693P - Shipment Charges.xlsx,,Q:\Procedures\Purchasing\693P - Shipment Charges.xlsx,,
694P - Uniform Procedure.docx,"General InformationAll items ordered must be entered on the staff uniform spreadsheet (items ordered and size)Q:Drive ( Katherines Folder ( Uniforms ( Uniforms by year ( Staff uniforms (relevant year)Lohil Industrial Services will either courier the goods or drop them off.AuthorisationEvery uniform order over $300 must be signed off by Lance, unless the order is for a new employee which adheres to the guidelines. Attach the authorisation to the purchase order and invoice.Slick Promotions Orders There is a minimum order quantity of 4 embroidered items due to the setup of the machines.There are different item codes for sales and admin uniform orders.You will need to enter a new item code if ordering the same item for sales and admin staff to ensure the items are coded to the correct department.Slick orders are always collected - Darren will email the invoice when it is ready.New EmployeesWarehouse  SummerWarehouse  WinterOffice  all seasons2 x Hi Vis Polo  short sleeve2 x Hi Vis Polo  short sleeve2 x Polo Shirts (SM or FF)2 x Hi Vis Singlet1 x Hi Vis Polo  long sleeve2 x Jumper, Jacket, Vest or Merino2 x Cargo Shorts1 x Hi Vis Polar Fleece3 x Business Shirts (if required)1 x Steel Cap Boots under $120 2 x Track Pants 1 x Steel Cap Boots under $120Existing Staff Member (all quantities within reason)Warehouse  SummerWarehouse  WinterOffice  all seasonsHi Vis Polo  short sleeveHi Vis Polo  short sleevePolo ShirtHi Vis SingletHi Vis Polo  long sleeveJumper, Jacket, Vest, MerinoCargo ShortsHi Vis Polar FleeceBusiness ShirtCapThermals (Pants + Long Sleeves)CapSteel Cap BootsBeaniesTrack PantsSupplier DetailsSlick PromotionsContacts:Darren & Bronwyn SkiltonEmail: Slickpromotionsnz@gmail.com Phone: 09 297 7513Mobile: 021 737 101Address:20/3 Tironui Station Road WestTakaniniLohil Industrial ServicesContact:Louis EsterhuizenEmail: Orders@lohil.co.nzMobile: 027 240 4195Slick Promotions ApparelLohil ApparelAll hi-vis apparelJacketsBusiness ShirtsTrack pantsPolo shirtsVestsCapsCargo ShortsCable knit jumpersMerino pulloversBeaniesBootsPlacing an OrderCreate a manual purchase order as per procedure 653P.Under each item line, add a note line and type in the sizes required.Email the purchase order to the supplier and copy in the Purchasing Supervisor.Subject: New P/O# (type in the P/O number of the order you created)Body: state you are sending a new P/O, ask them to confirm the order has been received and email you if there are any issues with the order.Receipting and Distributing an OrderCheck the goods supplied against the invoice (or packing slip if waiting for invoice)Book in the purchase order as per procedure code 663P.Check the purchase order matches the invoice (items, quantities, prices).Attach the supporting paperwork to the invoice and give to the accounts team.Distribute the uniform items to the correct employees.",Q:\Procedures\Purchasing\694P - Uniform Procedure.docx,"vis, order, polo, items, invoice","Outlines how employees should request, receive, and manage company uniforms."
695P - How to book an Urgent Couriers delivery.doc,"How to book a delivery on Urgent Couriers  Note: You should have the weights and Dims from the supplier before bookingYou also must book the delivery before cut-off at 11amLog into the Urgent couriers websiteClick onto Job EntryClick onto TruckSelect deliver to usClick on Company & AddressClick on the company you are wanting to pick up the goods fromEnsure speed is  Truck Economy by 5pmClick into Ref A. Put in our P/O NumberClick into Ref B. Put in our product code (e.g. MGB2 or CATCAR)Click on New PalletEnter in the weight, length, depth, height of the item(s)Ensure deliver to is  BusinessOnce all fields are populated (All necessary fields are in blue) check the cost isnt too greatPrint off the cost page in a PDF and wait till the goods arrive. Note down the Job # and track if you need to.",Q:\Procedures\Purchasing\695P - How to book an Urgent Couriers delivery.doc,"click, book, job, delivery, ref",Alternate format/version of the urgent courier booking procedure above.
695P - How to book an Urgent Couriers delivery.docx,"Ensure you have the weight and dimensions from the supplier before bookingBookings must be made before the 11am cut offLog into the Urgent couriers websiteClick onto Job EntryClick onto TruckSelect deliver to usClick on Company & AddressClick on the company you are wanting to pick up the goods fromEnsure speed is “Truck Economy by 5pm”Click into Ref A. Put in our P/O NumberClick into Ref B. Put in our product code (e.g. MGB2 or CATCAR)Click on New PalletEnter in the weight, length, depth, height of the item(s)Ensure deliver to is  BusinessOnce all fields are populated (All necessary fields are in blue) check the cost isnt too greatPrint off the cost page in a PDF and wait till the goods arrive. Note down the Job # and track if you need to.",Q:\Procedures\Purchasing\695P - How to book an Urgent Couriers delivery.docx,"click, ensure, job, weight, ref",Step-by-step courier booking instructions for urgent same-day deliveries.
696P - Henry Cables Process.doc,"Henry Cable Process  1. Run the DRP Forecaster  See Doc #652PMake a quotation request form from the reorder  See Doc#654PCheck all Below Minimum Stock alerts are on the quotation requestChange all important header info on the quotation- See Doc #673P (How to Change) #666P (Supplier Sheet Doc) #667P (Shipping Schedule)Send quote off to Henry contact  See Supplier Sheet Doc #666PQuote Procedure?Send back the amended Purchase Order and await proforma.Once you get the proforma; check all lines match those on our P/O, check all pricing matches to those on our purchase order.Put an alert in Outlook calendar to follow up 1 week before ship departs.Put back in the shipment drawer*One week before the ship departs*If you havent received the commercial invoice and packing list, follow up where it is.Once you receive the Commercial invoice & Packing List; check everything matches from the invoice to your P/O, including colours thoroughly.  LN Procedure?Once confirmed on board; Create the Shipment  See Doc #657PCreate the per shipment list  See Doc #658POnce shipment is almost due to arrive into NZ, Tristar will send through the Tax Disbursement and Tax invoices. See Doc #669P to deal with these.Once the shipment has arrived into NZ, TriStar will send through a Delivery OrderBook shipment for delivery  See Doc #668POnce shipment is in the warehouse and inwards have signed off See Doc # 662P to book in the shipment.",Q:\Procedures\Purchasing\696P - Henry Cables Process.doc,"doc, shipment, send, check, invoice",Steps or workflow used for managing the Henry Cables supply or production process.
697P - How to get Freight % Costs on a shipment.doc,"Note: The shipment must be booked in, and you must have the In Progress report handyAdd the total freight costs (TFC) together, EXCEPT the 5L%Put the total value of the order (TVO) in your calculator as memory plusTimes the TVO by whichever percent you think would be closest to the TFCWhichever % value is closest to the TFC is correct. E.g. below",Q:\Procedures\Purchasing\697P - How to get Freight % Costs on a shipment.doc,"closest, total, tfc, value, tvo",Method for calculating the freight cost as a percentage of a shipment’s value.
Thumbs.db,,Q:\Procedures\Purchasing\Thumbs.db,,
~$0P - Changsha - Hebei Process.doc,,Q:\Procedures\Purchasing\~$0P - Changsha - Hebei Process.doc,,
~$2P - Booking in a shipment.doc,,Q:\Procedures\Purchasing\~$2P - Booking in a shipment.doc,,
~$2P - Booking in a shipment.docx,,Q:\Procedures\Purchasing\~$2P - Booking in a shipment.docx,,
~$4P - Sending goods to another supplier.doc,,Q:\Procedures\Purchasing\~$4P - Sending goods to another supplier.doc,,
~$6P - Henry Cables Process.doc,,Q:\Procedures\Purchasing\~$6P - Henry Cables Process.doc,,
~$7P - Creating a shipment.docx,,Q:\Procedures\Purchasing\~$7P - Creating a shipment.docx,,
~$8P - Medical Process.doc,,Q:\Procedures\Purchasing\~$8P - Medical Process.doc,,
Path link,,Path,,
##Branch Record for Golden Tickets.xlsx,,Q:\Procedures\Sales\##Branch Record for Golden Tickets.xlsx,,
2FEECF9C.tmp,,Q:\Procedures\Sales\2FEECF9C.tmp,,
369S How to transfer Rep car stock.docx,,Q:\Procedures\Sales\369S How to transfer Rep car stock.docx,,
395S MONTHLY POWERBASE REPORTING PROCEDURE.docx,,Q:\Procedures\Sales\395S MONTHLY POWERBASE REPORTING PROCEDURE.docx,,
403S New Supplier Images.docx,,Q:\Procedures\Sales\403S New Supplier Images.docx,,
409S Price Change Procedure.docx,,Q:\Procedures\Sales\409S Price Change Procedure.docx,,
421S REBATE RULES & STRUCTURE.docx,,Q:\Procedures\Sales\421S REBATE RULES & STRUCTURE.docx,,
422S REBATES INSTRUCTIONS DRAFT.docx,,Q:\Procedures\Sales\422S REBATES INSTRUCTIONS DRAFT.docx,,
424S RECORDING CUSTOMER SHOUTS TO REPORT TO JIMMY.docx,,Q:\Procedures\Sales\424S RECORDING CUSTOMER SHOUTS TO REPORT TO JIMMY.docx,,
427S Restocking Fee example.docx,,Q:\Procedures\Sales\427S Restocking Fee example.docx,,
428S Returned goods policy.docx,,Q:\Procedures\Sales\428S Returned goods policy.docx,,
429S Sales Procedures Staff Sign Off.docx,,Q:\Procedures\Sales\429S Sales Procedures Staff Sign Off.docx,,
701S Incoming Calls Procedure - Update.docx,"Receiving incoming callsInternal salesTechnical support/quotesFred / Rissie / Ali / Greg / Shane / Doug / BDM ManagersDan, Jimmy, Marty, Bruce (Technical Support)If the phone has rung more than 3 TIMES, it is the responsibility of all office employees to answer it.  If you are already on a call, you may have to put your caller on hold to answer the incoming call.When answering an incoming call the standard greeting is:                    “Welcome to Firstflex ………………… speaking.”If the caller asks for a staff member by name, say: “I will check if____is available, who can I say is calling?”If the caller asks for a staff member by name but that person is busy/unavailable/out of the office, TELL the caller what time/day that particular person is due back.  Then:Ask the caller if someone else in sales can help.Offer to take a message and have the particular person return their call when they are available/back in the office.Offer the staff members mobile number only if asked for but advise first if person is unavailable due to being in a meeting and give time details for when they will be available. Do not give out personal mobile phone numbers.If you are unsure which department the caller needs to talk to, try the General Manager or the Sales Manager.Any request to answer surveys or request for privileged company information are to be directed to the Managing Director.  If the Managing Director is unavailable then the Sales & Marketing Director will take the call and deal with it in an appropriate manner.Transferring Calls When talking to a customer, press the Transfer keyDial the extension to transfer to, then select the type of transfer  BlindTrnf or AttTrnf BlindTrnf: The call is transferred immediately, so just hang up. AttTrnf: This gives you a chance to speak to the person you are transferring to.  Once you have announced the caller, just hang up.If the person you are transferring to doesnt want the call he / she can hang up and the call comes back to you.Putting Calls on Hold Press the Hold (pause) button at the lower right side of the phone.To take the caller off hold, press resume button on screen    ",Q:\Procedures\Sales\701S Incoming Calls Procedure - Update.docx,"caller, person, hold, transfer, answer",Updated protocol for answering and managing incoming customer or partner calls.
702S Order Enquiry_Cable Printing Procedure.docx,"Always complete an order/enquiry sheet (form 230 in Master Copies).Distributor Price/Availability EnquiryCheck quantity required of each item to:Give accurate availability - if we are out of stock, dont say no straight away; tell the customer you will call them back. Talk to your team and look for alternative solutions.Determine if special pricing may be applicable due to quantity or dollar value, then follow the quotes procedure (document 708S) Offer alternatives that are in stock or suit required delivery or application. If unsure of any technical issues, talk to the Internal Sales Manager, Operations Manager (for cable specifications) or Sitemate Manager (for Sitemate issues).If not ordering by Firstflex part number, ask for information on the application of cable (i.e. voltage/temperature/installed conditions etc.)If the customer is unsure, offer some alternatives or get them to check with their customer (you could also offer to talk to the end user for technical details). If product is not a stocked item or a special application, check with the Indent Cable Coordinator or Internal Sales Manager for price and availability.End User Price/Availability EnquiryGet full company name, preferred wholesaler, contact name, phone and email (write on order/enquiry sheet).Advise technical info and availability as per distributor enquiry.For pricing other than trade price, try to obtain which distributor the end user deals with and discuss pricing options with them.If it is a substantial quantity / $ value, discuss with Project, Pricing & Process ManagerCash SalesCash sales must be discussed with the Project, Pricing & Process Manager first.All cash sales are to be paid at time of collection.  No exceptions without approval from the General Manager or Project, Pricing & Process Manager.Refer to Document 703SSamples / CataloguesAny samples or catalogues sent need to be recorded on order/enquiry sheet, complete with delivery details and then charged to the sample account. A compliments note, Reps or Internal Sales business card and spec sheet must be provided (spec sheet not required for catalogues).Printed CablesAll requests for printed cables need written confirmation from the customer prior to printing.  Once entered the packing slip can go out to the warehouse.  Beware of OD cable; it can be too small or too big for print machine. (NOTE: Range for printing is 3mm  45mm)We only use black ink to print. We can print on all cable colours except blackPrinting CostsOur cables and leadsUnder 100m:$1.00p/m Over 100m:FreeExtension leads:$1.50p/m (if total is under 100m)   Other suppliers cables & leads: Refer to Project, Pricing & Process Manager or Technical Manager for pricing. The price will be higher than printing on our cable range.                                                               ",Q:\Procedures\Sales\702S Order Enquiry_Cable Printing Procedure.docx,"manager, pricing, cable, price, availability",Procedure for looking up cable printing jobs or order histories in Pronto.
703S Cash Sales Procedure.docx,"When an order or quote is requested by a non-account holder, check first with the Internal Sales Manager or Pricing Projects & Process Manager to see if the order should be directed to a wholesaler or put through Pronto as a Cash Sale.Follow the Order Enquiry Procedure (702S) to find out what the customer requires, freight service, and advising pricing.Fill out the Cash Sales checklist (form 363 in Master Copies Forms) so the cash sale status can be tracked at any time.Issue the quote or invoice to the customer via email (using Trueforms in Pronto). Infor the customer the account details will be on the invoiceHold all paperwork including the picking slip (if one has been generated) so that it doesnt go to the warehouse.Wait for advice from admin that the customer has paid, or contact admin and ask them to check the online bank account if customer has paid that day and wants immediate delivery.If the item(s) is in stock, send the goods only once payment has been confirmed.If the item has to be assembled, advise assembly that the goods have been paid for and they can go ahead with the build only once payment has been confirmed.Assembly are to advise customer services team once goods are completed and ready for sending to the customer.Indent items can only been ordered from the supplier once payment has been confirmed. Note: Indent items are not accepted back for Credit.Purchasing to advise customer services team once goods have arrived and are ready for sending to the customer.In all cases, the picking/packing slip must only be passed to the warehouse when the goods are available and paid for.",Q:\Procedures\Sales\703S Cash Sales Procedure.docx,"customer, goods, paid, order, cash",Covers how to process cash sales and ensure reconciliation with financial records.
703S(A) Eftpos Receipts Procedure.docx,"For internal control reasons, use of the EFTPOS machine is currently limited to Fred, Rissie, Greg, Marty and Cath.If a customer pays by EFTPOS and;We have overcharged them in error or,They return goods and need a refund,The refund function can only be done by the Admin manager (Cath) as it requires a passcode.We do not carry cash on site, therefore never offer or accept the “Cash out” function.If the machine starts to print red ink through the receipt, it means the paper roll is running out.  Please replace the roll and let the Admin manager know if more need to be ordered.For “over the phone” sales, enter the card details directly into the machine as per the instructions below.  DO NOT write the card details down  we are not permitted to store card information.  In the rare event the machine is not working or login fails, the card info can be written down to enter later when the machine comes back on line.  The piece of paper that has the card info written down on then has to be shredded in the office shredder (upstairs office).For any technical difficulties using the machine, the Eftpos helpdesk contact is 0800 338 767 option 2.For the full machine manual, please see the Admin manager, but for everyday transactions and functions, please follow the steps below;FOR CARD PRESENT TRANSACTIONS (the cardholder is on the premises).Enter the amount of the Invoice.Select Purchase.Customer presents card, selects account, and enters their PIN.A merchant receipt will print after the transaction is processed. Attach this to a copy of the invoice and put in the Admin tray so that they can process the receipt.The terminal will offer the option of printing a customer receipt.FOR CARD NOT PRESENT TRANSACTIONS (the cardholder is on the phone).Enter the amount of the invoiceSelect Purchase.Menu  Select Manual Card EntrySelect Phone Order.Type in the credit card number and press Enter.Type in the CVV number and press Enter.A merchant receipt will print after the transaction is processed. Attach this to a copy of the invoice and put in the Admin tray so that they can process the receipt.",Q:\Procedures\Sales\703S(A) Eftpos Receipts Procedure.docx,"card, machine, enter, receipt, admin",Procedure for correctly recording EFTPOS payments in the system (version A).
704S Export Sales Procedure.docx,"When you receive an enquiry, find out the following information:What items the customer requiresWhat quantities they require a quote forWhat currency they would like the quote in  NZD preferredWhat type of freight service they requireWhat time frame they are looking atCreate a quote and calculate the price in the currency requested. See the Admin Manager for the currency rate.Ensure you make them aware how long the quote is valid for.If they make further enquiries outside the quote validity period, use the updated exchange rate to re-price the quote.When the order is received, issue the Pro Forma invoice in the applicable currency and send to customer. Use the CAS EXPO account.Once we have advice from the bank that payment has been received:The order can be placed with the supplier or;If goods are in stock, the warehouse can be given packing slip for them to pick and pack.  As soon as the goods are in stock and ready for shipping, an invoice needs to be raised in Pronto in NZ Dollars and:Ex-Works  advise customer to arrange collection.F.O.B  call Freight Company and request collection.Raise Commercial Invoice for customs to ship with goods.When asked, our Custom Code is 00327461G.",Q:\Procedures\Sales\704S Export Sales Procedure.docx,"quote, currency, invoice, customer, goods",Details on managing and processing international/export sales orders.
705S Urgent Orders From a Shipment Procedure.docx,"Follow this procedure when urgent orders are required from a shipment that has arrived.Internal Sales team or BDMs are to talk to the Internal Sales Manager about an order which has arrived but is not booked in.Internal Sales Manager will liaise with the Purchasing department for shipment details.Internal Sales Manager will notify the Warehouse Manager of special urgent order. In the Warehouse Managers absence, notify the Operations ManagerPurchasing department will release stock from the backorder.Order Entry will release the order and give the paperwork to the Internal Sales Manager.NOTE: We can pick up the drums from the freight company if required.  Communication between our purchasing department and our freight agent is required for this to happen.",Q:\Procedures\Sales\705S Urgent Orders From a Shipment Procedure.docx,"manager, internal, sales, order, department","Instructions for processing urgent orders tied to incoming shipments, prioritizing dispatch."
706S Putting Orders on Hold in Pronto.docx,Follow these steps if you are holding an order for a customer:Write on the packing slip who put the order on hold and whyGive the order to Order Entry to key into Pronto Ask them to put the order on hold (Status 20)Order Entry will keep the order in the tray and will release once Internal Sales advises.Order Entry to check all orders on hold weekly (Friday afternoon),Q:\Procedures\Sales\706S Putting Orders on Hold in Pronto.docx,"order, hold, entry, follow, status","Explains how to place orders on hold in Pronto for review, stock issues, or customer checks."
707S Goods Return Procedure_goods return - Update.docx,"Request for Return / Credit (non-damaged / faulty goods)All requests for credit will require the original invoice to be printed off and signed by the Project Pricing/Process Manager if different than the GRA Restocking Fees.When the customer phones to request to return goods for credit note down the following information:WholesalerContact name and email addressInvoice, packing slip or purchase order numberItem Code(s)Reason for returnAdvise the customer of the restocking fee as per the GRA Restocking Fees below.Corys Electrical  you must tell them they need to put the restocking fee on their debit note.Generate a GRA and email to the customerEmail a copy of the GRA to Inwards Goods.Indent OrdersAny Indent Items brought in especially for a customer CANNOT be cancelled or credited once ordered. Requests will need to be referred to the Projects & Process Manager or General Manager on form 213A Customer Backorder Cancellation Advice.BuildsCustom builds cannot be returned.GRA Restocking FeesNo Restocking FeeFirstflex errorFaulty product (subject to inspection)Ordered incorrect product but re-ordered within the month.Damaged in transit.Reasonable explanation by customer.Agree to make up stock order to at least the value of credit (TBC) by Marty10% - 15% Restocking FeeReturned within 1 month.Sellable lengths of cable or flexible conduit and accessories.15  20% Restocking FeeReturned within 2 - 4 months.Goods we will NOT accept backShort lengths not at a sellable length (as per discretion of Marty)Indent items.Poor condition of product i.e. dirty, scuffed etc.Items no longer stocked Marty must authorise all GRAs where the restocking fee differs to the above guidelines.Listed below are the various credit scenarios and the steps for each scenario. To ensure the credit is processed as quickly as possible, the relevant process needs to be followed.All credit paperwork needs to be completed before handing to Admin team for processing.Only generate a GRA if goods are being returned. If you generate a GRA and there are no goods being returned, the credit process will be held up.Goods ReturnPrint invoice.Generate a GRA for the goods being returned.Print GRA and staple to the invoice making sure the GRA is in front.Give the GRA to the Inwards Goods Co-ordinator. Charged and Supplied Incorrectly Complete a Firstflex purchase order form to get the incorrect goods returned (see Procedure 718S).Write a new order for the correct goods to be charged and sent to the customer. Generate a GRA for the goods that have been charged incorrectly.Once the incorrect cable has been returned to us, we will credit the customer for the incorrect product that we supplied (the credit will not be processed until the good are returned). Incorrect Goods Supplied (charged correctly)Complete a Firstflex purchase order form to get the incorrect goods returned (see Procedure 718S).Write a new order for the correct goods to be charged and sent to the customer. Generate a GRA for the goods that have been supplied incorrectly.Notify the Warehouse Manager of the goods coming back.The credit will be processed once the goods have been receipted into the warehouse.Admin will liaise with the Warehouse Manager if a stock adjustment needs to be doneCharged and Supplied to the Incorrect Customer/BranchFind out where the goods were sent and ask them to label the goods with our address.Complete a Firstflex purchase order form to get the incorrect goods returned (see Procedure 718S).Write out a new order for the correct goods to be charged and sent to the customer. Generate a GRA for the goods that have been charged incorrectly.The credit will be processed once the goods have been receipted into the warehouse.Short Supplied  Cut CableWrite a purchase order form to get the incorrect goods back (see Procedure 718S).Write out a new order for the correct goods to be charged and sent to the customer. Generate a GRA for the goods that have been supplied incorrectly.Admin will liaise with the Warehouse Manager if a stock adjustment needs to be doneShort Supplied - OtherWrite out a new order for the short supplied goods to be charged and sent to the customer.Print the original invoice, note down what needs to be credited and give to Admin for processing. Price ErrorPrint the invoice.Highlight the lines that have been charged incorrectly.Note down the correct price.Obtain credit approval.Give to Admin team for processing.Charged but not suppliedPrint the invoiceHighlight the line(s) to be credited.Obtain credit approval.Give to Admin team for processing.",Q:\Procedures\Sales\707S Goods Return Procedure_goods return - Update.docx,"goods, gra, credit, customer, order",Updated version of the general goods return procedure — may refine steps or clarify roles.
708S Goods Return Procedure_faulty and damaged goods.docx,"Request for Return of Problem/Faulty Product Policy If it sounds like the product is being used incorrectly for the application the Technical Manager will talk to the end user/installer to determine how the cable is being used and recommend a better solution. If it is a basic product/manufacturing fault, Firstflex will charge and send a replacement immediately. Firstflex will check the replacement prior to sending to make sure this replacement does not have the same fault. A request for supplier credit will be sorted by Purchasing.Firstflex will send the distributor a “Goods Return Authority” so the faulty product can be returned. (No re-stocking fee, subject to inspection)When the faulty product is returned to Firstflex, the product is to be assessed by Product Managers and if found to be faulty, a credit will be given. If the product has been used incorrectly, notify the distributor by phone and in writing to state our findings. Written findings need to be signed off by the relevant manager (Operations Manager / Sitemate Manager / Electrical Product Manager)Faulty Damaged Goods Return Procedure (excludes damaged drums)Follow this procedure when a customer is returning goods because they are damaged or faulty. You will follow one of three processes depending on why the goods are being returned.The Faulty/Damaged Goods Return form will need to be signed off by multiple people throughout the process. When you have completed your steps please hand to the next department or person. When the customer phones to advise us of faulty or damaged goods, note down the following information:Customer and contact detailsInvoice, packing slip or purchase order numberItem CodeDescription of Damage or FaultPrint a Faulty/Damaged Goods Return form (Q:\Master Copies Forms\450 Faulty Damaged Goods Return)Complete the details in the top section.Look for the relevant section (Faulty Goods, Damaged in Transit or Damaged by Other Means) and sign off the steps you are able to as they are completed.Hand a copy of the incomplete Faulty/Damaged Goods Return form to the Operation & Technical Manager.Give the original Faulty/Damaged Goods Return form to the next person to complete.Follow this process until all steps have been signed off and the original is handed to the Operations & Technical Manager.",Q:\Procedures\Sales\708S Goods Return Procedure_faulty and damaged goods.docx,"faulty, damaged, goods, product, return","Procedure for handling returns of faulty or damaged goods, including documentation and approvals."
709S How to Create a GRA in Pronto - Update.docx,"The Goods Return Authority process is to be used for any goods being returned to Firstflex. This includes goods which are faulty, damaged and goods returns where the incorrect product was sent.This does not include credit requests for price discrepancies, incorrect freight charged and goods originally invoiced from Prophet.A GRA can only be generated against what is on the original invoice. If a customer returns goods relating to more than one invoice a separate GRA will need to be raised for each individual invoice.The process is split into 3 steps to be performed by the following people: Creating a GRA  Customer ServicesProcessing Authorised Returns into the Warehouse  Accounts Administrator (with the possibility of Returns and Inwards Goods Coordinator taking over)Converting a GRA into a Credit Note  Accounts AdministratorBefore you start you must have:The customers original invoice numberA Credit Request from the customerSign off from the Sales Manager including the restocking fee to be deducted if it varies from the Goods Return ProcedureThe customers email addressIf the Restocking Fee varies from those on the Goods Return Procedure:Print the invoiceHighlight the goods to be returnedGet Marty to sign off any variations to the restocking fee guidelinesCorys Electrical debit notes:All credits that need to have a restocking fee applied need the following note line on the GRA: “APPLY RESTOCKING FEE TO D/NOTE”Creating a Return Authorisation (GRA) OrderSelect Sales Orders ( Full Order Entry (SO M001).Enter the customer code.In the Type field, enter R.In the Original Invoice No. field, enter the invoice number against which the authorisation is being raised. The details of the customer and the order amount are displayed. A menu is also displayed listing the following options:Produce RMA from part of the original invoice.Produce RMA from the entire original invoice.Enquire on the original invoice.Select the Produce RMA from part of the original invoice option.Highlight the line of goods to be returned. (use arrow keys to navigate up & down)Select the [Edit] mode. In the Action Type field, enter R - Return Item(s) to Stock.Enter the quantity of items to be returned under New Quantity. (Repeat steps 6  8 if more than one item is being returned)After you have completed the changes to the original invoice lines, press N to bring up a note line.Type in the reason for returnEnter (a new note line will automatically come up)On a new Note line enter the restocking fee % to be deducted (if subject to).Corys GRAs only  enter the following note line: APPLY RESTOCKING FEE TO D/NOTEPress Escape to get out of the Notes screen.Once all the information is entered select the [Finish] mode.Confirm? = YesEnter the warehouse the goods are to be returned to. (W1)Enter Serials? N (this will only appear when crediting lot tracked goods)Enter the reason code. (Press F2 to view the return codes)Action Type = (P) Print and Finish to print the GRA. OK.Record the spoolfile number for future reference. OK.OK. (Print the GRA from Trueform or your spoolfile if it does not automatically print)Email or fax a copy of the GRA to the customerStaple the GRA to the original invoice and file the paperwork in Dougs Returns Folders",Q:\Procedures\Sales\709S How to Create a GRA in Pronto - Update.docx,"goods, invoice, gra, enter, original","Guide to creating a Goods Return Authorization (GRA) in Pronto, post-update."
711S Quote Procedure.docx,"Quote Guidelines Requirements for quote authorisation before emailing to customer:                   Band                                          Prepare                                                                Authorise1.Price breaks in ProntoAll BDMs & Quotes DeptAll BDMs & Quotes Dept2.Need to do a deal outside of the Pronto breaks?BDMsJimmy or Marty3.Quotes up to 100k Total ValueUsing Price Breaks  If Over 100K go to Line 5 BDMs & Quotes DeptEN, MT, GL, Quotes Dept4.Quotes up to 200k Using Price Breaks  If Over 200K go to Line 5 BDMs & Quotes DeptSR, TH, DT, Quotes Dept5.200k-500k BDMs - ShaneMarty or Jimmy 6.$500,000 +Marty - ShanePhil D or Paul 7. Indent QuotesMarty - ShanePhil D or Paul Quote Procedure Anything outside of the normal system price, including quantity breaks, must have a Pronto generated quote number.BDMs and Quotes Dept must Cc each other into every quote, no exceptions.Check Pronto to see if we have already priced this product to another wholesaler prior to sending. If we have, ensure the price quoted is the same.Price Break Guidelines must be always ADHERED to, if you are Quoting outside these Parameters then Line 2 above applies.If needed to go under the MMBR this MUST be approved by Marty or Jimmy and lastly Phil If quote is indent/special build, ensure that our quote validity reflects that of the quote from our supplier.If quote is indent/ special build/ high value (500k + ) refer to internal bid process considerations sheet. If customer calls through enquiry               •     Always complete an order / enquiry / quote sheet (form 230 in Master Copies).      On the order form record the following information:Customer (including branch)Name of the person callingQuantity ProductJob start dateJob referenceCompetitors price (if possible). If the customer is asking for a better price, ask the question “Have you got the job or are you trying to increase margin?”If the customer has target pricing or pricing issues, talk to the Marty or Shane.If we dont have stock, look at what alternatives you can offer (try not to say NO).Check Pronto to see if we have already priced this contract to another distributor. If we have, ensure the price quoted is the same.Check availability to see if its ex-stock, indent or if required to source from overseas. Do ex stock and indent pricing if required. Phone the customer an hour after sending the quote to ensure they have received it.Indent /Projects / Pricing / Ordering ProcedureNote: Indent / Custom Cable: Complete Form 231  Complete all information required on formOverseas enquiries for our customers must be done by the Indent Cable Coordinator (backed up by Operations Manager) who will contact the supplier for pricing.Calculate freight cost using the weight and cubic size. Use suppliers pricing for airfreight if applicable.Type up quote (refer to doc 712S), then email it to the customer and copy in BDM so they can follow it up.Phone the customer an hour after sending the quote to ensure they have received it.If we win the quote, complete a Purchasing Info Sheet (form 337 in master copies) and give it to the purchasing dept.",Q:\Procedures\Sales\711S Quote Procedure.docx,"quote, quotes, price, indent, customer","End-to-end quote procedure — likely includes formatting, approval, and issue."
712S How to Create a Quote in Pronto.docx,"Sales Orders ( Full Order Entry Order Date pop up box = todays date. EnterCustomer field: type in the customer code. EnterType field: Q (quote). EnterThe delivery address screen will pop up. EnterQuote Valid Until field: date quote expires. EnterCust Reference field: type in the customer reference. EnterQuote Type field: type in quick code in upper case. B = Build, C = Contract, I = Indent, O = Other, R = Running. Requested by field: type in the customers name. EnterQuoted by field: type in the name of the employee who prepared the quote. EnterClick on Line Items tab or use quick key LYou will now be in the Quotation Entry screenType in the Item Code. EnterType in the Quantity. EnterType in the unit or per metre price. Enter. Enter. Enter.You will now be on the next line. Repeat steps 11  13 until you have entered all items that need to be on the quote.Press N to enter a note line. EnterClick on the magnifying glass next to the Note Text field to bring up the note line optionsClick on the relevant note line. Click Select. Click OKTo add additional note lines, follow step 14. To add prewritten note lines, follow steps 15 & 16. To write your own note line, type directly into the Note Text fieldPress Esc. Press Q to quit. You will now be in the Conclusion for Quote screen.If there are any special instructions, use the relevant option in the Quote Edit box to enter.Press P to Print & FinishCreate Spool File field: Y",Q:\Procedures\Sales\712S How to Create a Quote in Pronto.docx,"enter, field, quote, type, note","Detailed instructions for creating quotes in Pronto, including pricing inputs."
713S Finding a Quote in Pronto - NEEDS TO BE DONE.docx,0,Q:\Procedures\Sales\713S Finding a Quote in Pronto - NEEDS TO BE DONE.docx,nan,Placeholder or reminder that a quote-searching guide in Pronto is pending.
714S Large Project Quote_Order Procedure.docx,"The following steps must be taken when quoting/ordering cables for large projects $50K Plus.Project enquiryGet a definite deadline for when the customer requires the cable on site.  This may require talking to the end user.Request quote from supplierWhen you are requesting a quote for a project consignment from a supplier, always ask for the shortest manufacturing time. If purchasing the cables through Henry Cables, always discuss the project with Henry himself and ask him to quote for a 21day manufacturing time. Ensure you make Henry aware how long the quote is valid for. Quote the customerObtain FX$ rate from Cath for total value of the job Advise the customer of the expected delivery date if being ordered from Henry Cables, based on the manufacturing timeframes below.Manufacturing TimeframeDelivery Timeframe14 days6  8 weeks21 days8  10 weeks30 days10  12 weeksPlace the order when the customer accepts the quoteMake sure the project order is not combined with stock orders as this may increase the delivery time. Be very clear with Henry Cables on our ordering template.Re-iterate in your email when ordering that the order is not to be combined with other orders.Track the progress of the order so you:Can get weekly updates from Henry as he will be in contact with his factories.Know when manufacturing is complete.Know when it is onboard the shipping vessel.Know when it arrives in NZ and will be delivered to Firstflex.Are aware of any manufacturing or transit delays.Can inform the customer immediately of any manufacturing or shipping delays.ShippingMinimize delays in shipping by communicating with our freight providers and highlighting the urgency of the shipment. We can organise a pre-clearance for the consignment which will speed up the delivery by a day or two.  ",Q:\Procedures\Sales\714S Large Project Quote_Order Procedure.docx,"manufacturing, henry, quote, cables, project",Workflow for quoting large projects — includes order entry and pricing layers.
717S Freight Procedures - Update.docx,"Freight charges:Order valueFreight ChargeUnder $150 nett$9.50Over $150 nettFree via standard means (unless otherwise arranged by sales team)Freight charge variations:Orders shipped direct to end user/customer: a freight charge will apply if the cost is more than shipping to the branch who placed the order.Urgent orders will be charged the difference between standard and urgent freight e.g.Urgent freight charge$100.00Less standard freight charge$  30.00Amount charged to customer$  70.00Standard freight methods:WeightDestinationFreight ProviderUnder 25kgsAll regionsNZ CouriersOver 25kgsAuckland MetroTransfreight (must book before 11am)Over 25kgsRest of North IslandMainfreightOver 25kgsSouth IslandOwensUrgent order freight methods:DestinationWeightFreight ProviderAuckland MetroUnder 25kgsSub60Auckland MetroOver 25kgsTransfreight (must book before 10am)Rest of NZAll weightsStuck (Sub60s urgent service)Outside Standard ParametersFor any situations outside of these parameters or if you are unsure, refer to the PPP Manager or Internal Sales Manager. ",Q:\Procedures\Sales\717S Freight Procedures - Update.docx,"freight, urgent, standard, charge, order","General procedures for handling freight bookings, partners, and documentation."
718S Track n Trace _ Late Deliveries Procedure - Update.docx,"If part or all of the order sent from Firstflex has not been delivered on time, the following procedure should take place.Write down the following information: WholesalerContact name and numberPurchase order number Missing itemsCheck the track & trace function on the freight companys website to see if items have been signed for (sometimes the goods have been delivered to the branch and signed for).If the status hasnt changed or the order is still at the depot, complete a track n trace enquiry form (#329 in master copies)Phone the freight company and open a formal enquiry. With NZ Couriers, this can be done online from the Online Track & Trace website, by clicking the “Query Delivery” button and filling in the form.Phone the customer immediately after talking to the freight company and provide updates every 2 hours until the problem is resolved. Constant updates with our customers are necessary to let them know we are following up.  If we are required to send out goods to replace lost goods, see the Internal Sales Manager for further action.If the issue is not solved by the freight companys customer services contact, the Internal Sales Manager will ring the freight company representative and ask him to resolve the problem.File the Track n Trace Enquiry form in the Track and Trace / Late Delivery file.",Q:\Procedures\Sales\718S Track n Trace _ Late Deliveries Procedure - Update.docx,"trace, freight, track, company, goods",Covers tracking and escalation for late deliveries using Track n Trace tools.
719S Booking a Return_ Freight Forward - Update.docx,"When arranging for incorrect goods to come back to us, make sure that the customer has put our address on the package / drum or the courier / truck driver will not pick it up.Once our address is on the package, book a collection for return.If goods are being returned due to a freight company error, call the freight company who delivered the goods.If goods are being returned due to a Firstflex error / issue, call the most appropriate freight company based on the weight and dimensions of the goods being returned.Mainfreight and Owens returns: Account name = FIRSTFLEX CABLESIf the whole consignment is coming back, give them the original con note number (AFO or AFL number) and ask them to return it.If part of a consignment is being returned, or goods too heavy to be returned via NZ Couriers, tell Mainfreight or Owens the size and weight of the item being collected for return. You will need to provide a contact name for the driver to get a hold of when he arrives to collect the goods.NZ Couriers returns: Go Sweet Spot  Internal Sales OnlyLog in to Go Sweet SpotEnter the account code of the wholesaler in to the “Sender Name” fieldThe Wholesaler address details will automatically be filledSelect the package size and quantityUse our GRA number as the Delivery Reference, e.g.: “GRA12345”Click “Calculate Freight” Click the “Go” button, and select Print  Save a copy of the Courier Label, and forward this on to the customer, along with the GRAOnce the customer has confirmed that they have labelled the freight, go in to the “Tracking and History” section, and select “Search”Click the magnifying glass on your freight booking and select “Book Pickup Link”Tick the box to say that the item is ready, and click “Book Pickup Now”",Q:\Procedures\Sales\719S Booking a Return_ Freight Forward - Update.docx,"goods, freight, returned, click, book",Steps for booking product returns via freight forwarders — recently revised.
720S Sub60 Procedure - Update.docx,"Account InformationCustomer Account Code:ELTRADECustomer Service Number:09 526 3670Option 1:  BookingsOption 2:  Customer ServiceOption 3:  Air linkOption 4:  SalesOption 5:  AccountsInternet AccessUsername:ELTRADEPassword:ELTRADEEscalation ProcedureIf the matter is serious and requites further escalation, contact the account managerName:Keegan JeyesMobile:027 229 1930Office:09 526 3670 ext. 9245Email:Keegan.Jeyes@messenger.co.nzInternet BookingGo onto the Sub60 website:www.sub60.comClick on LOGIN in the top right cornerType in the username and passwordClick LOG INClick on the Book Sub60 iconComplete all fieldsIf sending hazardous goods, tick the Dangerous Goods boxCheck all details are correct. Click on Book NowYou will be allocated a job number, the estimated time of delivery and cost of the job.Write the job number on a SUB60 sticker or on the item and place at the collection point for the courier to collectPrice a Booking (quote)Click on the Price Booking iconType in the Pick up from addressType in the Drop off to addressSelect the Service typeSelect the vehicleEnter the number of parcels in the Quantity boxEnter the total weight in the Weight boxThe quote amount will be displayedTrack & TraceClick on the Track & Trace iconClick Search all jobsSearch Criteria field says Tracking no.Type the Job Number into the Search for boxClick SearchBe sure to fill out a Local Purchase Order form (200)",Q:\Procedures\Sales\720S Sub60 Procedure - Update.docx,"number, job, sub60, account, search",Procedure for handling Sub60 urgent delivery services and tracking updates.
722S Backorder Procedure - Update.docx,"Items on Back OrderInternal Sales will inform customers when the item/items will be delivered to them.  Internal Sales will complete all of the information on 232 Backorder Form, save a copy as a PDF in “Backorder Originals” under the original Purchase Order number. If a Backorder has several items arriving on different shipments, it needs to be split and put on different Backorder Sheets. Email a copy of the Backorder form to the Purchasing department.Once purchasing has entered the Backorder they will print out and staple to all other relevant documents and file with the shipment due date. A Backorder Advice will be automatically generated and sent to the customer via email. If a shipment is delayed, a second backorder advice will be automatically generated from the shipment number and emailed to the customer.Once the shipment has arrived and goods have been booked in, Purchasing will give the backorders to Order Entry and the order will be processed.SPECIAL INSTRUCTION / INDENT ORDERSIf the back order is a special request (special length, colour, air or sea freight), indent item or stock item not on order, form 337 Purchasing Info Sheet needs to be completed and given to the Purchasing Team so they can get the order underway. This needs to happen BEFORE it goes on BACKORDER.Back Order CancellationsIf a customer wishes to cancel a backorder, form 213A Customer Backorder Cancellation Advice must be completed, and signed off by the Sales Manager and Internal Sales Manager and a copy given to purchasing.Supplier Rules for Indent Orders/Back OrdersIf you require special or urgent freight, see the Pricing & Projects Manager in the first instance. Try not to say no. Always check Pronto to see if stock is on order. Check with the Purchasing team if there are any issues.SUPPLIERSTANDARD (no stock on order)SPECIAL REQUESTSUPER SPECIAL REQUESTHenry Cables30 days manufacturing and 30 days sea freight total = 61 days approx.The standard duration to receive the order is 10-12 weeks from time or order.Always ask the customer what date they require the goods by. Sea freight: 21 days manufacturing, 30 days sea freight, total = 51 days approx.Air freight:21 days manufacturing, 7-10 days air freight, total = 28  31 days approx.Obtain freighting prices from Purchasing prior to order.Sea freight:14 days manufacturing, 30 days sea freight, total = 44 days approx.Air freight:14 days manufacturing, 7-10 days air freight, total = 21  24 days approx.Obtain freighting prices from Purchasing prior to order.CMISeafreight: 14  21 days from confirmation.Airfreight: 5  7 days from confirmation of order.Note: double check quote to make sure cable is ex stockNote: double check quote to make sure cable is ex stockNote: double check quote to make sure cable is ex stockTKD60 days from time of orderNOTE: double check quote to make sure cable is ex stock.10  14 days air freight.Obtain freighting prices from Purchasing prior to order.",Q:\Procedures\Sales\722S Backorder Procedure - Update.docx,"days, order, freight, backorder, purchasing",Updated method for managing all types of backorders in the order system.
723S Finding a Backorder in Pronto.docx,"How to find a backorder using the customers purchase order number.Select Sales Orders ( Enquire on Sales Orders ( Enquiry by Specifying Parameters.Tab to Cust PO field and type in the customers PO numberEnter through all fields until the Sales Order Enquiry screen appears. All backorders will be displayed.Highlight the line and click on Lines option or quick key LHow to find a backorder using the item code.Select Inventory ( Inventory Enquiry Console.Type in the item code and press EnterClick on the arrow next to the Current Commitments field. The Commitments pop-up box will appear.To view the order, click on the Details tab",Q:\Procedures\Sales\723S Finding a Backorder in Pronto.docx,"order, sales, enquiry, backorder, code",Instructions for locating existing backorders within the Pronto system.
724S Backorders from an EDI Order.docx,"BACKORDERS FROM AN EDI ORDER  ***NEEDS TO BE UNPDATED***When an order is received through EDI and flagged “insufficient stock” (see example below) review the lines in Order Edit/Maintenance to find which item is short. Print the order from the JA Russell webportal or V-EDI and advise the customer. Ask them if they want it put on backorder or offer a suitable alternative. If there are multiple lines on the order and the customer wants to put the item on backorder, cancel this line using “R” when in the Order Edit/Maintenance screen and process the balance of the order as normal.Process the rest of the order as normal if it has multiple lines. If the order was just for that one item, cancel the order.The item will be treated under the normal backorder process (Document 722S). A new sales order will be created in Pronto using the same purchase order number.",Q:\Procedures\Sales\724S Backorders from an EDI Order.docx,"order, item, backorder, edi, process",Explains how to process and monitor backorders originating from EDI transactions.
725S Third Party Logistics Warehouse Orders Procedure.docx,"When an order has items that are not currently in our Warehouse, you need to advise the customer that the stock is held in a 3PL warehouse. Ask the customer: How urgent is the orderIf the original order is a collect, is this item going to be collected when received into Firstflex and ready? Or Will this be sent via truck / courier?If the order has multiple lines, ask the customer: Do you want the whole order sent together? OrDo you want the goods ex stock at Firstflex sent ASAP and the items from 3PL to follow separately? If the customer would like the order split (items ex stock sent, then followed by 3PL stock):Take a copy of the order or hand write an order using form 230 Order Enquiry form. Process the remaining items following the Internal Sales procedure. Once the customer has been advised, treat this as a backorder. You are required to provide the following information and make sure this is written on the Purchase order before handing on (to who?)What stock is currently at 3PLLN number of the drum(s) required Quantity that is on the drum Pallet number the drum is located on ",Q:\Procedures\Sales\725S Third Party Logistics Warehouse Orders Procedure.docx,"order, customer, stock, items, sent",Covers how to manage warehouse orders fulfilled via third-party logistics providers.
726S Tristar - Entering Order Procedure.docx,"Select Sales Orders ( Full Order Entry Enter (Past todays date)Put in Customer Code Enter twicePut in Customer PO / Order Number Note: Sometimes a “duplicate customer reference” warning comes up. This is mostly because the sales order has been split to send the items we do have. Double check you are not doubling up before pressing ok past warning. Enter twiceCheck the address is the same Enter 11 Times to the Quote number (if needed). Enter the quote number and press enterPress LinesPut in the code for the itemEnter across, put in the quantity Note 1: Stock warning may come up, press okay and enter past itNote 2: If “Shipped Backorder Quantity” comes up, change the shipped quantity to 0 and change the B/O quantity to the amount you are needing to bring in Enter across to the price  If needed, enter the quoted price on the purchase order. Enter to the end until you are at the next line. Note: If you have entered in a product that needs a lot number and there is stock in the system, it may ask you to allocate stock. Just press ExitType N and Press enterType “Coming from Tristar” and press enter If product is cable and needs to be on drum lengths, Enter those using the above steps and press enterPress C and press enter Put in the number that corresponds to the type of freight written on the sales orderEnter until the lines come up again and press EscCheck the line are all correct, then press QuitWrite the Picking Slip number on the customers purchase order Change the status to On Hold, press enterEnter WB (Warehouse Bulk) Select FinishPrinting the Picking Slip Select Sales Orders ( Sales order EditSelect Find and enter in your Picking Slip Number Change the status to 30 and enter all the way through. This will print your picking slip Go back in to your status and change this back to 30  Enter twice, Enter “N” Note: This should now have your order set at “Ready for Picking” Check all your details on the Picking Slip are correct  You will need to hand write on the Picking Slip the quantity you are wanting Attached this to the original Order that you have been givenHand on to the Stock controller in charge of ordering this stock to come in to Firstflex.",Q:\Procedures\Sales\726S Tristar - Entering Order Procedure.docx,"enter, press, order, picking, number",Step-by-step process for entering orders into the Tristar system.
728S Buddy System Procedure.docx,"MartyBack-upFredDanBack-upChrisBruceBack-upLippy (or Richard C for Sitemate enquiries)TimBack-upGregMorganBack-upFred Richard MBack-upShaneSpencer Back-upShaneElderBack-upAliFredBack-up GregGregBack-upFredShane             Back-upGregAliBack-upShaneIf your back up is absent use their back upIf the person is away, their back up will need to check their emails. Reps are supplied with a work phone which receive emails. If an urgent email/inquiry comes through, ring your back up or forward the email/inquiry and ask them to sort it out.For email replies from suppliers, it is important that we pass onto the covering person (back up)Remember: Ask for help from one of the team if you get swamped.Good Communication is as stimulating as black coffee, and just as hard/",Q:\Procedures\Sales\728S Buddy System Procedure.docx,"email, richard, emails, inquiry, person",Outlines mentorship or training responsibilities under the buddy system.
730S Invoicing Procedure.docx,"Invoices Part 1.This is done on the day at 4:30pm  4:45pmGo into JasperClick on ReportsClick onto PRONTO stdClick onto Sales OrdersClick onto Firstflex Sales Order Status ReportStart Date = Beginning of the 6 Months BackFinish Date = Forward  6 Months OnFrom Status Code = Ready to Print InvoicesTo Status Code = Ready to Print InvoicesClick onto APPLY (Bottom Left) `Click onto EXPORT (Top Right) as a PDFSave in to your Sales Report folder as a PDF.Invoices Part 2A.(Got to do this before Part 2 if needed)To place an order that has been processed to Status 70 on “NI” Hold, follow the below instructions:Click the folder “Sales Orders.”Click the folder “User Sales Order Programs.”Click “Review Sales Orders for Invoice Printing” Find the order that you need to put on HOLD. They should be in numerical order, otherwise you can sort them by order of Status.Make sure the order in question is highlighted.Click “Hold Order” the 3rd button from the left.If needing to change the pricing, click “Sales Order”, “Lines”, then “Price_Disc”  From here you can enter the correct pricing.To go back to the “Review Sales Orders for Invoice Printing” screen, hit the “Esc” key.Once the order is OK to be invoiced, click “Release Order” the 4th button from the left.The invoices can now be processed as per normal.Invoices Part 2.Before starting this process, this is the last chance to put Orders on HOLD and make changes.1.Click onto Folder Marked Sales Order (On Left Side)2.Click onto Folder Marked User Sales Order Program3.Click onto (blue/red arrow) Review Sales Orders for Inv Printing4.ENTER5.Start Delivery Date (should always be 01/Previous Month/Year)6.ENTER7.Finish Delivery Date (Working Day we are on)8.Click Print Invoices (bottom right)9.New Small Screen will pop up10.Click Finished OK11.Click OK12.Click F513.Then Click onto Other (on bottom right)14.Select  #Sendemail# Printer15.ENTER16.Report Manager (ALWAYS CLICK NO)17.        COMPLETEDInvoices Part 3.1.After Printing Invoices2.Click onto Sales Orders (on Left Side)3.Go to Sales Order Update4.Then go to Update Customer & General Ledger5.Click on ALL (Second one down) then click on OK6.ENTER7.ENTER8.ENTER9.Click on Yes and wait till this process is done10.Click OK11.Click YES12.Close X13.Then wait till the process is done14.Click on Favorites (3rd one down) on Left Side15.Click on Rebuild Data warehouse16.This takes a couple of minutes to ProcessThen everything is Updated.",Q:\Procedures\Sales\730S Invoicing Procedure.docx,"click, order, sales, left, orders","End-to-end process for creating, verifying, and sending customer invoices."
731S Pronto GP Procedure - Quotes.docx,Sales Orders / Enquire on Sales Order / Full Order Entry Find (quick key = F)Type in the Quote no. Enter. EnterSelect Quote GP Data (quick key = Q). The Quote GP Data screen will appear.Click on the green Export tabClick on the flashing Excel Icon at the bottom of the page to open the spreadsheet showing figures and product codes.Highlight all of the data. Copy. Do not include the headings.Open the Quote Calculation spreadsheet (Q: Drive / AA General Info / Quote Calculation)Click in the cell under the Product heading (cell A13). Paste the data.This will now show the calculated GP%,Q:\Procedures\Sales\731S Pronto GP Procedure - Quotes.docx,"quote, data, sales, open, product",Explains how to use Pronto GP for generating and managing quotes.
732S Error Recording Procedure.docx,"The error incentive coincides with the Firstflex Error Action Report (Doc. 371 Error Report)For every error form there can be more than 1 error. If the order was charged correctly but sent incorrectly, that could be up to 3 errors; picking, cutting and packing error. If you are unsure check with the Operations Manager All copies of all errors get given to the Warehouse Manager to sign off. Listed below are the different things that will all be counted as an error.Charging incorrect customer or branchCharging incorrect product (incl. colour) or quantity Sending products to the wrong customer or branchSending incorrect product (incl. colour) or quantity To write up the error refer to Firstflex Error Incentive Procedure” Document code: 808WCORRECTING THE ERRORSCharged and Supplied Incorrectly Write a purchase order form to get the incorrect goods back (see Procedure 718S).Write out a new order for the correct goods to be charged and sent to the customer. Generate a GRA for the goods that have been charged incorrectly.Once the incorrect cable has been returned to us, we will credit the customer for the incorrect product that we supplied. (Credit will not be done until the good are returned) Incorrect Goods Supplied (charged correctly)Write a purchase order form to get the incorrect goods back (see Procedure 718S).Write out a new order for the correct goods to be charged and sent to the customer. Generate a GRA for the goods that have been supplied incorrectly.Notify the Inwards team of the goods being returned.The credit will be processed once the goods have been receipted into the warehouse.Admin will liaise with the Inventory Controller if a stock adjustment needs to be doneCharged and Supplied to the Incorrect Customer/BranchFind out where the goods were sent and ask then to label the goods with our address.Write a purchase order form to get the incorrect goods back (see Procedure 718S).Write out a new order for the correct goods to be charged and sent to the customer. Generate a GRA for the goods that have been charged incorrectly.The credit will be processed once the goods have been receipted into the warehouse.Short Supplied  Cut CableWrite a purchase order form to get the incorrect goods back (see Procedure 718S).Write out a new order for the correct goods to be charged and sent to the customer. Generate a GRA for the goods that have been supplied incorrectly.Admin will liaise with the Inventory Controller if a stock adjustment needs to be doneShort Supplied - OtherWrite out a new order for the short supplied goods to be charged and sent to the customer.Print the original invoice, note down what needs to be credited and give to Admin so the credit can be processed. ",Q:\Procedures\Sales\732S Error Recording Procedure.docx,"goods, incorrect, order, error, supplied",Describes how to document operational or data entry errors for review or training.
733S Stock Adjustment Procedure.docx,"Stock AdjustmentsPrint a Stock Adjustment Form(Q: Drive / Master Copies Forms / 364 Stock Adjustment Form)Complete all sections and obtain a reference number from the Inventory Controller.Get sign off from the relevant staff member:Adjustment ValueAuthoriserUnder $250Inventory Controller$250 - $1000PPP ManagerAbove $1000General ManagerGive the form to the Inventory Controller to enter into Pronto.Before starting, a Stock Adjustment Form (364) must be completed and needs to include a reference number. Please get a reference number from the Inventory Controller. The reference number must be entered when doing the stock adjustment.Reason Code: STK TAKE Stocktake Adjustments is only for stock adjustments relating to the annual Stocktake. See Cath or Marty if other reason codes need to be added.Inventory ( Inventory Transactions ( Issue/Adjust Inventory Direct ( Adjust Item LevelsEnter OK to message pop up (Transaction Entry  Transaction Date) Enter OK to message pop up (G/L will be 2 or more periods into the future)Enter the Item Code. Tab to Reference field and enter the Reference Number.Tab to the Reason field and enter the correct reason (click on the magnifying glass to bring up list). Tab to the Adjust Qty field and enter quantity to be adjusted (if adjusting out, put a minus in front of the quantity)",Q:\Procedures\Sales\733S Stock Adjustment Procedure.docx,"stock, enter, inventory, reference, adjustment",Instructions for making quantity or value adjustments to inventory stock levels.
734S Internally Reserved Procedure - NEEDS UPDATING.docx,Internally reserved procedure using reference number.Select Inventory ( Inventory Transactions ( Quality Inventory Menu ( QA Release Held ItemsNeed step by step instructions,Q:\Procedures\Sales\734S Internally Reserved Procedure - NEEDS UPDATING.docx,"inventory, step, internally, reserved, procedure",Procedure for handling internally reserved stock — flagged for needing updates.
750S Reps Sales Procedures.docx,"Phone Your phone is an important tool in your day; please use it wisely to communicate with customers and the team at Firstflex.  When answering your mobile phone say “………… speaking” When in the office say “Welcome to Firstflex_________speaking”. Wholesale Calls Make an appointment if necessaryIntroduce yourself when you enter their branch, making sure you meet everyone and take note of names in CRM. Addressing staff by name is helpful in building rapport for future visits.   Establish with the branch manager how he prefers supplier reps to conduct business when in their branch  some managers have different protocols. Tailor your visit to each branch.When in branch:Update catalogue.Check stocks and fill in suggested re-order form.Update staff on new products and promotions.Regularly provide manager update on branch sales and stock analysis to suggest new lines of product based on sales.Offer to train staff on Flex  E  Learn.Follow up quotes and discuss projects.Offer dual end user calls with reps.Add value to the call  dont waste their time.Take note of their customer in the branch  introduce yourself.After call:Fill in call report in CRMFollow up on anything that is a result of the visitRequest for Return/Credit All requests for credit MUST have a GRA raised in Pronto by our Internal Sales team before goods can be returned.Request for Return of Problem/Faulty Product PolicyIf it sounds like wrong cable being used for application, the Sales Manager or Technical Product Manager will to talk to end user/installer to determine how cable is being used and recommend a better solution.  We will phone the distributor to inform them. If it is a basic product/manufacturing fault, Firstflex will send and charge a replacement immediately. Firstflex will check the replacement prior to sending to make sure this replacement does not have the same fault.Firstflex will send the distributor a “Goods Return Authority” so the faulty product can be returned.When the faulty product is returned to Firstflex the product is to be assessed by Sales Manager or Technical Product Manager and if found to be faulty, a credit will be processed. If the product has been used incorrectly, contact the distributor by phone and in writing and state our findings.Request for Quote/Special Pricing By DistributorCall back to Sales office and request a quote.  The internal sales staff will advise you of the pricing/delivery and quote number (quote can be faxed or emailed if required). End User Pricing End user pricing needs to be established by the Sales Manager or PPP Manager.  This is a sensitive area so we have to do our homework.ExpensesType of ExpenseMaximum AmountPhone Calls$0.00 All phone calls to be approved (use your mobile - keep private calls brief.)Customer Shouts$250.00 incl. GST per month.  Additional shouts must be approved in writing by SM or GM.Competitor Stock Swap-OutCellphone / TabletAny charges incurred over and above your plan are to be repaid unless prior arrangements have been made, or there were unforeseen circumstances.Company VehicleAs per the Company Vehicle Policy and Agreement (document 315HR)Fuel CardAs per the Company Fuel Card Policy and Agreement (document 315HR)TravelAs per the Travel Booking Procedure (document 754S)",Q:\Procedures\Sales\750S Reps Sales Procedures.docx,"product, sales, manager, branch, phone",Sales workflow and best practices guide for on-the-road or in-office sales reps.
751S Opening New Customer Accounts.docx,"New customer account opening requirements and approvals:1. Complete Credit Application Form (Document 342) and New Customer Details Form (Document 344)2. Credit checks will be done after the application form has been completed. The Admin Manager will complete the reference checks before the application can be signed off by a director.Referee questions:     No. of years account has been used     Size of account:Large = $10.000+Medium+ $5000.00Small = less than $1000.00 per month.     Payment method:direct credit or cheque     Payment frequency:e.g. 20th month following, 60days, 90days etc.New accounts will go on credit watch for 4 consecutive payments.A credit limit will be set on all new accounts.Company exposure to total debt to be considered at all times.The account will go on stop credit if payment is not received in 60 days and no advice is received and accepted by the company as to the reason for non-paymentReasons for non-payment should be proactively pursued and any credits or solutions to the issue promptly attended to. Account will be closed on payment of debt after three consecutive requests for payment are ignored or account exceeds 120 days whichever is greater.Cash sales are not to be despatched or collected unless payment is made prior.(Exceptions to this require management approval.)It is not company policy to open accounts which will be infrequently used or less than $500.00 per month average.Approvals for NEW customer accounts are the responsibility of the Sales Manager and a Director.   Balanced considerations and protocol for account to be opened are as follows:-Monetary value of account (will they add value to the company) Type of distributor (Reseller, stockist, other)Impact on existing distributors.The target customer of this new distributor.Ensure new customer details are entered into computer and appropriate sales matrix is set up, despatch labels printed and despatch and internal sales personnel advised of this new distributor.New distributor is provided with pertinent catalogues, price lists and other relevant sales aids.Company representative responsible for the area concerned is informed of this new distributor and followed up as appropriate.Office Manager advised details of this new account and any extra discounts, restrictions or other pertinent details advised.",Q:\Procedures\Sales\751S Opening New Customer Accounts.docx,"new, account, payment, credit, sales",Step-by-step process for creating new customer accounts in the system.
752S After Hours Call Out Procedure.docx,"The call out fee is $120.00 plus GST per staff member required to safely perform the job for the first hour.  Then $120.00 plus GST per hour after that or part thereof. This will need to be charged out on packing slip.The staff members with keys who can attend providing it is practical for them to do so:Martin027 228 0153Richard M027 450 0815Dan 027 510 0113Frank 021 116 2171These key holders can be assisted by any other available staff member when required.After disabling the alarm, enter the office CECOM ALARMS may phone the office and ask for your password). Complete an order/enquiry form. It is the person who was called out that is responsible to invoice the orders on Monday.Either manually check lot number for cable or search in Pronto for lot number which must be entered on order/enquiry form.Locate drum/s in the warehouse to be cut, place on winder, run cable as required.  The warehouse roller door key will be found in right hand draw on Franks desk.Fork Hoists are ONLY to be driven by licensed fork hoist driversFill out the customer collects sheet and have the customer sign for the goods.Mark drum down and put excess cable away.Close the roller door and turn off machines, lights and fork hoist. Return keys to Franks draw.Set the alarm, exit the building via reception and lock the door. Lock the gate when you leave the premises.The employee(s) who attend will receive the call out fee of $120.00 gross in the next scheduled pay.  Please get the General Manger or Project Pricing/Process Manager to sign this packing slip off and forward to the Administration Manager for payment.Note  If all of the 4 above are unable to attend, then we are able to contact Phil or Lance.",Q:\Procedures\Sales\752S After Hours Call Out Procedure.docx,"door, staff, fork, required, 120",Covers protocol for staff responding to urgent calls after standard hours.
753S Industrial Stock Profile Procedure.docx,"The purpose of the Industrial Stock Profile (ISP) is to get stock onto the customers shelf. The ISP and its contents is only a guide as to what we deem as our Industrial cables that would be a good industrial stock profile in any electrical wholesaler. You can customize the offer as you see fit, or if there is a demand for other products. Analyze sales for the branch and identify what products they regularly buy but dont actually stock. Present your findings to the decision makers at the branch. This process will show that you are adding value to their business and builds higher levels or trust and skill.Identify which branch you want to do the ISP for.Print a manual page ISP Pronto / Jasper reporting / Login / Reports / Firstflex / Invoiced Sales / Industrial Stock Profile/ Enter Territory / Enter Branch / Apply / Export PDF / PrintDo a manual stock inventory at the branch or get a printout from them of what Firstflex stocks they carry.Enter the ISP into Insightly. Generate Stock Group Sales Comparison  (Cust Grp Comparison) ReportLog in to YellowfinBrowse / Firstflex Reports / Non-Dashboard Sales Click on Marketing Group Sales Comparison (cust group comparison) FFL vs ERXIn the Report Period field, enter the start and end dates you would like for the report. Choose Marketing Group-Customer Sales Comparison-Choose Customer Group of your choiceChoose CustomerFrom here you can see and analyze overall sales for the timeframes you have chosen you can also drill down from overall series data to specific products within that seriesFrom here you will be able to compare what the branch actually stocks with the actual sales in the chosen period, look for patterns of regular sales of the same productsTo export this data into a excel spreadsheet press the arrow up icon-Export to XLSX-Export-Open-Enable Editing-Delete columns that are not needed or is sensitive information that is NOT to be given to customers e.g. column GP%. Normally the columns that arent needed are D to J and M (these columns can change so please be aware)Dress the spreadsheet to your liking by adding company logos, borders, titles, color, highlighting etc.Create a quote with the findings from the analysis.Book an appointment with the decision makers in the branch to present your findings.",Q:\Procedures\Sales\753S Industrial Stock Profile Procedure.docx,"sales, stock, branch, comparison, isp",Describes how to maintain and review stock profiles specific to industrial customers.
754S Travel Procedure.docx,"EMPLOYEE TRAVEL ON COMPANY BUSINESSAll company related expenses must be clearly justified for business related purposes and the employees choice of travel provider should take into account: cost, efficiency of route and use of preferred supplierAll travel must have the prior approval of the Managing Director.Employees are free to join personal frequent flyer programmes, however, any costs associated with joining such programmes must be met by the employee.Employees are to fly economy class for all domestic and international travel. In some circumstances business class travel may be approved by the Managing Director.Where possible, no more than two senior managers of the company should travel on the same flight.The company will reimburse reasonable expenses incurred during company travel provided sufficient supporting documentation is provided. Accommodation and food costs should be restricted to mid-range establishments.Travel insurance is provided for employees on authorised company business outside their usual country of residence.Questions in respect of employee travel should be directed to the Managing Director.Expenses:All items purchased on a company credit card will require an itemised invoice/receipt and approval.All receipts must be sent to admin via the “smart receipts app. All expenses must be approved by an appropriate departmental manager and forwarded to accounts with relevant documentation and receipts attached.Reimbursement will be via direct credit, upon submission of a Pay Reimbursement Form, with relevant approval.Employees are entitled to claim for relevant business related calls made from their home telephone or personal mobile phone supported by relevant documentation.Questions in respect to expenses should be directed to the Managing Director.Travel GuidelinesOvernight travel requires a “Travel Request Form” to be completed at least 6 weeks in advance of planned trips (Q: Drive \ Master Copies Forms \ Reps Forms \ 277 Travel Request Form).Corporate Traveller will book the airport parking but they need to know which car park to book (usually Carpark M or Carpark O).As the car parks are always changing you need to check carparks from time to time at https://www.aucklandairport.co.nz/airport-parking/book-a-car-park. The average car park cost should be around $70- $80, any more please see the Marketing Assistant or Sales Manager.The Sales Manager must authorise any changes to the original booking before changing the booking. Contact Corporate Traveller to make changes.All expense receipts must be submitted to the Sales Manager on your return.If you want to extend your trip for personal reasons, you must obtain permission from the Sales Manager before booking. Any personal expenses charged to the company will be deducted from your next pay.Travel and Sales Expenses Maximums per PersonAny travel expenses over the maximums below must be approved by the Sales Manager and/or General ManagerType of ExpenseMaximum AmountAccommodation $170.00 incl. GST per nightAirfares $450.00 incl. GST per North Island trip$750.00 incl. GST per South Island tripRental Car$100.00 incl. GST per day of hire plus $50.00 incl. GST for one-way fees.Airport ParkingMeals and Drinks (for yourself)$95.00 incl. GST per night away (above this to be paid for by yourself).E.g. Allowance for 4 days/3 nights for Food and Drink is $285.00Outside Standard Parameters For any situations that are outside of these parameters or if you are unsure, refer to the Sales Manager or General Manager. Any changes that you wish to make must be done through Administration Support Only Booking Travel with FlightsGo to https://booking.savi.travel/Login.aspx and log in.Top right hand corner click + New Booking Type/Select your name - Apply Click to highlight Fly & Drive (accommodation is booked via email as Corporate Traveller charge us more to book and hold accommodation charges. Select your flight destination, dates and times - times will come up in the next partDouble check your rental car has been added (sometimes this drops off and you have to add it in with the +)If you are not returning the car to the pick-up location click edit, change drop off location - ApplyClick Continue to Itinerary Select your flight  double check time and fare type e.g. Seat & bag, Flexi etc.OkSelect Rental Car  Budget Full Size (if this isnt available choose the next similar)OkSelect Return Flight - Double check time and fare type (seat or seat + bag).OkClick Express CheckoutDouble check all flights, rental car dates and times. Amend if needed.Under Special Requests and Additional Information click Booking DetailsFree Format field - type your initials, trip short code, month and year e.g. RM NPE JAN 20Airport Parking field - select Auckland Notes for travel agency field - type Car Park M Please SaveUnder Corporate Compliance click Submit Reasons Flight  Seat or Seat plus Bag fare required, SubmitRental Car  Policy / Preferred car booked, SubmitTick I Understand and Accept All Rules and ConditionsBookBook your accommodation via email - see accommodation list on the next page.NORTH ISLANDLOCATIONACCOMMODATIONPHONEEMAILRATE P/NCOMMENTSNapierPebble Beach Motel06 835 7496pebblebeach@xtra.co.nz$155.00Gary / PetePalmerston NorthAubyn Court Spa06 354 5757info@aubyncourt.co.nz$145.00Leigh & MaryRotoruaRegal Palms0800 743 000experience@regalpalms.co.nz$155.00CaroleTaurangaTauranga on the Waterfront07 578 7079stay@thetauranga.co.nz$170.00NikkiWanganuiAotea Motor Lodge06 345 0303info@aoteamotorlodge.co.nz$159.00Maree & DaveWellingtonAva Lodge0800 282 563info@avalodge.co.nz$155.00Alison & GeoffWhakataneTuscany Villas07 308 2244stay@tuscanyvillas.co.nz$155.00MelissaWhangareiFlames International Hotel0800 132 610Book Online$150.00SOUTH ISLANDBlenheimLugano Motor Lodge0800 584 266stay@lugano.co.nz$150.00Judy & RogerCromwellHarvest The Gate0800 104 451stay@thegate.nz$165.00DunedinMotel on York0800 006 666info@motelonyork.co.nz$148.00Lindsay & KateGreymouthGables Motor Lodge03 768 9991Book online$139.00InvercargillSurrey Court0800 188 333info@surreycourt.co.nz$120.00LeeNelsonPalms Motel03 546 7770stay@palmsnelson.co.nz$150.00Robyn",Q:\Procedures\Sales\754S Travel Procedure.docx,"travel, car, manager, company, expenses","Outlines staff travel approval, booking, and reimbursement procedures."
755S Competitor Stock Out Procedure.docx,"Swap-Out Stock packageThis customer incentive is only to be used for switching out the oppositions stock or other special circumstances as signed off by the Sales Manager.The Sales Manager must approve the swap stock out before the reward is ordered.OptionValue of stock swapped outGift / Reward / Incentive1Over $7.5kDrink fridge worth $1,200.002$5k - $7.5kBBQ worth $900.003$4k = $4,999.00Pie warmer worth $470.00The values are quite low to the ratio of the gift but it has to be compelling and attractive enough for the wholesaler to bite.These options will allow the gift to keep giving by sponsoring some beers/softdrinks, Mad Butcher voucher and pies for pie day every 2  3 months. This would mean between $100 - $200 per branch, we could use the reps monthly $200 allocation for this. Further to this reps have a $300 allocation per month they can use for customers that have swapped out stock and have taken up one of our offers.Obviously by doing this it will eat away profit initially but it will generate sales that were going elsewhere anyway. Long term it will mean repeat sales where we can gain back lost ground.The main target is Tycab but we are also targeting other competitors.Targeted wholesalers are Active, Advance, Telfers and Scotts Targeted cables are Solar, Garden lighting, Conduit wire, Control, Instrumentation, Flexs, Circs, SDI, CW and Appliance wire.If the Swap out stock order doesnt reach value, they can top up with new stock from our range.Maybe exclude HD and ML as we would get that anyway./ / /",Q:\Procedures\Sales\755S Competitor Stock Out Procedure.docx,"stock, sales, swap, 200, worth","Procedure for reporting competitor stock shortages, possibly for sales strategy."
756S Yellowfin report for individual wholesaler.docx,Log into YellowfinBrowseFirstflex reportsNon dashboard salesMarketing group sales comparison (customer group comparison) FFL vs ERXEnter date ranges press GOChoose marketing group e.g. ActiveSelect drill to reportCustomer sales comparison OR Stock group comparisonChoose customer e.g. Active East TamakiYou can either export to Excel now or drill down seriesWhen exporting and preparing report for customer TAKE OUT GP AND MARGINS,Q:\Procedures\Sales\756S Yellowfin report for individual wholesaler.docx,"group, comparison, customer, drill, sales",Covers how to extract sales data by individual wholesaler via Yellowfin reports.
757S Yellowfin report for sales in territory.docx,"Log into yellowfinBrowseFirstflex reportsRep masterMaster rep report customer territory drill throughEnter date range and press GOChoose territory e.g. NorthlandChoose either Customer drill through or Stock Group drill throughExport to excel if you need a copyPLEASE NOTE: Internal sales report only, (NOT for customers)There a numerous variations of the rep master reports",Q:\Procedures\Sales\757S Yellowfin report for sales in territory.docx,"drill, rep, report, customer, territory",Instructions for generating sales territory reports using Yellowfin analytics.
758S BDM Notebooks.docx,"Security: Notebooks to be kept out of sight when locked in vehiclesTimeout locks on devices for security if device is lost or stolen or left at a customerBDMs will only use restricted pronto login while on the road (restricted access will NOT show costs or GPBDMs understand that “IT” will be able to see records of the logins that are being usedBDMs will NOT have access to yellowfin on their devices while on the roadGeneral:BDMs will have the capability to do their own quotes while on the road, if the quote is over 5 lines please use your buddy systemBDMs must cc Fred and Marty into every quote they doBDMs will have the capability to use the quote procedure while on the road please see Doc code 711S under master copies forms-Quality procedures manual-sales procedures-711S",Q:\Procedures\Sales\758S BDM Notebooks.docx,"use, quote, road, 711s, access",Guide or template for field sales reps using company-issued BDM notebooks.
759S SET UP High Importance Orders.docx,"BDMs, Jimmy and Marty to identify a customer that needs to be put on “High Importance Order” list. Jimmy/Marty to authorize this.Cath to change priority field on customer in Pronto to 1 and change back to 5 when advised by Jimmy/MartyMarty to check on customer orders that were in the system prior to status 1 change and amend to status 1An SMS and email alert to go to Marty and Firstflex BDM (of customer) to inform them a high priority order has been created for the high priority customerAn SMS and email alert to go to warehouse mobile and Franks email to inform a high priority picking slip is printedHigh Priority picking slips to be printed on pink paper via designated printer for easy identification",Q:\Procedures\Sales\759S SET UP High Importance Orders.docx,"priority, customer, high, jimmy, marty",Setup guide for categorizing and flagging orders marked as high importance.
760S Procedure for high importance orders.docx,"Internal Sales team is advised that there is a customer put on “high priority” and extra care is to be taken to eliminate mistakesAlert is sent to Marty and Firstflex BDM to advise of a high importance customer orderInternal sales person punching the high importance order must have checked with customer (if there are anomalies with the order e.g. wrong price, cut lengths, special delivery etc.) that the order meets customer requirements. This is to be done by phone, if they cannot get hold of the correct person via phone then an email is to be sent to the person ordering the productHigh importance order is punched and printed onto pink paperMarty is to check the high importance order and take to the warehouse to give to Frank OR Ernie (2IC) if they are not there Marty will put into high importance order trayWarehouse manager or 2 IC must ensure that order is correct and meets customer requirements, Warehouse manager or 2 IC must be the last to check order before it leaves Firstflex warehouseOnce a high importance customer has been put on to status 1 they will remain there until advised from Jimmy or Marty, period should be no longer that 2 months or longer if special circumstances prevail“Pink” high importance orders are designed to eliminate mistakes for customers that have had multiple mistakes with previous orders, this system is designed to highlight this and to take extra care in getting the customers orders right for the next period of time. Mistakes on high priority orders will be recorded and reported on at HOD meetings and the person will be accountable for the mistake",Q:\Procedures\Sales\760S Procedure for high importance orders.docx,"order, high, importance, customer, person",Instructions for handling high-priority customer orders or VIP accounts.
800a Powerlock Codes & Pricing.xlsx,,Q:\Procedures\Sales\800a Powerlock Codes & Pricing.xlsx,,
ALI GOLD TRIPS.docx,,Q:\Procedures\Sales\ALI GOLD TRIPS.docx,,
Copy of FIRSTFLEX RUNPOTEC INTERNAL PRICE LIST SEP 2024.xlsx,,Q:\Procedures\Sales\Copy of FIRSTFLEX RUNPOTEC INTERNAL PRICE LIST SEP 2024.xlsx,,
Copy of reports index.xlsx,,Q:\Procedures\Sales\Copy of reports index.xlsx,,
Thumbs.db,,Q:\Procedures\Sales\Thumbs.db,,
Path link,,Path,,
400SM Sitemate Quality Control Procedure .docx,"SM Boxes QC Process:Remove required sample size from the shipment as per the amount on the shipment document.Send sample size to Assembly Area for QC checking.Assembly to carry out the Quality Control check as per document XXXXXXSM83Remove required sample size from the shipment as per the amount on the shipment document.Send sample size to Assembly Area for QC checking.Assembly to carry out the Quality Control check as per document 402SM.SM Lighting QC Process:SMTL20025IEC16Remove required sample size from the shipment as per the amount on the shipment document.Send sample size to Assembly Area for QC checking.Assembly to carry out the Quality Control check as per document 401SM.Once quality check has been completed:Return the completed QC Document to the Purchasing Department, notifying them of the result.If there are quality issues found, notify the Purchasing Department and Sitemate Manager. Place the shipment on HOLD until further notice.NOTE: In circumstances where a box is required immediately for dispatch from a recently received shipment, please see Electrical Production Manager or the Sitemate Manager. ",Q:\Procedures\Sitemate\400SM Sitemate Quality Control Procedure .docx,"shipment, document, sample, size, assembly",General quality control procedures used for Sitemate products.
401SM - SMTL20025IEC16 Quality Control Check.docx,"Shipment Inspection Document for SMTL20025IEC16.InstructionsRandomly select 5pcs from the shipment. Ensuring they are from different pallets and perform checks below. Enter Purchase Order number/Batch Number below.PO#...Item Code Details Pass Fail Comment 1Packaging and Packing Material CheckPackaging missing local language of the destination. See Fig 2.Packaging missing “Country of Origin” marking. See Fig 2.Packaging missing importer logo marking (Sitemate Power Systems). See Fig 2Missing or Illegible printing on packaging. Must match Packaging Design See Fig 2.No sharp hazards or sharp edges on packagingBroken, cracked, damaged, serious deformation on packagingDirt or stain marks on packagingWrong material, incorrect packing method.Packaging not sealed securelyMissing carton dividers. See Fig 5.No unacceptable packing material to be present. No organic materials ie. Straw, hay, chaff, wood chip, peat or used cartonsNo polystyrene packagingMissing “User Instructions” A5 Sheet. 1 per carton. See Fig 3.Item packed as per diagram. See Fig 4.2Physical  AppearanceProduct does not conform visually to approved “Golden Sample” supplied. See Fig 7.No incorrect parts used that do not match “Golden Sample” See Fig 7.General appearance issue, product must not have any surface scratches, blemishes, chips, dents, marks, stains, discolouration, deformities, unmatched texturesWelding of protective cage. Must not have any weld flash, slag,  slag inclusion, craters, porosity, burn though, pits and incomplete fusionBlack Suspension Loop, Must not have any short injection, no flash, flow mark, discolouration, white mark, stain mark, dent damage, warpage, pits, scratches, cut marks, burn mark, shrink mark. Must have smooth gate.Yellow Light Base, Must not have any short injection, no flash, flow mark, discolouration, white mark, stain mark, dent damage, warpage, pits, scratches, cut marks, burn mark, shrink mark. Must have smooth gate.Item code                                               DetailsPassFailCommentYellow Light Base. Colour to match “Golden Sample” See Fig 7.Construction issues. No detached, lose or missing componentsConstruction issues. No dis-alignment, gaps or offset components.Cable print markings as per requirements. See Fig 8.Laser Marking. All laser marking to be clear, central and parallel with the edges. See Fig 10. (sample photo of correct & incorrect marking) Laser Markings. All laser markings to match design and artwork provided. See Fig 9. Laser Markings. All laser markings to have a consistent position in orientation throughout each string. ie. All logos must face same direction. See Fig 16.Batch Number must be the same as the Purchase order number. Refer to Purchasing Office for purchase order.Orange “Do Not Interconnect..” adhesive labels. Must be placed on cable along perforated line indicated on label. See Fig 11.Labels must not overlap or appear uneven in appearanceNo sharp points or sharp edgesNo sharp foreign object contamination No sanitary/biochemical hazard issue present. This includes insects, unpleasant odour, mould, mildew, rot issue or similar foreign object contaminationAll lights must appear to have uniform colour and brightness when power on.Sign:Date:Fig 1. Product MeasurementsFig 2. Packaging DesignFig 3. User Instructions A5 SheetFig 4. PackingFig 5. Example of Carton Divider and Correctly Packed cartonFig 7. Golden Sample  UPDATED PHOTO REQUIRED FOR VERSION 2 FILE.Fig 8. Cable MarkingFig 9. Laser Markings DesignFig 10. Laser Marking Quality.ACCEPTABLE LASER MARKINGS ABOVEFig 11. Orange “Do Not Interconnect...” Adhesive Label  WILL CHANGE TO CABLE TIE TAG FOR FUTURE ORDERS. Fig 16. Laser Marking Consistent Orientation All logos must face the same direction on the chain as per example below",Q:\Procedures\Sitemate\401SM - SMTL20025IEC16 Quality Control Check.docx,"fig, laser, mark, markings, marking",Inspection checklist for the SMTL20025IEC16 item or process.
402SM - SM83 Quality Control Checks.docx,"Shipment Inspection Document for SM83.InstructionsInspect all items from the shipment and perform checks below. Enter Purchase Order number below. PO#...Item Code Details Pass Fail Comment 1Switchboard Physical  AppearanceSocket outlet arrangement and socket numbering sequence is as per photos. See Fig 1, Fig 2, Fig 3.Cable Retention handles to be installed in same position as photos. See Fig 4.General appearance issue, product must not have any surface scratches, blemishes, chips, dents, marks, stains, discolouration, deformities, unmatched textures.Ensure Bremca Declaration Of Conformity label is installed on the interior of the switchboard door. See Fig 5.Ensure Bremca has supplied Operation & Maintenance Manual sheet and it is installed inside Switchboard door. See Fig 6.Ensure Test report has been supplied with the order. Check our order is referenced on the test report. See Fig 7.File Test Report in Q Drive.SITEMATE/QC REPORTS/BOXES/INSPECTION REPORT/create new file using our order number.Switchboard interior to be clean and free of foreign objectsSwitchboard exterior to be clean and free of foreign objects.Check Earth Lead is fitted and connected to the frame. Check the Lead it is fitted with flexible conduit to protect cable and is fitted with a gland. Ensure conduit does not go through gland. See Fig 8.Check Door Retention device is installed. See Fig 9.Other labels. See Fig 11.SM83 Standard internal example. See Fig 12.SM83 DM internal example. See Fig 13.SM83 Crane Supply internal example. See Fig 14.2Frame Physical  AppearanceGeneral appearance issue, product must not have any surface scratches, blemishes, chips, dents, marks, stains, discolouration, deformities, unmatched texturesWelding of protective cage. Must not have any weld flash, slag,  slag inclusion, craters, porosity, burn though, pits and incomplete fusionEnsure wheels fitted to frame are solid rubber type. See Fig. 10Sign:Date:Fig 1. 15A Single Phase Sockets Fig 2. 16A Single Phase Sockets           Fig 3. Three Phase SocketsFig 4. Cable Retention Handle Positioning.Fig 5. Declaration of Conformity Label.Fig 6. Operation and Maintenance Manual SheetFig 7. Test report Our Purchase Order NumberFig 8. Earth Lead. Earth connection to FrameFlexible conduit protecting leadGland through switchboardConduit does not enter glandFig 9. Door Retention DeviceFig 10. Frame Wheels Fig 11. Internal Labelling: Bremca Tested label/Fig 12. Standard supply internal example/ Fig 13. SM83DM Direct Metering supply internal example/ Fig 14. SM83C Crane Supply internal example/ ",Q:\Procedures\Sitemate\402SM - SM83 Quality Control Checks.docx,"fig, internal, example, report, order",Quality control checks specific to the SM83 product or component.
442SM SMTL20025 QC Inspection vs2.docx - Shortcut.lnk,,Q:\Procedures\Sitemate\442SM SMTL20025 QC Inspection vs2.docx - Shortcut.lnk,,
Path link,,Path,,
354W Forklift.pdf,,Q:\Procedures\Warehouse\354W Forklift.pdf,,
368W HOW TO REMOVE LOCATION FROM LOT NUMBER.docx,,Q:\Procedures\Warehouse\368W HOW TO REMOVE LOCATION FROM LOT NUMBER.docx,,
450W Task Analysis - Winding Machine.pdf,,Q:\Procedures\Warehouse\450W Task Analysis - Winding Machine.pdf,,
610A Entering Stocktake Sheets Into Pronto Procedure.doc,"1 # Clear Whole Stocktake File  This must be done prior to every stocktake. Put you start Item code and End item code in, for the Firstflex annual stocktake enter the first item code and last item code in Pronto this will clear every code in Pronto.  Start warehouse and End warehouse will be W1 Click OK2# Prepare Stocktake  Entre Stocktake control, this number will be your reference for the stocktake you are about to do. Enter a range of item codes to be included in the stocktake, for the Firstflex annual stocktake enter the first code from pronto and the last code from Pronto. Complete the process by tabbing through making sure each letter/number is the same as be below window.3# Enter Stocktake Counts  Enter the stocktake control number then enter the range of item codes to be included in the stocktake under Start item code and End item code. To complete the process enter N then S in the bottom box.Example: If you are only entering the CT cables you would put CT under Start Item Code and End item Code, Other people can enter different stock counts under the same control number.4# Enter the physical count from the stock take sheet into the Actual Count Qty: making sure it matches up with the corresponding Item code/Lot number then press enter to confirm.The next stock entry will be ready to enterDifferences Report1# Enter Stocktake Control (2015)2# Enter (N)3# Enter item codes start and end you want to check.4# Enter W1TAB to All items counted enter (Y)5# TAB to finishLoad amended/new item counts and also check stock progress                 CONFIRM STOCKTAKE COUNTSINVENTORYINVENTORY TRANSACTIONSTOCKTAKEMAINTAIN STOCKTAKE CONTROLGL UPDATE INVENTORY LEDGERSTOCKTAKE NUMBERYESCOUNTER(PERSON DOING THE COUNT)COUNTER (AGAIN)YES (ARE ALL COUNTS ENTERED)YES (UPDATE BIN LOCATION)YES (UPDATE STOCKTAKE DATE)ENTEROKAYOKAYOKAY",Q:\Procedures\Warehouse\610A Entering Stocktake Sheets Into Pronto Procedure.doc,"stocktake, enter, item, code, number",Process for entering stocktake sheet values into Pronto post-count.
801W Operations & Maintenance Procedure.docx,"Start of dayGet the roller door key from the Distribution Managers drawer and open BOTH roller doors.The Distribution Manager will advise the team of the plan for that dayMonday only  Clean ink printer (one staff member only, refer to form 413)Go to jets on printer and wash with MEK.  Wash wheels with MEK giving a general overall clean. Start-up printer (must wear mask/glasses and rubber gloves).  If there are any faults, refer to the instruction manual. If the fault continues, notify the Operations Manager.Clean/lubricate all three winder clamps and lifters (one staff member only).Forklifts Always have forks flat on ground when not in use and use horn when cornering.Turn off forklift if not in use as the hour meter ticks over. Take forklift off charge (if charged overnight).Get the key from the Distribution Managers drawer and turn on the hoist.The operator must complete the pre start checklist at the start of each day, initialling each check box, prior to using the fork lift (form 418)The operator must advise the supervisor immediately if the man up or hoist needs any repairs.The Distribution Manager will review the checklist and sign off at the end of each week.The hoists are to be charged every Friday in preparation for the weekly maintenance checks done every Monday morning.The hoists are to be charged any other day as required. Weekly maintenance checks are to be done every Monday (form 413). Water levels should be checked and filled with only deionised water if needed (see doc 802).OtherThe driver will assess which orders to pick first.Run downs can only be actioned by the Distribution Manager or Operations Manager.The Maintenance Plan is to be completed and signed off quarterly by the Distribution Manager (form 414).Only the Firstflex logo are allowed on drums dispatched. Remove any stickers and tags and paint over any logos that are from other companies.Labels must be stapled to wooden drums so they dont fall off.The Firstflex logo needs to be painted on wooden drums using our stencil.  After a drum has been rolled down take off feet and put in feet bin.  Paint over any logo and put in appropriate place.  The Warehouse is to be clean and tidy at all times - make time to clean up before going home.Quality Control If you find any defects in sheath of cable or any other manufacturing faults with products, advise Distribution Manager immediately.  The Distribution Manager will view the problem and if necessary will notify the Purchasing Manager. ",Q:\Procedures\Warehouse\801W Operations & Maintenance Procedure.docx,"manager, distribution, clean, start, form",Operations guide covering routine maintenance and general facility procedures.
802W Fork Lift Batteries Top Up Procedure.docx,"Important Notes:Lower fluid levels may reduce the battery capacity and reduce the service life of the battery.Higher liquid levels may lead to electrolyte overflow when charging, which may cause corrosion to the battery compartment or the vehicle.The hoists should be put on charge every Fridays at the end of the day so they are ready to be topped up on Monday morning.Do not tip the liquid content from the bucket onto the concrete as it will leave a permanent acid stain.PPE gear, gloves and glasses must be worn at all times when using the battery water refill equipment.Before you begin check the condition of the cable leads, cells and especially dry acid build-up.Report any issues to the Warehouse Manager.If the red buoy is not floating, top up the cells with distilled water from the bucket.Correct Water Level: The white line should just be showing. This is also visible through the transparent filler caps. Top up the battery cells using the jug and funnel or the hand pump.If you over fill or find the cells are already over filled, you must remove the excess water.Wrong Water Level: The white line on the buoy is fully showing.Excess battery water must be sucked out with the hand pump and put back into the distilled water bucket.",Q:\Procedures\Warehouse\802W Fork Lift Batteries Top Up Procedure.docx,"water, battery, cells, bucket, level",Maintenance procedure for checking and topping up forklift battery levels.
803W Dispatch Process - NEEDS UPDATING.doc,"Order Entry: LOT-Tracked orders and combined orders (Lot and Non-Lot tracked items) to be placed in the appropriate tray for main picking to proceed NON-Lot tracked orders to be placed in the “Picking only tray” for Picker#2 to proceedMain Picker/Driver: Lot tracked cablesWill pick and load up cables behind lifters depending on the urgency of the order. Combined orders, Non-Lot Tracked items to be picked once the cable has been cut.Picker #2/Accessories: Non-tracked items.Non-tracked orders only to be picked and placed on the packing bench.Winders:Once the cable has been cut it is to be placed on the bench to be checked. If the order is a combined order, advise Picker #2 to proceed to the next step.  Packer(s)  Bench:NON-Tracked and completed cable orders to be checked, packed and made ready for pickup.Combined orders to be regularly checked. Once both NON-Tracked and Tracked items come together, checked, packed, made ready for pickup.The Distribution Manager will check Warehouse packing slips once completeDistributionNZC first pick up is 10  10:30 am latest for same days and again at 5pm for overnights.A collect is whatever time specified.When wholesaler is collecting cable (etc) get them to sign and print their name on the collected goods book.  Cut off times (any goods to go after these times will have to be confirmed by Frank/Fred)NZC 4:00pmTRANSFREIGHT 10:00amMAINFREIGHT/OWENS 1:00pm / 2:00pm",Q:\Procedures\Warehouse\803W Dispatch Process - NEEDS UPDATING.doc,"tracked, orders, non, lot, order",Describes how orders are prepared and dispatched — flagged as needing updates.
804W Lot Number Changes Procedure.doc,"If an allocated lot number cannot be found:Check Pronto to see what is available. Ask the Distribution Manager or 2IC to take a second look for the missing drum (only spend a max of 10 minutes looking).If the allocated drum cannot be found the main picker will adjust the picking slip and allocate a new lot number before the cable has been cut. ONLY use a lot number that is available and is easy to locate.Put the lot number on HOLD in Pronto for the drum you are unable to locate, you must select a Hold reason and add Hold details when doing this.Hold Reason: HD “Hold for update”Hold Detail: Your name and “Doug Check” (refer to example below)Once adjusted, re-print the Picking slip and proceed with the order.On the original picking-slip write down the following.The New lot-number and the length allocated.The reason for changing to this new lot-number (Example: Not found/Bulk Reel Change/Damaged etc)On HOLD Doug will investigate all changes made.Note: If the picking slip is not adjusted, the incorrect information will be displayed in Pronto, making it hard to track if required",Q:\Procedures\Warehouse\804W Lot Number Changes Procedure.doc,"hold, number, lot, slip, picking",Explains how to update or change lot numbers in inventory tracking.
805W How to Pick and Pack Orders Procedure.docx,"Cable InformationAll cable leaving the premises must have a brand / size / voltage embossed or printed on the cable unless on the exceptions list below: SIHF / SICY HCT / HCS / HCSF / HCTCY / HCSCY / HCTF / HCM / HCMHF / HCMHFX / HCK6HCY / HCP / HCG3 / HCE3 / HCG1 / HC3CV7CMS / MTS / MBS / MFE / MTRAll extra low voltage cables which are wound onto drums must not leave the premises without a “Caution not suitable for mains connection E.L.V. only” sticker placed on the drum. Dan to check thisAll cable must be meter marked if over 30 metres in length, unless otherwise stated. All cables that are metre marked must have a start and finish length recorded on the curve label. Cables are to be printed in black only. How to wind and package cable:Find an appropriate drum to suit the type of cable to be wound off: Ensure the bending radius of the cable suits the bending radius on the drum. Put multi core, screened and SWA cables on drums with big bores to prevent breakage or on hand winder then wrap with plastic wrap. Ignoring the bending radius on SWA cables will cause severe defects to the cable once it is pulled off the drum.Once the drum is mounted onto the cable winder, pull the cable through the metre mark counter and secure it tightly to the drum.  Wind the cable on to the drum.If cable is being printed be careful on speed so as not to distort printing.Cable rolls must not exceed the outer flange diameter of the cable reel.Short lengths of small cable can be pulled manually through meter counter.Use the hand winder for short lengths of larger cables and SWA.  Cut off the desired amount, tie plastic wrap to end of the cable and wrap around 3 -4 times.If cable is meter marked, always cut on the meter marks (as long as meter marks are correct and accurate).If rolling 20m or less of cable, shrink wrap the cable, then tape or cable tie the ends. If the hand roll is small, pack it into a suitably sized box. How to pick accessories and non-lot tracked cable:Go to the allocated bin location displayed on the PICKING SLIP and pick corresponding components with order.  Use separate plastic bags for each different product and label each bag. Conduit Lengths must be in manageable weight bundles, securely taped together with address secured onto bundle with plastic wrap. All conduit lengths are sent via Mainfreight, Transauck and Owens (unless collected).  Packing slip to be stuck and taped on with clear tape. Galvanised FittingsPack smaller conduit fittings into separate plastic bags for every different product, packed well (not loose) and boxed.  The Distribution Manager (or 2IC) will advise whether boxed conduit fittings or other boxed accessories should be attached to the conduit or not for truck freight. All galvanised fittings and accessories must always be rust free when dispatched.To clean fittings before dispatch, use the wire brush nozzles to remove any rust (nozzles are located on the work bench).Flexible Conduit (metal or PVC)Place flexible conduit on metre marked floor or pull it carefully through the meter counter and cut to ordered length.Cut by grabbing with both hands and snapping, then snip the conduit between the 2 breaks.If flexible conduit is PVC coated (GFCP) or GFCLT, you will need to neatly cut the PVC with a knife first.Pack in the appropriate bag, box or on a reel.Individual Duties:Order Entry: Process the order and put the paperwork in the appropriate tray.Main Picker / Driver:Pick and load up cables behind lifters depending on the urgency of the order. Combined orders - Non-Lot Tracked items to be picked once the cable has been cut. Does the main picker do this?Picker # 2/Accessories: Pick non-tracked orders only and place goods on the packing bench.Winders:Wind and cut the cable, then place on the packing bench to be checked. When a combined order, advise Picker #2 to proceed to the next step.  Is the next step picking accessories?Packer(s)  Bench:Check all items on the packing bench against the picking slip. Ensure you check the item code, colour (if applicable) and quantity so the correct goods are sent.Tick each item on the picking slip as you check and sign the picking slip once checked and correct.Package goods securely, put the packing slip into a packing slip sleeve and attach to the goods.Print an address label and attach to the box(es) and / or drum(s)  see 815W, 816W and 817W.Combined orders to be regularly checked. Once both NON-Tracked and Tracked items come together, checked, packed, made ready for pickup.",Q:\Procedures\Warehouse\805W How to Pick and Pack Orders Procedure.docx,"cable, conduit, drum, cut, slip",Covers how to accurately pick items from stock and prepare them for shipment.
806W Inwards Goods Procedure.docx,"Receiving goods:Check for damage.  If the goods are damaged, note the type of damage on the carriers consignment note e.g. broken drum, damaged cable etc.Check the correct number of pallets and/or cartons have been delivered.Sign for the goods after you have checked for damage and all parcels are accounted for.If signing for goods but you are not in the Inwards Goods team, notify inwards of their arrival and location.Once the carrier has departed: Check all goods are correct as per the “pre shipment list”.  Packing slips need to be verified by Warehouse Manager against “pre shipment list” and signed.  If the packing slip is missing from shipment, contact the supplier requesting they send us one ASAP. Sitemate Order: Refer to Sitemate Quality Control Procedure 400SMCable samples: confirm with the Operations Manager if samples are required. Place the samples in a small box or bag and label with vessel name or shipment code. Give the samples to the assembly team for a full general check.  If a problem is found, quality control needs to be involved.Once goods have been checked off against the packing slip, give all paperwork to the Purchasing Supervisor.Small inwards goods orders: put directly into the inwards goods area.Goods from large overseas orders: keep together until checked.Galvanised fittings & tools for galvanised use (bulk shipments): a sample of each type needs to be passed onto the purchasing officer for a general check. Curly cords: advise the Purchasing team of their arrival so they be checked at the packing bench.If a problem is found the Purchasing Manager (Rissie or Bruce??) needs to be involved.Goods returned for credit: Check length and / or quantity of goods returned. Write what the customer has physically returned in the returns book.  Remove the top copy and attach to the GRA paperwork.Give the paperwork to the Administration team so the credit can be processed.This should occur within 2 working days.At the end of the month these need to be receipted in immediately and given to the paperwork given to the Admin team for processing.NOTE: In circumstances where cable is required immediately for dispatch from a recently received shipment, please see Operations Manager.",Q:\Procedures\Warehouse\806W Inwards Goods Procedure.docx,"goods, check, shipment, team, packing",Procedure for receiving and logging goods delivered to the warehouse.
807W Cable Printing Procedure - NEEDS UPDATING.docx,"This procedure is to be followed unless otherwise confirmed in writing by the Operations Manager, General Manager or Managing Director. If a cable has no printing or embossing, refer to the cable printing templates below for printing formation. If the cable requires printing and is not on the cable printing templates, written/emailed confirmation is required by the Operations Manager, Managing Director or General Manager.NOTE: If we are printing FIRSTFLEX it must be printed as ONE word.CABLE PRINTING LIST EXCEPTIONSSIHF / SICY / MST000.5 & MST000.75 (DUE TO THE OVERALL DIAMETER)HCT / HCS / HCSF / HCTCY / HCSCY / HCTF / HCM / HCMHF / HCMHFX / HCK6HCY / HCP / HCG3 / HCE3 / HCG1 / HC3CV7CMS / MTS / MBS / MFE / MTRCABLE PRINTING TEMPLATES If cable has no printing the printing will need to be signed off by Operations Manager.CABLE PRINTER MAINTENANCE The cable printers must be cleaned, flushed and turned on every Monday morning. This process is to be logged in the Maintenance procedure (refer to form 809).",Q:\Procedures\Warehouse\807W Cable Printing Procedure - NEEDS UPDATING.docx,"printing, cable, manager, templates, operations",Instructions for printing cable labels; may require revision due to outdated steps.
808W Error Incentive Procedure.docx,This will be based on an individual $100 nett monthly performance incentive.This incentive will be reported by Operations Manager at the monthly Warehouse meeting. This will be paid monthly.BONUS PROCEDUREThe monthly KPI target for each individual is below.  If this target is achieved you will get $100 nett.For every mistake after that you will lose $50.Dispatch Manager and 2IC will receive an additional $100 nett if the total Warehouse/Dispatch errors are under 18 per month.0 Errors1 Error2 Errors3 Errors4 ErrorsTotal under 18 p/mDispatch Manager & 2IC$100$50$0$0$0$50Warehouse Storeman$100$50$0$0$0Inwards / Inventory$100$50$0$0$0This new error incentive will coincide with the implementation of the Firstflex Error Action Report & “Firstflex Error Action Report” STAMPThe employee who is notified of the error will advise the Internal Sales Manager as soon as an error is reported.  The Internal Sales Manager will advise that employee of the steps to fix the error and notify the Error Action Reporter who will initiate the “Firstflex Error Action Report” by stamping (error stamp) on a copy of the Warehouse Picking Slip. The “Firstflex Error Action Report” must be signed by each person involved in the error and handed back to the Internal Sales Manager with the copy of the Warehouse Packing Slip and Original Order attached.Once the Error has been resolved the “Firstflex Error Action Report” needs to be given to the Distribution Manager who will file and report to the Operations Manager each month.NOTE: The “No Error” incentive can be changed or cancelled at any time at the sole discretion of the company.“Firstflex Error Action Report” STAMP                                           /,Q:\Procedures\Warehouse\808W Error Incentive Procedure.docx,"error, manager, report, action, 100",Outlines how staff performance errors are tracked and linked to incentive structures.
810W FirstTest Testing Plan.docx,"Test PreparationSamples will be selected from shipments based on the FirstTest Testing Plan. The plan is located in the following location: Q Drive / FirstTest / Test Plan Cable Series  Insulation & Sheath. There will be changes made to the plan when unplanned testing may be required. This will be updated by the Operations Manager and Test leader.Sample series and sizes will be picked based on the FirstTest Testing Plan, timing of test and the next incoming shipment list that is available from purchasing. Preferably select cable conductors size around 4mm to 6mm.  The Operations manager and Test Leader will pick which cables series and sizes to test. This list must be given to inwards who will cut the samples and amend the Lot numbers. 2mtre samples are required.Print off the Test Report Guide that relates to the series and size to be tested. The plan is located in the following location: Q Drive / FirstTest / Test Reports.Fill out the details at the top of the report that relates to the shipment the samples were taken from.We have a Test Report Guide for each item code. The cable series, size and number of cores will determine how many tests must be completed. Example: MCH7/1.5SWA you will only test two cores, not seven. Once all test values, notes and conclusions are recorded, scan a copy and send it to your email address. Open the PDF document from your email and save it in in the following location: Q Drive / FirstTest / Completed Tests. Use the item code and shipment P/O number as the File Name.Any test that has failed must be reported to the Operations Manager. The corresponding drum must be placed on HOLD in Pronto and a yellow sticker put on the drum. The Operations Manager will contact the manufacturer and advise set steps.Cable Sample Preparation6 samples from the same sheath and/or insulation must be prepared, depending on the test. 3 samples for the aging oven, elongation and tensile test. 3 test samples are required to get a positive result.3 samples for Non aging oven, elongation and tensile test. 3 test samples are required to get a positive result.Refer to AS/NZS1660.2.1 standards for preparation requirements.1 sample of each core must be prepared for the conductor resistance. This sample must be 1.2 meters in length. Refer to Conductor Resistance Test Procedure. 1 sample of the insulation and/or 1 sample from the sheath must be prepared for the Profile Projector. Refer to Cable Profile Projector Test Procedure ",Q:\Procedures\Warehouse\810W FirstTest Testing Plan.docx,"test, samples, sample, plan, cable",Testing plan for FirstTest — possibly QA or product validation.
813W Third Party Bulk Storage Procedure.docx,"The WB items (Warehouse Bulk items) report explained.Item Code:Firstflex item codeQTY Held:QTY internally reserved in ProntoHold Details:Pallet NumberQTY Available:QTY at Firstflex warehouse (W1)Avg Mth Demand:Average sale per monthDays on Hand:The average days of stock we have in W1In Trans: QTY in transit Next Stock Arrival: Date of transit arrival OperatorsOperations Manager: DanInventory Controller: Doug, backed up by Distribution Manager, Internal Sales ManagerInwards Coordinator: Carlos, JohnCustomer Order ReturnsDetermine if the customers order needs to be delivered to Firstflex on a standard or urgent service.Urgent service will cost approximately $200Open the WB report in Pronto: Inventory / WB ItemsExport the WB items report to an Excel spreadsheet by clicking on the Excel tab at the top of the pageCopy the Item Code, Qty. Held, Lot Reference and Hold Details (pallet number) and paste onto an email. / Email Stacie CWSTEAM@tristar.co.nz to arrange delivery of goods to Firstflex Warehouse (W1). A purchase order must be provided and a copy off the email for Inwards to check fromGive Inwards Coordinator the same list (email copy) so they can check goods off once arrived. Advise Inwards that this is for a customer and must be treated as HIGH priority Once the goods have arrived the inwards team will check in the items using the email copy, then give the copy to the Inventory controller to release goods..If correct, release from WB Items internally reserved. Refer to page 5 “Releasing an Item off internally reserve as a WB item” Once released in Pronto give the original order to Order entry to produce a picking slipWB Weekly Report (Can only be actioned by Inventory Controller “Doug” or Operations Manager “Dan”)Open the WB report in Pronto: Inventory / WB ItemsExport the WB items report to an Excel spreadsheet by clicking on the Excel tab at the top of the pageSort Days on Hand column from lowest to highest. Any item with less than 10 Days on Hand should be returned to W1 (ignore any negative and 0 stock items) Email Stacie CWSTEAM@tristar.co.nz to arrange delivery of goods to Firstflex Warehouse (W1). You will need to supply the following details for every item to be delivered to W1: Item Code, Lot reference, Qty and Pallet Number. You dont need to email Morgan the Lot numbers of pallets with multiple drums. (Example: FT5103ES  20 x 500m PT124) is ok. A purchase order must be provided.Give Inwards Coordinator the same list so they can allocate space.Once the goods have arrived, the Inventory Controller must check that Tristar has delivered what is on the list.If correct, release from WB Items internally reserved. Refer to page 5 “Releasing an Item off internally reserve as a WB item”  Shipments Prior to shipment arriving, decide what stock should be allocated to Bulk store (Inwards Coordinator and Operations Manager to determine)Give the list to Inventory Controller who will allocate pallet numbers that are available. Export the WB items report to Excel. Sort Hold Details column from lowest to highest. Pallet numbers that are not on this list are available to use.Inwards Coordinator can then print A4 pallets numbers (example PT004) and placed clearly on the front of each pallet. (Total Pallet height must not exceed 150cm and be of Firstflex lockable type)The Inventory Controller must internally reserve goods as a WB item once the Purchasing department has advised them that the shipment has be booked in (so stock does not get allocated for customer orders)Inventory Controller needs to email Stacie CWSTEAM@tristar.co.nz the item code, Lot reference, Qty and pallet number of each item that needs to picked up and delivered. A purchase order must be provided.You dont need to email Morgan the Lot numbers of pallets with multiple drums. (Example: FT5103ES  20 x 500m PT124) is ok      Internally reserve stock as a WB item (Can only be actioned by Inventory Controller “Doug” or Operations Manager “Dan”)Inventory / Inventory Transactions / Quality Inventory Menu / QA Release Held ItemsEnter the Item codeClick OKSelect the Lot and QTY you want to hold Click HoldHold Reason = WB (for “Warehouse Bulk”)Hold Detail = the pallet number (must be three digits. E.g. Pallet 34 will now be PT034)Releasing an Item off internally reserve as a WB item (Can only be actioned by Inventory Controller “Doug” or Operations Manager “Dan”)Inventory / Inventory Transactions / Quality Inventory Menu / QA Release Held ItemsEnter the Item code click OKSelect the Lot and QTY you want to release Select ReleaseConfirm Qty to release is correct click OKItem will now be available on hand to sell",Q:\Procedures\Warehouse\813W Third Party Bulk Storage Procedure.docx,"item, inventory, pallet, controller, qty",Storage process for bulk goods managed by third-party providers.
814W Warehouse Back-up Roster Procedure.docx,"Backup Roster for Unplanned LeaveWarehouse StaffInwards StaffFrank (Dispatch Manager)CarlosAli (2IC)JohnAdam BrentErniePatienceTonyWaylynBack up for Warehouse RosterOne absentTwo absentThree absentFour absentFrankPart timePart timePart timePart timeShane Full timeFull timeFull timeJohn Full timeFull timeCarlosFull timeNext in line (Packing Only)Any available internal and assembly staffBack up for Inwards RosterOne absentTwo absentTonyFull timeNote:This is only a guide and will be determined at the time, it will depend on order flow, time of month and staff availability. Planned “Annual Leave” backup will be discussed once leave has been approved",Q:\Procedures\Warehouse\814W Warehouse Back-up Roster Procedure.docx,"timefull, timepart, backup, rosterone, absenttwo",Procedure for organizing backup staffing for warehouse operations.
815W Transfreight Truck Orders.docx,"Booking Transfreight OrdersOpen the Transfreight booking portal and login: https://test.icoslive.com/icoslivepreview/Username:FIRSPassword: FIRS364Click Accept and loginTo book a job, click on the Customer tab, then click Freight BookingThe Freight Booking  Create Booking screen will appear.Enter the following information in the top section:Pickup Ref: Employee booking the orderOrder Ref: Customer Order No.Delivery Ref: Our Picking Slip No.Shipper: Firstflex AddressConsignee: Delivery AddressEnter the following information in the General TabQuantity: The number of full pallets, large wooden drums, etc. Commodity: Type of delivery service. Default is EA ECON PALLET.Description: Goods being dispatched e.g. Drum, Cartons, Din Rail, Pipe, PVC PoleKgs: Combined weight per pallet spaceCubic: Combined size per pallet space or individual item (L x W x H) Click: Save BookingPlease Note:All EXPRESS deliveries must be approved by Customer Service. Each pallet space taken up on the truck must be entered on a separate line.Be specific with the description i.e., 4m pipe, drum of cable, 2m din rail etc. Each line represents 1 x pallet space, standard pallet 1.2m3x1.0m3Print address labelsClick on the drop box in the bottom left hand cornerClick on Print Labels. The Enter label quantity pop up box will appear.Type in the number of labels required. You will need 1 label for every line on the freight booking.The Print pop up box will appear. Ensure the Printer details are correct and print. Write details on the “Transfreight Daily Consignment Register” for the driver to sign.",Q:\Procedures\Warehouse\815W Transfreight Truck Orders.docx,"booking, pallet, space, appear, freight",How to manage orders going out via Transfreight trucks.
816W Mainchain Procedure.docx,"Go onto the Mainfreight/Owens Web portalhttps://www.mainchain.net/Monster.aspx?WindowIframe_home&b=Home.aspxType in the username and passwordLogin: orderentry@firstflex.co.nzPassword: firstflextruck1Click on Login. You will be taken to the Home page.Click on the Actions tabClick on Freeman Web NZ. The Select a Profile box will appearClick onto the appropriate freight company. Click OKNorth Island: Order Entry - MainfreightSouth Island: Order Entry - OwensYou will be taken to the main Consignment screen (see picture below).Entering a new consignmentClick on the Code field and enter the Customer short code e.g. Corys Kerikeri = COR KERI. The address details should appear. Click on the pre-set address.Tab to the Receiver ref field and enter the customers purchase order number.Tab to the Sender ref field. Type in your initials plus XX e.g. FIXX__Tab to the Num field and enter the number of itemsTab to the Description field. Type in the first letter of the goods being sent as per the code below then click on the option you need.B  Bundle of Steel Pipe (4m long)C  Carton of Electrical FittingsD  Drum of Electrical CableH  Handroll of CableP  Pallet of Electrical GoodsPVC  2m PVC White PipeS  SSR Special Service RequestT  Cardboard Tube (4m long)Tab to the M3 field and enter the cubic metres.Tab to the Kgs field and enter the weight in kgs.Note: You will need to enter a new line for each description of goods. Follow steps 8 to 15 if you need to add more lines.Click in the Note Num: field (next to AFL or AFO) and enter our order number (picking slip number). Click on the Quote tab to get a freight quote.Enter your initials and the freight quote into the Senders Ref field, rounding up to the nearest dollar e.g. FIXX33.Click Save & ExitClick onto the desired order and then click onto Print Preview.Print off a copy of the following:A4 Documents  the Drivers document (place in tray).Thermal Label - the address label for each item (sticker).Important!! Confirm the order in PRONTO and attach the Packing slip to one of your items.",Q:\Procedures\Warehouse\816W Mainchain Procedure.docx,"click, field, enter, order, tab",Logistics or system use guide for Mainchain freight solution.
817W NZC Procedure.docx,"Click on the NZC “DespatchIT” icon.User name:superPassword: moneyYou will be taken to the main screen.Click on “New ShipmentEither scan the barcode on the picking slip or manually enter the Picking slip number in to the “Enter Consignment No.” field.Check that the customer name and address are correct.Enter what size items are to be sent (carton, drum, rail, etc.). You can send multiple items under 1 consignment but need a separate label for each package. IMPORTANT. Check the final “Total Charge”If an order exceeds $50.00, give to internal sales to contact the customer and wait for instructions.Once okay. Print (F12) labels. Stick labels on to the package(s)IMPORTANT: When there are multiple packages, always make sure the ticket size (M3) matches the package you are putting it on. If the label size is too small for the package, we are charged extra.",Q:\Procedures\Warehouse\817W NZC Procedure.docx,"package, size, enter, click, picking","Same as above, but for NZC shipping procedures."
937IT - Change the  4th line on the drum lables.docx,Menu item is quick inventory maintenance/Click find and find the article you want then/Under Extra/Under notes/Quick inventory maintenance/Now edit it using correct,Q:\Procedures\Warehouse\937IT - Change the  4th line on the drum lables.docx,"quick, inventory, maintenance, menu, item",Instructions for editing or correcting label text on cable drums.
Thumbs.db,,Q:\Procedures\Warehouse\Thumbs.db,,
~$6W Inwards Goods Procedure.docx,,Q:\Procedures\Warehouse\~$6W Inwards Goods Procedure.docx,,
